date and time,Repeat num,Test num,x_end_avg,y_end_avg,z_end_avg,qx_end_avg,qy_end_avg,qz_end_avg,qw_end_avg
24-Jan-2024 17:07:44,1,1,-0.121456489463647,0.000787335414982711,0.301828217506409,-0.103453914324443,0.230938016374906,-0.227643219629924,0.940289036432902
24-Jan-2024 17:07:50,1,2,-0.108741147816181,-0.0423843709131082,0.297310403982798,-0.162628131111463,0.172448896368345,-0.228518604238828,0.944241861502329
24-Jan-2024 17:07:57,1,3,-0.0652959560354551,-0.0858970925211906,0.301666283607483,-0.2284815599521,0.0374915773669879,-0.216233949859937,0.948490019639333
24-Jan-2024 17:08:03,1,4,-0.075299363831679,-0.103257664541403,0.31267543832461,-0.303097647428513,0.0628551512956619,-0.215718064705531,0.926092211405436
24-Jan-2024 17:08:10,1,5,-0.0771331469217936,-0.126524956027667,0.32106711268425,-0.296919494867325,0.0293266353507837,-0.20702941318353,0.93172828356425
24-Jan-2024 17:08:17,1,6,-0.10103957504034,-0.102080426116784,0.33878346880277,-0.36754322052002,0.125403785705566,-0.210987458626429,0.897034108638763
24-Jan-2024 17:08:24,1,7,-0.124387872219086,-0.0706847101449966,0.328806004921595,-0.285418385267258,0.177977388103803,-0.217167068521182,0.916350849469503
24-Jan-2024 17:08:31,1,8,-0.154359858234723,-0.0300492828090986,0.338397588332494,-0.224415187040965,0.29381284515063,-0.22192599773407,0.90225301583608
24-Jan-2024 17:08:37,1,9,-0.192924291888873,-0.0336142448087533,0.354930188258489,-0.189819973707199,0.363340107599894,-0.241395090023677,0.879591198762258
24-Jan-2024 17:08:44,1,10,-0.164701862136523,-0.0265976211676995,0.34367450873057,-0.184545410672824,0.268133262793223,-0.227009635170301,0.917885529994965
24-Jan-2024 17:08:51,1,11,-0.139971310893695,-0.00433430379877488,0.345275030533473,-0.113521436353525,0.253815988699595,-0.234222642580668,0.931573915481567
24-Jan-2024 17:08:57,1,12,-0.15543271402518,0.00438551163921754,0.348643457889557,-0.089421168466409,0.309158126513163,-0.239557398358981,0.915989824136098
24-Jan-2024 17:09:04,1,13,-0.123894258836905,-0.0339333191514015,0.341112540165583,-0.133531537652016,0.236634447177251,-0.242977608243624,0.931200973192851
24-Jan-2024 17:09:10,1,14,-0.112418586015701,-0.023233725130558,0.339104098081589,-0.118506894012292,0.216488588849703,-0.238131775458654,0.939351944128672
24-Jan-2024 17:09:16,1,15,-0.117854148646196,-0.0447823765377204,0.33613293170929,-0.182276217142741,0.215948444604874,-0.234403768181801,0.930159413814545
24-Jan-2024 17:09:23,1,16,-0.0932042797406514,-0.0778272012869517,0.338814874490102,-0.219818456967672,0.119017901519934,-0.226096857587496,0.941485261917114
24-Jan-2024 17:09:29,1,17,-0.11238991767168,-0.0803062736988068,0.350037835041682,-0.224070809284846,0.140959532062213,-0.223895082871119,0.937972430388133
24-Jan-2024 17:09:35,1,18,-0.116528088351091,-0.135667691628138,0.368816020091375,-0.308595468600591,0.12683981359005,-0.223065650463104,0.915926976998647
24-Jan-2024 17:09:42,1,19,-0.0772983238101006,-0.0987577746311823,0.344581319888433,-0.249102560679118,0.0662082115809123,-0.219427934288979,0.940965350468953
24-Jan-2024 17:09:48,1,20,-0.076109125216802,-0.117333894471327,0.346610685189565,-0.289239424467087,0.0445504084229469,-0.212333177526792,0.932346737384796
24-Jan-2024 17:09:54,1,21,-0.0513837019602458,-0.118573592106501,0.34894831776619,-0.292007092634837,-0.0198787037283182,-0.20358967979749,0.934284655253092
24-Jan-2024 17:10:01,1,22,-0.0173397789398829,-0.147548577189446,0.359882650772731,-0.350214207172394,-0.100613526503245,-0.189825211962064,0.911698075135549
24-Jan-2024 17:10:08,1,23,0.028810170168678,-0.124975519875685,0.346588333447774,-0.308649198214213,-0.107355010012786,-0.22417388856411,0.91812672217687
24-Jan-2024 17:10:14,1,24,0.0474006066719691,-0.0965765590469043,0.341485059261322,-0.2789286673069,-0.116586943467458,-0.231500124931335,0.924669643243154
24-Jan-2024 17:10:20,1,25,0.0621066761513551,-0.0911177625258764,0.347611729303996,-0.271312999725342,-0.137803292274475,-0.231982803344727,0.923895760377248
24-Jan-2024 17:10:26,1,26,0.0670284713308016,-0.0493229600290457,0.335770138104757,-0.195601503054301,-0.160209645827611,-0.221622235576312,0.941783702373505
24-Jan-2024 17:10:33,1,27,0.0947638253370921,-0.0322356822590033,0.334228404362996,-0.179074266552925,-0.172040730714798,-0.234472879767418,0.939870699246724
24-Jan-2024 17:10:39,1,28,0.0407402897874514,-0.025313413888216,0.31920215288798,-0.187372043728828,-0.0744416082898776,-0.226804942886035,0.952842974662781
24-Jan-2024 17:10:46,1,29,0.0641974240541458,-0.00292035154998302,0.311966772874196,-0.113797850410144,-0.104185938338439,-0.221089023351669,0.962971981366475
24-Jan-2024 17:10:52,1,30,0.0645332137743632,0.0248671547820171,0.311688848336538,-0.0595502391457558,-0.0993147065242132,-0.216634061932564,0.969360645612081
24-Jan-2024 17:10:58,1,31,0.0705862710873286,0.0315027713775635,0.311222742001216,-0.0444365506370862,-0.107564902305603,-0.215216645598412,0.969606637954712
24-Jan-2024 17:11:04,1,32,0.0748559628923734,0.0570668595532576,0.311602512995402,0.0270193205525478,-0.105183945099513,-0.206264414389928,0.972451178232829
24-Jan-2024 17:11:10,1,33,0.0745872139930725,0.0408394443492095,0.311802095174789,-0.00512603602061669,-0.104654564956824,-0.208802959322929,0.972328396638234
24-Jan-2024 17:11:16,1,34,0.0358011682828267,0.0286513783037662,0.30818950732549,-0.0433522162338098,-0.0454825806121031,-0.208637695511182,0.975972493489583
24-Jan-2024 17:11:23,1,35,0.072253639002641,-0.00660219431544344,0.309971469640732,-0.113734565178553,-0.113933904965719,-0.219846106568972,0.962159677346547
24-Jan-2024 17:11:29,1,36,0.0684221123655637,-0.0297880838314692,0.317209968964259,-0.166031994422277,-0.174205317099889,-0.213633917768796,0.946808377901713
24-Jan-2024 17:11:35,1,37,0.0873376607894897,-0.0132171041642626,0.320663847525915,-0.134185024102529,-0.165927730997403,-0.220729411641757,0.951704216003418
24-Jan-2024 17:11:41,1,38,0.0728939071297646,0.0215117584913969,0.312023137013117,-0.0696600720286369,-0.105862009525299,-0.215603973468145,0.968222602208455
24-Jan-2024 17:11:48,1,39,0.0932320415973663,0.0645596315463384,0.32080485423406,0.0452583260834217,-0.114894425372283,-0.198760850230853,0.972237149874369
24-Jan-2024 17:11:55,1,40,0.0960630233089129,0.0645461191733678,0.324164356787999,0.0563177230457465,-0.130370695392291,-0.195947806040446,0.97027641137441
24-Jan-2024 17:12:02,1,41,0.0479640911022822,0.0692200531562169,0.314613660176595,0.0686636870106061,-0.113623375197252,-0.198599427938461,0.971047540505727
24-Jan-2024 17:12:08,1,42,0.0483680747449398,0.0314879653354486,0.319111071030299,-0.00025392267270945,-0.160762003064156,-0.195879219969114,0.967360774676005
24-Jan-2024 17:12:15,1,43,0.0568542922536532,-0.0290808654079835,0.336225761969884,-0.149221356709798,-0.228484367330869,-0.192387387156487,0.942610700925191
24-Jan-2024 17:12:21,1,44,0.0182038070013126,-0.0485796975592772,0.338593236605326,-0.220171503225962,-0.163787300388018,-0.191336776812871,0.942384417851766
24-Jan-2024 17:12:28,1,45,0.010951595629255,0.0142819643641512,0.323744815587997,-0.111277039845785,-0.103948821127415,-0.203907071550687,0.967074839274089
24-Jan-2024 17:12:34,1,46,-0.0109309418747822,0.0507579579949379,0.320837241411209,-0.0458141888181368,-0.0448092440764109,-0.205034957329432,0.976654430230459
24-Jan-2024 17:12:40,1,47,-0.00483345420410236,0.0719377731283506,0.321229853232702,-0.000814331128882865,-0.0572550875445207,-0.206073882182439,0.97685964902242
24-Jan-2024 17:12:46,1,48,-0.00513255633413792,0.0805649732549985,0.3288139184316,0.0168359563996394,-0.0550547609726588,-0.207181440790494,0.976607088247935
24-Jan-2024 17:12:52,1,49,0.0177520706007878,0.0604916108151277,0.338871312141418,0.0102809829016527,-0.105178022881349,-0.20467249751091,0.97310897509257
24-Jan-2024 17:12:59,1,50,0.0222867261618376,0.0677918742100398,0.33193640311559,0.0184951222191254,-0.0400049281617006,-0.198752413193385,0.979058225949605
24-Jan-2024 17:13:05,1,51,0.0153947540248434,0.0839366734027863,0.327585665384928,0.0608197848002116,-0.0223719316224257,-0.197467489043872,0.978165165583293
24-Jan-2024 17:13:11,1,52,-0.0337175955375036,0.110793988406658,0.330503181616465,0.101997394363085,0.0561530262231827,-0.196378000577291,0.973590807120005
24-Jan-2024 17:13:17,1,53,0.0173506710678339,0.139873932798703,0.335478931665421,0.151639726758003,-0.0411678786079089,-0.202235721548398,0.966649516423543
24-Jan-2024 17:13:24,1,54,0.0317883782088757,0.18493810693423,0.355184243122737,0.287583158413569,-0.0295215729624033,-0.182871852318446,0.939671349525452
24-Jan-2024 17:13:30,1,55,0.032539784659942,0.230494192242622,0.382054724295934,0.399140659968058,-0.0228501273940007,-0.172890272736549,0.900151836872101
24-Jan-2024 17:13:36,1,56,0.0330194935202599,0.223223243157069,0.388355358441671,0.410418643554052,-0.00614683746049802,-0.155124793450038,0.898585025469462
24-Jan-2024 17:13:43,1,57,0.0275057593981425,0.272188133001327,0.422139418125153,0.49895054101944,0.00549538778141141,-0.153762791554133,0.852862870693207
24-Jan-2024 17:13:49,1,58,-0.0064329290141662,0.291922098398209,0.423886128266652,0.50042884349823,0.0674111525217692,-0.160322831074397,0.848129304250081
24-Jan-2024 17:13:55,1,59,-0.0336024284362793,0.274642364184062,0.410786245266596,0.480522366364797,0.148957966764768,-0.13815400103728,0.853125596046448
24-Jan-2024 17:14:02,1,60,-0.0590640805661678,0.250266812245051,0.386040836572647,0.410501738389333,0.172088965773582,-0.157560790578524,0.881503450870514
24-Jan-2024 17:14:08,1,61,-0.0809730842709541,0.239517113566399,0.370290567477544,0.328499138355255,0.180512158075968,-0.170589086413383,0.911264534791311
24-Jan-2024 17:14:14,1,62,-0.0901554380853971,0.237173049648603,0.372170142332713,0.299752205610275,0.202406027913094,-0.170443945129712,0.916584424177806
24-Jan-2024 17:14:20,1,63,-0.10682788391908,0.199432918429375,0.352972598870595,0.188971738020579,0.220690654714902,-0.164567537109057,0.942604271570841
24-Jan-2024 17:14:27,1,64,-0.061741316318512,0.19174012641112,0.337800602118174,0.226728221774101,0.158177934090296,-0.169663961728414,0.945932467778524
24-Jan-2024 17:14:33,1,65,-0.0155363798141479,0.162194219231606,0.328469638029734,0.202355421582858,0.0264310053239266,-0.189876807729403,0.960364242394765
24-Jan-2024 17:14:40,1,66,0.014389932093521,0.167916147907575,0.328271748622258,0.213099571069082,0.0134704117352764,-0.176308208703995,0.960896734396617
24-Jan-2024 17:14:46,1,67,0.032594924668471,0.152889094750086,0.329310609896978,0.197243758042653,-0.0308292396366596,-0.179715581734975,0.963247962792714
24-Jan-2024 17:14:52,1,68,0.0815483868122101,0.152722454071045,0.342595573266347,0.212890995542208,-0.12789596815904,-0.177957051992416,0.952182392279307
24-Jan-2024 17:14:58,1,69,0.060220185170571,0.147588151693344,0.339594473441442,0.188310395677884,-0.0614457935094833,-0.168360542257627,0.965618065992991
24-Jan-2024 17:15:05,1,70,0.0719758858283361,0.119525540868441,0.344359560807546,0.126108741760254,-0.0708822836478551,-0.167580293615659,0.975186546643575
24-Jan-2024 17:15:12,1,71,0.0926111514369647,0.164246048529943,0.365677104393641,0.280965387821198,-0.0697512512405713,-0.132449913024902,0.947971657911936
24-Jan-2024 17:15:18,1,72,0.097059307495753,0.146398570140203,0.373929232358932,0.289919469753901,-0.122822082539399,-0.13869093755881,0.938949549198151
24-Jan-2024 17:15:25,1,73,0.115388139088949,0.132912236452103,0.381932940085729,0.268533692757289,-0.112851144870122,-0.116882904867331,0.949469633897146
24-Jan-2024 17:15:32,1,74,0.134471230705579,0.0788795366883278,0.370701938867569,0.156525824467341,-0.15747123559316,-0.139502437909444,0.965008568763733
24-Jan-2024 17:15:39,1,75,0.160834763447444,0.057860154658556,0.369956431786219,0.107540827989578,-0.205824720859528,-0.15046953856945,0.960952667395274
24-Jan-2024 17:15:45,1,76,0.134272650877635,0.0889644811550776,0.366489052772522,0.15234924753507,-0.150035239259402,-0.147081712881724,0.965736055374146
24-Jan-2024 17:15:51,1,77,0.124035829802354,0.0988452052076658,0.36288857460022,0.168720251321793,-0.120880630612373,-0.141602966189384,0.967920438448588
24-Jan-2024 17:15:58,1,78,0.107862522204717,0.0905843168497086,0.352195805311203,0.154226830601692,-0.125081936518351,-0.155058547854424,0.967742435137431
24-Jan-2024 17:16:04,1,79,0.0975672314564387,0.077208482225736,0.352851722637812,0.133086184660594,-0.117982156574726,-0.157690331339836,0.971340294679006
24-Jan-2024 17:16:11,1,80,0.0940969342986743,0.0569072735806306,0.355246780316035,0.095585889617602,-0.13536388874054,-0.163471407691638,0.972531263033549
24-Jan-2024 17:16:16,1,81,0.107344810167948,0.0451500818133354,0.358081857363383,0.0781995435555776,-0.174452510476112,-0.165366532405217,0.967525243759155
24-Jan-2024 17:16:23,1,82,0.0924485931793849,0.0759311154484749,0.363705390691757,0.125209650894006,-0.13130742708842,-0.16257227063179,0.969871608416239
24-Jan-2024 17:16:30,1,83,0.124273928503195,0.0854732558131218,0.378209372361501,0.145937663316727,-0.154176995158195,-0.150604115923246,0.965530979633331
24-Jan-2024 17:16:36,1,84,0.174032890796661,0.087897585829099,0.392357647418976,0.183516445755959,-0.247334697842598,-0.13415440817674,0.941886341571808
24-Jan-2024 17:16:43,1,85,0.169562370578448,0.074531086285909,0.387829458713531,0.125671178102493,-0.261946336428324,-0.157784459988276,0.943766379356384
24-Jan-2024 17:16:50,1,86,0.165023717284203,0.107426839073499,0.391506300369898,0.201137028137843,-0.292889382441839,-0.158523402611415,0.921211167176564
24-Jan-2024 17:16:56,1,87,0.165217365821203,0.0981180558602015,0.399110213915507,0.202410824100176,-0.368017627795537,-0.168169283866882,0.891802632808685
24-Jan-2024 17:17:02,1,88,0.191703388094902,0.0866731132070224,0.409570757548014,0.199138996005058,-0.432674676179886,-0.160593315958977,0.864491804440816
24-Jan-2024 17:17:09,1,89,0.200830758611361,0.0934680943687757,0.414240326484044,0.206603541970253,-0.44840146501859,-0.165753396352132,0.853684341907501
24-Jan-2024 17:17:16,1,90,0.227797784407934,0.118126585086187,0.432263803482056,0.251688440640767,-0.47291294336319,-0.161422954003016,0.828823777039846
24-Jan-2024 17:17:22,1,91,0.219611535469691,0.134668218096097,0.429912930727005,0.305062109231949,-0.406852281093597,-0.117267919580142,0.853027705351512
24-Jan-2024 17:17:29,1,92,0.220328848560651,0.119002722700437,0.418904536962509,0.269132137298584,-0.373218770821889,-0.106349609792233,0.881456383069356
24-Jan-2024 17:17:35,1,93,0.192869069178899,0.133789651592573,0.403496342897415,0.286182794968287,-0.311852180957794,-0.110550194978714,0.899236504236857
24-Jan-2024 17:17:41,1,94,0.231852700312932,0.106717002888521,0.410495044787725,0.242551019787788,-0.350640247265498,-0.0934641266862551,0.899713738759359
24-Jan-2024 17:17:48,1,95,0.256339581807454,0.0899289200703303,0.425587995847066,0.219506567716599,-0.429240751266479,-0.100436369081338,0.870334204037984
24-Jan-2024 17:17:54,1,96,0.241749135653178,0.0772351488471031,0.406470302740733,0.176123049855232,-0.401024166742961,-0.118540918827057,0.891127594312032
24-Jan-2024 17:18:01,1,97,0.27114862203598,0.0476929903030395,0.426534660657247,0.120047933359941,-0.487139830986659,-0.13355317513148,0.854661373297373
24-Jan-2024 17:18:06,1,98,0.272840277353923,0.0497407180567582,0.426767218112946,0.12254364391168,-0.487266488869985,-0.133821724851926,0.854193246364593
24-Jan-2024 17:18:12,1,99,0.242540523409843,0.047023835281531,0.394913313786189,0.106336245437463,-0.434548709789912,-0.148996179302533,0.881850385665894
24-Jan-2024 17:18:19,1,100,0.203977237145106,0.0132815214494864,0.374301459391912,0.0181541702399651,-0.422048687934875,-0.172561401128769,0.889813427130381
24-Jan-2024 17:18:33,2,1,-0.1213687941432,-0.00462876092642546,0.301888424158096,-0.0955423146486282,0.216736459732056,-0.199755385518074,0.950786403814952
24-Jan-2024 17:18:40,2,2,-0.108429630100727,-0.0457922550539176,0.297785715262095,-0.159468950827916,0.162206358710925,-0.199683942397436,0.953092408180237
24-Jan-2024 17:18:46,2,3,-0.073016349474589,-0.0884288916985194,0.302441628774007,-0.22805008093516,0.0529106460511684,-0.189394399523735,0.953584484259288
24-Jan-2024 17:18:53,2,4,-0.0847381656368573,-0.105605723460515,0.313643858830134,-0.301234851280848,0.0815228352944056,-0.189685142040253,0.930930244922638
24-Jan-2024 17:18:59,2,5,-0.0857660407821337,-0.128048069278399,0.321918549140294,-0.294540017843246,0.0509980785350005,-0.182994494835536,0.936567366123199
24-Jan-2024 17:19:07,2,6,-0.107657194634279,-0.105193011959394,0.339640478293101,-0.370061228672663,0.13951780796051,-0.191304861505826,0.898327163855235
24-Jan-2024 17:19:13,2,7,-0.130458556612333,-0.0729882732033729,0.330025762319565,-0.283237051963806,0.192168230811755,-0.195262218515078,0.919086953004201
24-Jan-2024 17:19:20,2,8,-0.159048395355542,-0.0326548926532269,0.339445827404658,-0.218817750612895,0.30606552362442,-0.205358536044757,0.903476778666178
24-Jan-2024 17:19:27,2,9,-0.195402561624845,-0.0346976240475972,0.355014226833979,-0.179052673776944,0.368134927749634,-0.224847037593524,0.884228777885437
24-Jan-2024 17:19:33,2,10,-0.170437317093213,-0.0281174772729476,0.344359189271927,-0.178362667560577,0.275919475158056,-0.209384419520696,0.920985015233358
24-Jan-2024 17:19:40,2,11,-0.144893136620522,-0.00681001615400116,0.346163161595662,-0.11007893383503,0.260393615563711,-0.217587255438169,0.934202078978221
24-Jan-2024 17:19:47,2,12,-0.159302042921384,0.00145138984856506,0.349249863624573,-0.087494524816672,0.3209581275781,-0.224477031826973,0.915937030315399
24-Jan-2024 17:19:53,2,13,-0.128017078836759,-0.0368449044724305,0.341991164286931,-0.130692830681801,0.244080326954524,-0.226158370574315,0.93391459385554
24-Jan-2024 17:19:59,2,14,-0.116794346769651,-0.0259193940709035,0.339834380149841,-0.116663832962513,0.223550014694532,-0.221360393365224,0.942026774088542
24-Jan-2024 17:20:06,2,15,-0.12221356232961,-0.048212742805481,0.336988749106725,-0.181337775786718,0.223125822345416,-0.21910580098629,0.932375530401866
24-Jan-2024 17:20:12,2,16,-0.0991544927159945,-0.0818519016106923,0.339793302615484,-0.222499611973763,0.127699247996012,-0.211134766538938,0.943190519014994
24-Jan-2024 17:20:18,2,17,-0.113947586715221,-0.0839132100343704,0.350860619544983,-0.226555340488752,0.14820684393247,-0.21033227344354,0.939397386709849
24-Jan-2024 17:20:25,2,18,-0.121263161301613,-0.138872484366099,0.370071335633596,-0.309250358740489,0.139093338449796,-0.2092217395703,0.917193265755971
24-Jan-2024 17:20:31,2,19,-0.0814372499783834,-0.101341419418653,0.345149010419846,-0.250677925348282,0.076563069721063,-0.2053448031346,0.942938061555227
24-Jan-2024 17:20:37,2,20,-0.0794715469082197,-0.120150838792324,0.347021108865738,-0.292492828766505,0.0543788559734821,-0.198730626702309,0.933807706832886
24-Jan-2024 17:20:44,2,21,-0.0543496424953143,-0.122284290194511,0.34950236082077,-0.29710488319397,-0.0104185407360395,-0.190207560857137,0.935650026798248
24-Jan-2024 17:20:50,2,22,-0.021424226090312,-0.1505425542593,0.360043172041575,-0.354919709761937,-0.0901506284872691,-0.176745616396268,0.913600508371989
24-Jan-2024 17:20:57,2,23,0.0253847774118185,-0.127770420908928,0.346337074041367,-0.312627665201823,-0.0960531274477641,-0.212131402889887,0.920889802773794
24-Jan-2024 17:21:03,2,24,0.0450011988480886,-0.0998509377241135,0.340959858894348,-0.281944197416306,-0.1090930595994,-0.218744676311811,0.927769883473714
24-Jan-2024 17:21:09,2,25,0.0597459445397059,-0.0929622809092204,0.34705047806104,-0.274392928679784,-0.130675421158473,-0.220551437139511,0.926816741625468
24-Jan-2024 17:21:15,2,26,0.0635712921619415,-0.0518882967531681,0.334742154677709,-0.200183352828026,-0.152148446440697,-0.210798008243243,0.944638415177663
24-Jan-2024 17:21:22,2,27,0.0916787892580032,-0.0336898741622766,0.33295396566391,-0.183522546291351,-0.163953800002734,-0.223791840672493,0.94305667479833
24-Jan-2024 17:21:29,2,28,0.0382159367203712,-0.0258416683723529,0.318113833665848,-0.191654785474141,-0.0650095830361048,-0.215514003237089,0.955298872788747
24-Jan-2024 17:21:35,2,29,0.0608245643476645,-0.00498164153347413,0.310853308439255,-0.118155743678411,-0.0969940116008123,-0.209498386581739,0.965785610675812
24-Jan-2024 17:21:41,2,30,0.0618980345626672,0.0237447090446949,0.310376632213593,-0.0634042710065842,-0.0935649772485097,-0.204835025469462,0.97224901119868
24-Jan-2024 17:21:48,2,31,0.0678760473926862,0.0303076554089785,0.309923201799393,-0.0471299981077512,-0.101399901509285,-0.20370224515597,0.972626467545827
24-Jan-2024 17:21:54,2,32,0.0724898581703504,0.0557150502999624,0.310113773743312,0.0213102694600821,-0.101079606016477,-0.19382440050443,0.975582353274028
24-Jan-2024 17:22:00,2,33,0.0717883189519246,0.0395968489348888,0.310428436597188,-0.00914611524591843,-0.0984966198603312,-0.196379859248797,0.97552535533905
24-Jan-2024 17:22:06,2,34,0.032556057224671,0.027642081057032,0.307157184680303,-0.047514620423317,-0.039380036542813,-0.19586566388607,0.978686996301015
24-Jan-2024 17:22:13,2,35,0.070986633002758,-0.00805533546954393,0.309182806809743,-0.119996486604214,-0.107210629185041,-0.208003855744998,0.964801092942556
24-Jan-2024 17:22:19,2,36,0.0658940056959788,-0.0296092486629883,0.315780961513519,-0.169427952170372,-0.168029776215553,-0.20218979716301,0.94983104467392
24-Jan-2024 17:22:25,2,37,0.0865447526176771,-0.0136187857637803,0.319418885310491,-0.136681965986888,-0.15938103000323,-0.20982387860616,0.954929161071777
24-Jan-2024 17:22:31,2,38,0.071357350051403,0.021042330438892,0.310669445991516,-0.0733299856384595,-0.100983337064584,-0.203658191363017,0.971055320898692
24-Jan-2024 17:22:38,2,39,0.089149820804596,0.063351741929849,0.318839712937673,0.0379445927838484,-0.109043567876021,-0.187176402409871,0.975517686208089
24-Jan-2024 17:22:45,2,40,0.092036094268163,0.0639637346069018,0.322642793258031,0.0528716824948788,-0.123840642472108,-0.184299202760061,0.973602553208669
24-Jan-2024 17:22:52,2,41,0.0463003757099311,0.0677748103936513,0.314195905129115,0.0651745244860649,-0.115210944414139,-0.188141545653343,0.973181132475535
24-Jan-2024 17:22:58,2,42,0.0449965871870518,0.0295923948287964,0.318038696050644,-0.00684549290065964,-0.154767873883247,-0.185648949940999,0.97032675743103
24-Jan-2024 17:23:05,2,43,0.0538132054110368,-0.0298209566622972,0.335064595937729,-0.154255619645119,-0.222664686044057,-0.182970442374547,0.945064743359884
24-Jan-2024 17:23:12,2,44,0.0149754523610075,-0.0487539038062096,0.33730016152064,-0.224576626221339,-0.152836808562279,-0.182977614800135,0.944841468334198
24-Jan-2024 17:23:18,2,45,0.00746500808745623,0.013840040192008,0.322796843449275,-0.113864020506541,-0.096406285961469,-0.194138937195142,0.969562141100566
24-Jan-2024 17:23:25,2,46,-0.014868471895655,0.0505846485495567,0.319813271363576,-0.0505333239833514,-0.0371618243555228,-0.193941707412402,0.979005348682404
24-Jan-2024 17:23:30,2,47,-0.00796466171741486,0.0714591940244039,0.320391603310903,-0.0043742296906809,-0.0525635123252869,-0.195807555317879,0.979222853978475
24-Jan-2024 17:23:36,2,48,-0.00809928526480993,0.0801116367181142,0.32800408800443,0.013355993727843,-0.0515383111933867,-0.196423733234406,0.979072566827138
24-Jan-2024 17:23:43,2,49,0.0153772895534833,0.0598506237069766,0.337937100728353,0.00611737836152315,-0.101282006005446,-0.1940069993337,0.975738608837128
24-Jan-2024 17:23:49,2,50,0.0205652338763078,0.0652813424666723,0.331284914414088,0.0131908646474282,-0.0365244423349698,-0.187458236018817,0.981504658857981
24-Jan-2024 17:23:55,2,51,0.0120241827021043,0.0812779977917671,0.326649928092957,0.0570861339569092,-0.0171759960552057,-0.186433711647987,0.980657267570496
24-Jan-2024 17:24:02,2,52,-0.036233493189017,0.109147081772486,0.329750323295593,0.101508849859238,0.058387541025877,-0.184808181722959,0.975772941112518
24-Jan-2024 17:24:08,2,53,0.0120879225432873,0.141648010412852,0.335378148158391,0.155022343993187,-0.0342831782996654,-0.18986038963,0.968888954321543
24-Jan-2024 17:24:14,2,54,0.029133872811993,0.183732542395592,0.353941857814789,0.284240873654683,-0.0272223118692636,-0.17188240190347,0.942826843261719
24-Jan-2024 17:24:21,2,55,0.0305493600666523,0.230562922358513,0.380939652522405,0.397842975457509,-0.0221333554635445,-0.163991538683573,0.902406696478526
24-Jan-2024 17:24:27,2,56,0.03241982832551,0.223236998915672,0.387497383356094,0.408574867248535,-0.00650781883547703,-0.14817590713501,0.900593173503876
24-Jan-2024 17:24:33,2,57,0.0257041446864605,0.272612629334132,0.421019864082336,0.497094506025314,0.00531665006031593,-0.148550650477409,0.854868972301483
24-Jan-2024 17:24:40,2,58,-0.00896166451275349,0.291680552562078,0.422385360797246,0.498205490907033,0.0696248933672905,-0.156066571672757,0.850051065286001
24-Jan-2024 17:24:46,2,59,-0.0355931555231412,0.274857689936956,0.409857944647471,0.479987476269404,0.149887521068255,-0.13419098953406,0.853896109263102
24-Jan-2024 17:24:52,2,60,-0.0616260434190432,0.250249570608139,0.385027647018433,0.408443985382716,0.174008703231812,-0.153174914916356,0.882854402065277
24-Jan-2024 17:24:59,2,61,-0.0825793405373891,0.239883195360502,0.369512710968653,0.327767258882523,0.180981780091921,-0.165780298908552,0.912321825822194
24-Jan-2024 17:25:04,2,62,-0.0914831141630808,0.237579176823298,0.371430935462316,0.30044798652331,0.201414188742638,-0.163966974616051,0.917746984958649
24-Jan-2024 17:25:11,2,63,-0.109568378825982,0.200676717360814,0.353298550844192,0.188913201292356,0.225964384277662,-0.159050877888997,0.942313504219055
24-Jan-2024 17:25:17,2,64,-0.0638624399900436,0.191642308235168,0.337314796447754,0.225356699029605,0.159783115983009,-0.164477796355883,0.946905899047852
24-Jan-2024 17:25:24,2,65,-0.0175356506059567,0.162768859664599,0.327737994988759,0.199943856398265,0.0292249143123627,-0.184417002399762,0.961851394176483
24-Jan-2024 17:25:30,2,66,0.0129988315825661,0.16874865591526,0.327539455890656,0.211473734180133,0.0159002577265104,-0.170204228162766,0.962318336963654
24-Jan-2024 17:25:36,2,67,0.0321331260104974,0.153299841284752,0.328501653671265,0.195853634675344,-0.0323713026940823,-0.173180387417475,0.96467703183492
24-Jan-2024 17:25:43,2,68,0.0798227335015933,0.153157275915146,0.341350136200587,0.2097285648187,-0.126006941994031,-0.172316624720891,0.954171395301819
24-Jan-2024 17:25:49,2,69,0.0585533417761326,0.148702931404114,0.338500632842382,0.186615735292435,-0.0590819969773293,-0.16247211098671,0.967102086544037
24-Jan-2024 17:25:56,2,70,0.0706388200322787,0.120206606388092,0.343213727076848,0.122232398887475,-0.0707196911176046,-0.161210930347443,0.976762437820435
24-Jan-2024 17:26:03,2,71,0.0915012250343959,0.16426506737868,0.364452280600866,0.277693486213684,-0.0681684950987498,-0.126298742492994,0.94988842010498
24-Jan-2024 17:26:09,2,72,0.0968059539794922,0.146973542372386,0.372937768697739,0.287042520443598,-0.122028241554896,-0.132730575402578,0.940796593825022
24-Jan-2024 17:26:16,2,73,0.113551616668701,0.133159893751144,0.38058652083079,0.265906914075216,-0.112147782742977,-0.112176755070686,0.950858982404073
24-Jan-2024 17:26:23,2,74,0.133966442942619,0.078950468202432,0.369728789726893,0.154676042993863,-0.156828964749972,-0.135376178224881,0.965998609860738
24-Jan-2024 17:26:29,2,75,0.160688367486,0.0585935438672701,0.368917465209961,0.105150020122528,-0.204140032331149,-0.145962157845497,0.962270935376485
24-Jan-2024 17:26:36,2,76,0.134705292185148,0.0888791412115097,0.365615898370743,0.150463007887204,-0.148594629764557,-0.141577810049057,0.9670760790507
24-Jan-2024 17:26:42,2,77,0.122952057917913,0.0994821126262347,0.361744429667791,0.167763196428617,-0.119040370980899,-0.137179840604464,0.968951225280762
24-Jan-2024 17:26:48,2,78,0.106099281708399,0.0917049075166384,0.350979846715927,0.152629917860031,-0.122895728051662,-0.14934092660745,0.96917390426
24-Jan-2024 17:26:55,2,79,0.0971328203876813,0.076175981760025,0.351759030421575,0.129580789804459,-0.115740839640299,-0.152768949667613,0.972869149843852
24-Jan-2024 17:27:01,2,80,0.0930550073583921,0.0557631820440292,0.354159474372864,0.0923350642124812,-0.131896551450094,-0.158610548575719,0.974125389258067
24-Jan-2024 17:27:07,2,81,0.105058900018533,0.0458656132221222,0.356905486186345,0.077097166577975,-0.167840275168419,-0.160053032636642,0.969674559434255
24-Jan-2024 17:27:14,2,82,0.0919290602207184,0.0743418221672376,0.36262301603953,0.122730329632759,-0.129948814709981,-0.157364970445633,0.971229525407155
24-Jan-2024 17:27:20,2,83,0.12412031541268,0.084413140018781,0.377215129137039,0.142903353770574,-0.152768073479335,-0.145379017790159,0.967008550961812
24-Jan-2024 17:27:27,2,84,0.173869799574216,0.088006750245889,0.391127262512843,0.179829081892967,-0.246584536631902,-0.130475802222888,0.943309899171193
24-Jan-2024 17:27:34,2,85,0.169147232174873,0.074073101580143,0.386530609925588,0.120365639527639,-0.262440933783849,-0.154841647545497,0.944807358582815
24-Jan-2024 17:27:40,2,86,0.163854210575422,0.106990277270476,0.390036604801814,0.195393002033234,-0.292721976836522,-0.1549897869428,0.923099970817566
24-Jan-2024 17:27:46,2,87,0.164886407057444,0.098626621067524,0.39810490210851,0.19692575832208,-0.366793104012807,-0.163849979639053,0.894335651397705
24-Jan-2024 17:27:53,2,88,0.191375601291656,0.0864556108911832,0.40810010433197,0.193561018506686,-0.432449988524119,-0.156222626566887,0.866669273376465
24-Jan-2024 17:27:59,2,89,0.198356915513674,0.0936338757475217,0.410635248819987,0.20032118956248,-0.444252874453863,-0.161849837501844,0.858088258902232
24-Jan-2024 17:28:06,2,90,0.22788453300794,0.11770386993885,0.429985622564952,0.244713483254115,-0.472014075517654,-0.156681950887044,0.832327306270599
24-Jan-2024 17:28:13,2,91,0.219438536961873,0.13394574423631,0.428352854649226,0.300525659322739,-0.407187384366989,-0.112229278186957,0.855153357982635
24-Jan-2024 17:28:19,2,92,0.220046252012253,0.118919506669044,0.417586310704549,0.265342475970586,-0.373390197753906,-0.102197653551896,0.883022451400757
24-Jan-2024 17:28:25,2,93,0.194226107994715,0.133481880029043,0.402719360589981,0.282532076040904,-0.312931070725123,-0.105321225027243,0.900642657279968
24-Jan-2024 17:28:32,2,94,0.232781538367271,0.106721223890781,0.409905831019084,0.239458059271177,-0.352071076631546,-0.0890087564786275,0.900435034434001
24-Jan-2024 17:28:38,2,95,0.257340812683105,0.0878050819039345,0.423968881368637,0.209020891785622,-0.429106291135152,-0.0966721013188362,0.873402730623881
24-Jan-2024 17:28:44,2,96,0.243080125252406,0.0763323749105136,0.405667606989543,0.170846957961718,-0.401443630456924,-0.114921726783117,0.892438983917236
24-Jan-2024 17:28:51,2,97,0.271800939242045,0.0471535243093967,0.425199735164642,0.114646665255229,-0.484424728155136,-0.130066855748494,0.857479373613993
24-Jan-2024 17:28:57,2,98,0.272695463895798,0.0488683318098386,0.42527529001236,0.117673136293888,-0.485267486174901,-0.129826971888542,0.856628823280335
24-Jan-2024 17:29:03,2,99,0.241854972640673,0.0462915055453777,0.393306497732798,0.101008915404479,-0.431355756521225,-0.145500048001607,0.884623726209005
24-Jan-2024 17:29:10,2,100,0.20383831957976,0.0135315415139,0.37289176384608,0.0152330239613851,-0.420123914877574,-0.168216686447461,0.891609100500743
24-Jan-2024 17:29:23,3,1,-0.121387861669064,-0.00452320985496044,0.30166863600413,-0.0959018712242444,0.217440366744995,-0.194668159882228,0.95164430141449
24-Jan-2024 17:29:30,3,2,-0.108438016474247,-0.0461825087666512,0.297716583808263,-0.160247581203779,0.161528767148654,-0.194837028781573,0.954079528649648
24-Jan-2024 17:29:37,3,3,-0.0744686216115951,-0.0888123621543249,0.302309262752533,-0.228855401277542,0.0562243834137917,-0.185003904501597,0.954063701629639
24-Jan-2024 17:29:43,3,4,-0.0872552340229352,-0.10597966214021,0.313612846533457,-0.300975797573725,0.0865640759468079,-0.184578493237495,0.93158522049586
24-Jan-2024 17:29:50,3,5,-0.0884748960534732,-0.128240766127904,0.321977619330088,-0.294538827737172,0.0557973551253478,-0.178440849979719,0.93717250029246
24-Jan-2024 17:29:57,3,6,-0.109007773300012,-0.105950621763865,0.340565564235051,-0.365614811579386,0.147335608800252,-0.183291414380074,0.900567766030629
24-Jan-2024 17:30:04,3,7,-0.131226958831151,-0.0739620278278987,0.330252095063527,-0.284353017807007,0.195419691999753,-0.19094006717205,0.9189648548762
24-Jan-2024 17:30:11,3,8,-0.159757263461749,-0.0330845760802428,0.339539931217829,-0.218238456050555,0.310107622543971,-0.200994023680687,0.903220085302989
24-Jan-2024 17:30:17,3,9,-0.195742679635684,-0.0355870860318343,0.355019019047419,-0.177698179086049,0.368835085630417,-0.221122717857361,0.88514902194341
24-Jan-2024 17:30:24,3,10,-0.171913954615593,-0.0285510198523601,0.344655148188273,-0.178107283512751,0.278688593705495,-0.204591887195905,0.921277717749278
24-Jan-2024 17:30:31,3,11,-0.146966512997945,-0.00760200306152304,0.346393022934596,-0.110447317858537,0.262915199995041,-0.213232031464577,0.934456519285838
24-Jan-2024 17:30:37,3,12,-0.160588569442431,0.00043826151425795,0.349403005838394,-0.0863486672441165,0.32315074801445,-0.220553996165593,0.91622625986735
24-Jan-2024 17:30:44,3,13,-0.130154026548068,-0.0383103092511495,0.342207133769989,-0.131372621655464,0.246262996395429,-0.22189652522405,0.9342684785525
24-Jan-2024 17:30:50,3,14,-0.118444362282753,-0.0269422969470421,0.339925124247869,-0.116869070132573,0.225636504093806,-0.216906719406446,0.942539711793264
24-Jan-2024 17:30:56,3,15,-0.123943199714025,-0.0489266785482566,0.337094867229462,-0.181695161263148,0.226324792702993,-0.214626719554265,0.932576727867126
24-Jan-2024 17:31:03,3,16,-0.0994056954979897,-0.0817293574412664,0.339738259712855,-0.222108512123426,0.130811980366707,-0.206826356053352,0.943810697396596
24-Jan-2024 17:31:09,3,17,-0.115588419139385,-0.0840897565086683,0.351156932115555,-0.227286178867022,0.152704574664434,-0.205362451076508,0.939600201447805
24-Jan-2024 17:31:15,3,18,-0.123032801349958,-0.139541857441266,0.370324615637461,-0.309997262557348,0.141929348309835,-0.203985848029455,0.917685961723328
24-Jan-2024 17:31:22,3,19,-0.0825055112441381,-0.102874757349491,0.345469621817271,-0.253364090124766,0.0786880880594254,-0.200663046042124,0.943053114414215
24-Jan-2024 17:31:28,3,20,-0.0822294771671295,-0.121913658082485,0.347698618968328,-0.294148468971252,0.0584199036161105,-0.193117808302244,0.934221227963765
24-Jan-2024 17:31:34,3,21,-0.0546505399048328,-0.12249433050553,0.349418040116628,-0.298925282557805,-0.00796910586456458,-0.184533796707789,0.936230425039927
24-Jan-2024 17:31:41,3,22,-0.0238535604129235,-0.150386961301168,0.359648940960566,-0.355803549289703,-0.0856343641877174,-0.17116309205691,0.914753397305807
24-Jan-2024 17:31:48,3,23,0.0228790844480197,-0.127676959832509,0.345767805973689,-0.313180001576742,-0.0919369940956434,-0.206563758850098,0.922386725743612
24-Jan-2024 17:31:54,3,24,0.0421440504491329,-0.100201159715652,0.340573173761368,-0.284419260422389,-0.103848701218764,-0.213601756095886,0.928813985983531
24-Jan-2024 17:32:00,3,25,0.0576807111501694,-0.0931839913129806,0.34659775296847,-0.275074348847071,-0.12877472837766,-0.21528015534083,0.928119099140167
24-Jan-2024 17:32:06,3,26,0.0617089584469795,-0.0526070314149062,0.334274293979009,-0.202241337299347,-0.148936625321706,-0.20563038388888,0.94585014184316
24-Jan-2024 17:32:13,3,27,0.0885849475860596,-0.0360122489432494,0.332774647076925,-0.189033997058868,-0.158799603581429,-0.219294837117195,0.943906056880951
24-Jan-2024 17:32:19,3,28,0.0381788787742456,-0.0244682215154171,0.316939508914947,-0.188099792599678,-0.0630439673860868,-0.210313893357913,0.957294106483459
24-Jan-2024 17:32:26,3,29,0.0593365403513114,-0.00590335503220558,0.310136091709137,-0.119613070289294,-0.0957759007811546,-0.204096979896228,0.96688373486201
24-Jan-2024 17:32:32,3,30,0.0598538058499495,0.0229920104146004,0.309677696228027,-0.0654630482196808,-0.0912746459245682,-0.199797891577085,0.973377700646718
24-Jan-2024 17:32:38,3,31,0.0659340644876162,0.0299631697436174,0.30921718676885,-0.0495549663901329,-0.0989515061179797,-0.19888471364975,0.973754493395487
24-Jan-2024 17:32:44,3,32,0.071486222743988,0.0559908399979273,0.309520600239436,0.0210047663499912,-0.10080727438132,-0.188891411821047,0.976584219932556
24-Jan-2024 17:32:50,3,33,0.0708789532383283,0.0387427233159542,0.309861886501312,-0.0112818868209918,-0.0979715228080749,-0.19199961622556,0.976427412033081
24-Jan-2024 17:32:56,3,34,0.0312391397853692,0.0261818950374921,0.306772645314535,-0.0501667474706968,-0.0386890687048435,-0.191355982422829,0.979474027951558
24-Jan-2024 17:33:03,3,35,0.0691575100024541,-0.00759485612312953,0.308632646004359,-0.120203276475271,-0.106129662692547,-0.202886511882146,0.965983839829763
24-Jan-2024 17:33:09,3,36,0.0634776105483373,-0.029799139748017,0.315123715003332,-0.172212009628614,-0.164725072185198,-0.197593302528063,0.950875929991404
24-Jan-2024 17:33:15,3,37,0.0837195833524068,-0.0136504785468181,0.318659087022146,-0.139158543944359,-0.15575190782547,-0.205369572838147,0.956137768427531
24-Jan-2024 17:33:21,3,38,0.0695508455236753,0.020814398303628,0.310122569402059,-0.0750478684902191,-0.0992260530591011,-0.19942439297835,0.971983035405477
24-Jan-2024 17:33:28,3,39,0.0874979292352994,0.0632613182067871,0.318164416154226,0.0371846663455168,-0.108700043956439,-0.182661878069242,0.976440596580505
24-Jan-2024 17:33:35,3,40,0.0905842716495196,0.0632600858807564,0.321731078624725,0.0512946297725042,-0.122441025078297,-0.179903331398964,0.974685553709666
24-Jan-2024 17:33:42,3,41,0.0422217595080535,0.0679398198922475,0.312621136506399,0.0621760338544846,-0.105795970062415,-0.183823201060295,0.975269405047099
24-Jan-2024 17:33:48,3,42,0.0433545331160227,0.0283110136787097,0.317459013064702,-0.0102577205747366,-0.152276519934336,-0.181468916932742,0.971480858325958
24-Jan-2024 17:33:55,3,43,0.0530149000386397,-0.0306746839235226,0.33462242881457,-0.156662486990293,-0.220723872383436,-0.178252173463504,0.946025323867798
24-Jan-2024 17:34:01,3,44,0.0164646974454323,-0.0498190032939116,0.337681170304616,-0.225867531696955,-0.153634081284205,-0.178119799494743,0.945332618554433
24-Jan-2024 17:34:08,3,45,0.00612037281195323,0.0131368255242705,0.322312730550766,-0.114613525072734,-0.0933271899819374,-0.188936758041382,0.970802001158396
24-Jan-2024 17:34:14,3,46,-0.015281038172543,0.0483435754974683,0.319817876815796,-0.0538158930838108,-0.0377801075577736,-0.189015830556552,0.97977016766866
24-Jan-2024 17:34:20,3,47,-0.00926736195882161,0.0712407896916072,0.319942116737366,-0.00580060668289661,-0.050996320694685,-0.191052663326263,0.980237046877543
24-Jan-2024 17:34:26,3,48,-0.00994558110833168,0.0795262282093366,0.327489413817724,0.0121147651225328,-0.050225921968619,-0.191537022590637,0.98012455701828
24-Jan-2024 17:34:32,3,49,0.0143393805250525,0.0591255987683932,0.337383025884628,0.00454787574708462,-0.0998535831769307,-0.189632826050123,0.976753763357798
24-Jan-2024 17:34:39,3,50,0.0187168072909117,0.0653728102644285,0.330528217554092,0.0135299226269126,-0.0339890100061893,-0.183581745624542,0.982323511441549
24-Jan-2024 17:34:45,3,51,0.00998732143392165,0.0807084783911705,0.326067399978638,0.0567765161395073,-0.0162573194752137,-0.182107150554657,0.981503434975942
24-Jan-2024 17:34:51,3,52,-0.0381322550276915,0.108545875549316,0.329322622219721,0.100356745223204,0.0597573744753997,-0.180826863646507,0.976554767290751
24-Jan-2024 17:34:58,3,53,0.0101978467777371,0.140495872497559,0.334683551390966,0.15276975830396,-0.0323273415366809,-0.185684936245282,0.97012243270874
24-Jan-2024 17:35:04,3,54,0.0275337348381678,0.183183082938194,0.35310169061025,0.28230969508489,-0.0257428500801325,-0.167667572697004,0.944206607341766
24-Jan-2024 17:35:10,3,55,0.028929083670179,0.230447430411975,0.380118729670842,0.3963250319163,-0.0219274332125982,-0.161484253406525,0.903531130154928
24-Jan-2024 17:35:16,3,56,0.0311254029472669,0.222878952821096,0.386694544553757,0.407597390810649,-0.00651328616465131,-0.145668120185534,0.901444804668426
24-Jan-2024 17:35:23,3,57,0.0238513972610235,0.272935936848323,0.420443326234818,0.496774194637934,0.00516650450105468,-0.147085416316986,0.855309629440308
24-Jan-2024 17:35:29,3,58,-0.0100572461883227,0.291813762982686,0.421983865896861,0.497968415419261,0.0700192888577779,-0.153044485052427,0.850706843535105
24-Jan-2024 17:35:36,3,59,-0.0365940645337105,0.275451209147771,0.409567040205002,0.479631433884303,0.1503664235274,-0.131108837326368,0.854490518569946
24-Jan-2024 17:35:42,3,60,-0.0626569084823132,0.251053337256114,0.385149862368902,0.409823826948802,0.174309171239535,-0.149931186437607,0.882712511221568
24-Jan-2024 17:35:48,3,61,-0.084236615896225,0.240789381663005,0.36977164944013,0.32845231294632,0.182181923588117,-0.162698887785276,0.912391308943431
24-Jan-2024 17:35:54,3,62,-0.093750802675883,0.238147979974747,0.371916087468465,0.297770408789317,0.205800342559814,-0.161819740136464,0.918037784099579
24-Jan-2024 17:36:00,3,63,-0.109920146067937,0.201264934738477,0.352721412976583,0.186120970050494,0.224671019117037,-0.154639127850533,0.943911210695903
24-Jan-2024 17:36:07,3,64,-0.0651495749751727,0.192180432875951,0.337254554033279,0.223860620458921,0.16271598637104,-0.160306492447853,0.947476549943288
24-Jan-2024 17:36:14,3,65,-0.0186291947960854,0.163066439827283,0.327378018697103,0.199646440148354,0.0296024223168691,-0.181019127368927,0.962546837329864
24-Jan-2024 17:36:20,3,66,0.0108843148375551,0.16899628341198,0.326923831303914,0.210255587100983,0.0172791500886281,-0.166845640540123,0.963149281342824
24-Jan-2024 17:36:26,3,67,0.0305572930723429,0.153254212935766,0.327862304449081,0.194398852189382,-0.0324701617161433,-0.169675933321317,0.965590234597524
24-Jan-2024 17:36:32,3,68,0.0781215017040571,0.153429881731669,0.34073780576388,0.208845618367195,-0.125442086656888,-0.169419635335604,0.954958001772563
24-Jan-2024 17:36:39,3,69,0.056288314362367,0.149053795138995,0.337801516056061,0.185526498158773,-0.0586434078713258,-0.159534715612729,0.967827196915944
24-Jan-2024 17:36:45,3,70,0.0678858364621798,0.120697166522344,0.342658332983653,0.12198341190815,-0.0686635067065557,-0.157918370763461,0.977478543917338
24-Jan-2024 17:36:52,3,71,0.0894916206598282,0.164657574892044,0.36371536453565,0.278005981445313,-0.0681797842184702,-0.123139271140099,0.950210769971212
24-Jan-2024 17:36:59,3,72,0.0943906764189402,0.146012844642003,0.371753376722336,0.284494219223658,-0.122973519563675,-0.129585728049278,0.941885387897491
24-Jan-2024 17:37:05,3,73,0.112330931425095,0.133046997586886,0.379756691058477,0.26478891770045,-0.111923403044542,-0.108324031035105,0.951643788814545
24-Jan-2024 17:37:12,3,74,0.131693877776464,0.0784698968132337,0.368726420402527,0.152284607291222,-0.154720667004585,-0.132047715783119,0.967178515593211
24-Jan-2024 17:37:19,3,75,0.158928829431534,0.0585528527696927,0.367807038625081,0.104154578348001,-0.202831816673279,-0.14283883869648,0.963124152024587
24-Jan-2024 17:37:25,3,76,0.132597624262174,0.0879368374745051,0.36539555589358,0.138149619102478,-0.152816126743952,-0.138475589950879,0.96870348850886
24-Jan-2024 17:37:31,3,77,0.120141879220804,0.0984418575962385,0.359979053338369,0.166852540771166,-0.115182758371035,-0.132964936892192,0.970161592960358
24-Jan-2024 17:37:38,3,78,0.10458429257075,0.0912621075908343,0.350206989049911,0.150641895333926,-0.123725194732348,-0.146414992213249,0.969825621445974
24-Jan-2024 17:37:44,3,79,0.0953352565566699,0.0765011057257652,0.350951898097992,0.128577960530917,-0.114536586403847,-0.149083471298218,0.973716123898824
24-Jan-2024 17:37:50,3,80,0.0914262225230535,0.0556820233662923,0.35342361330986,0.0906861533721288,-0.131244418025017,-0.155285709102949,0.974903738498688
24-Jan-2024 17:37:56,3,81,0.103954029083252,0.0447674190004667,0.356065622965495,0.073565544684728,-0.16939401725928,-0.157219391067823,0.970142153898875
24-Jan-2024 17:38:03,3,82,0.0902349099516869,0.0742885703841845,0.361859395106634,0.121474376817544,-0.128654911120733,-0.153958602746328,0.972105248769124
24-Jan-2024 17:38:10,3,83,0.122458942731222,0.0836687554915746,0.376268806060155,0.141814949115117,-0.152376916011175,-0.141570617755254,0.967795244852702
24-Jan-2024 17:38:16,3,84,0.172954521576564,0.0866338988145192,0.390163526932398,0.178433445096016,-0.246757953365644,-0.125834848483404,0.944159702459971
24-Jan-2024 17:38:23,3,85,0.167163996895154,0.0718787804245949,0.385127061605454,0.114232755204042,-0.262301180760066,-0.152400690317154,0.94600358804067
24-Jan-2024 17:38:30,3,86,0.163422608375549,0.107432129482428,0.389268539349238,0.193712195754051,-0.293511827786763,-0.151802214980125,0.923732876777649
24-Jan-2024 17:38:36,3,87,0.162901138265928,0.0978282456596692,0.396868258714676,0.193557924032211,-0.366695427894592,-0.161129506429036,0.895604252815247
24-Jan-2024 17:38:42,3,88,0.190372961759567,0.0862306475639343,0.407188604275386,0.191758905847867,-0.43299965262413,-0.15284349322319,0.867397662003835
24-Jan-2024 17:38:48,3,89,0.19892129500707,0.0939653625090917,0.411413697401683,0.199702112873395,-0.44793589313825,-0.158409758408864,0.856959084669749
24-Jan-2024 17:38:56,3,90,0.226567815740903,0.117839437226454,0.429068142175674,0.24234435458978,-0.473006256421407,-0.15496453444163,0.832778636614482
24-Jan-2024 17:39:02,3,91,0.21889189183712,0.13398609260718,0.427505872646968,0.299057813485463,-0.407251501083374,-0.109080970784028,0.856044375896454
24-Jan-2024 17:39:09,3,92,0.220097425580025,0.119083687166373,0.417080156008402,0.262078469991684,-0.372192927201589,-0.0992120206356049,0.884841386477152
24-Jan-2024 17:39:15,3,93,0.19320785899957,0.133059519529343,0.401640685399373,0.281089393297831,-0.31300170024236,-0.10291174352169,0.901347815990448
24-Jan-2024 17:39:21,3,94,0.232458719611168,0.104961437483629,0.409092185894648,0.235652209321658,-0.350798837343852,-0.086159651974837,0.902209043502808
24-Jan-2024 17:39:28,3,95,0.257056327660878,0.0877559741338094,0.42304904460907,0.206603093942006,-0.42925571401914,-0.0957223738233248,0.874009037017822
24-Jan-2024 17:39:34,3,96,0.242527109384537,0.0762293189764023,0.404656831423442,0.168544401725133,-0.400994795560837,-0.113451510667801,0.89326632420222
24-Jan-2024 17:39:40,3,97,0.271188722054164,0.0471205117801825,0.424285799264908,0.112626666824023,-0.48485147356987,-0.128031681974729,0.85781246026357
24-Jan-2024 17:39:46,3,98,0.272655129432678,0.0491777867078781,0.424367425839106,0.115743811925252,-0.485306964317958,-0.128027964631716,0.857140207290649
24-Jan-2024 17:39:52,3,99,0.24055198431015,0.0463890083134174,0.391886957486471,0.098629708091418,-0.429682064056396,-0.143129322926203,0.886092257499695
24-Jan-2024 17:39:59,3,100,0.203278982639313,0.0134468036393325,0.371946237484614,0.0130678101132313,-0.41988630493482,-0.166078291336695,0.892156239350637
24-Jan-2024 17:40:13,4,1,-0.121398556729158,-0.00538485854243239,0.301463407278061,-0.0961951186259588,0.217575145761172,-0.191299918293953,0.952266724904378
24-Jan-2024 17:40:19,4,2,-0.107914566993713,-0.0466995999217033,0.297725806633631,-0.161780779560407,0.158982693155607,-0.19121278822422,0.954981255531311
24-Jan-2024 17:40:26,4,3,-0.0752978339791298,-0.0901269902785619,0.302406003077825,-0.230598462621371,0.0580860833326976,-0.181527156631152,0.954200291633606
24-Jan-2024 17:40:32,4,4,-0.0885484516620636,-0.106329583128293,0.313557857275009,-0.30053733587265,0.0892532140016556,-0.181043738126755,0.932166492938995
24-Jan-2024 17:40:39,4,5,-0.0895279541611671,-0.12840445737044,0.321851760149002,-0.294272166490555,0.0585822008550167,-0.175401090582212,0.937660106023153
24-Jan-2024 17:40:47,4,6,-0.109830829501152,-0.106602811813354,0.340584766864777,-0.366317377487818,0.150231637557348,-0.18002777894338,0.900462110837301
24-Jan-2024 17:40:53,4,7,-0.132415088017782,-0.0747952242692312,0.330441488822301,-0.284048372507095,0.198421668012937,-0.187535064419111,0.919116961956024
24-Jan-2024 17:41:00,4,8,-0.161288138230642,-0.0339469673732916,0.339911703268687,-0.218217617273331,0.313465897242228,-0.196776495377223,0.9029944896698
24-Jan-2024 17:41:07,4,9,-0.195668328801791,-0.0360857511560122,0.354901065429052,-0.176505646109581,0.369057812293371,-0.218073346217473,0.886050848166148
24-Jan-2024 17:41:13,4,10,-0.173062711954117,-0.028890156870087,0.344859437147776,-0.177493653694789,0.280613338947296,-0.200916695594788,0.921620611349742
24-Jan-2024 17:41:20,4,11,-0.148036176959674,-0.00792627834404508,0.346513664722443,-0.10934693813324,0.264819620052973,-0.210461333394051,0.934676325321197
24-Jan-2024 17:41:27,4,12,-0.161474621295929,0.000199396768099784,0.349766347805659,-0.0848975196480751,0.322907759745916,-0.217268962661425,0.917233423391978
24-Jan-2024 17:41:33,4,13,-0.131220246354739,-0.0381476374963919,0.342404818534851,-0.130872636040052,0.248537969589233,-0.218692564964294,0.934491642316182
24-Jan-2024 17:41:39,4,14,-0.119436913232009,-0.0275189644346635,0.340088065465291,-0.117160794138908,0.227601699034373,-0.21359711488088,0.942786832650503
24-Jan-2024 17:41:45,4,15,-0.125022595127424,-0.0493352731068929,0.337210669120153,-0.181517527500788,0.228353050351143,-0.211269850532214,0.932883361975352
24-Jan-2024 17:41:52,4,16,-0.100568422675133,-0.0827959562341372,0.339811662832896,-0.222497593363126,0.133763501048088,-0.203351558248202,0.944060341517131
24-Jan-2024 17:41:58,4,17,-0.116007177035014,-0.0846427922447523,0.351114543279012,-0.227505073944728,0.153784402211507,-0.202369531989098,0.940020402272542
24-Jan-2024 17:42:04,4,18,-0.123000439504782,-0.14000531733036,0.370315784215927,-0.309829791386922,0.143437381585439,-0.201094349225362,0.918146133422852
24-Jan-2024 17:42:11,4,19,-0.0850776543219884,-0.10371860464414,0.345413653055827,-0.253282137711843,0.0821573252479235,-0.196952730417252,0.943561247984568
24-Jan-2024 17:42:17,4,20,-0.0831422378619512,-0.121831553677718,0.347226516405741,-0.293542377154032,0.0613084845244884,-0.189487956960996,0.934969786802928
24-Jan-2024 17:42:24,4,21,-0.055900909503301,-0.123817498485247,0.349418298403422,-0.299181725581487,-0.0057112089668711,-0.180703619122505,0.936911817391713
24-Jan-2024 17:42:30,4,22,-0.0253099681188663,-0.151491043965022,0.360089949766795,-0.359170877933502,-0.0838147396842639,-0.166746904452642,0.914421510696411
24-Jan-2024 17:42:37,4,23,0.0215238623321056,-0.128311744332314,0.345607010523478,-0.314736610651016,-0.0897020533680916,-0.202940969665845,0.922881031036377
24-Jan-2024 17:42:43,4,24,0.040887539088726,-0.100990515947342,0.34023228486379,-0.286096543073654,-0.101837242146333,-0.20992619395256,0.929359424114227
24-Jan-2024 17:42:49,4,25,0.056676296889782,-0.0940245871742566,0.346284113327662,-0.276331597566605,-0.127939028541247,-0.211052398880323,0.928832030296326
24-Jan-2024 17:42:55,4,26,0.0596520473559697,-0.0532638678948084,0.333808932701747,-0.203271700938543,-0.146951348582904,-0.201738582054774,0.946777415275574
24-Jan-2024 17:43:02,4,27,0.0893692011634509,-0.0340800203382969,0.331615666548411,-0.185735682646434,-0.15972788532575,-0.215799248218536,0.945208962758382
24-Jan-2024 17:43:09,4,28,0.0349627037843068,-0.0264967521031698,0.317070651054382,-0.19462307592233,-0.0602812739710013,-0.206506209572156,0.956997005144755
24-Jan-2024 17:43:15,4,29,0.0575101281205813,-0.00645450710629423,0.309694530566533,-0.120944493512313,-0.0934352522095045,-0.200085140268008,0.967785227298737
24-Jan-2024 17:43:21,4,30,0.0582396710912387,0.0219234832872947,0.309013863404592,-0.0691502605875333,-0.0895973061521848,-0.196233537793159,0.97400350968043
24-Jan-2024 17:43:28,4,31,0.0646532848477364,0.0293595049530268,0.308548128604889,-0.0514893924196561,-0.0973827838897705,-0.19561295012633,0.974474759896596
24-Jan-2024 17:43:33,4,32,0.0705205395817757,0.0553095087409019,0.309120333194733,0.0190550866226355,-0.0988446419437726,-0.186046755313873,0.977370595932007
24-Jan-2024 17:43:39,4,33,0.0691406612594922,0.0391348741948605,0.309313853581746,-0.0116108763342102,-0.0956010013818741,-0.189096014698346,0.97722483476003
24-Jan-2024 17:43:45,4,34,0.030503823235631,0.0267285081247489,0.306161270538966,-0.0497381336987019,-0.036177650342385,-0.188812314470609,0.980085345109304
24-Jan-2024 17:43:52,4,35,0.0678221782048543,-0.00833377533902725,0.307963665326436,-0.122510019938151,-0.103353148698807,-0.200179156661034,0.966559767723083
24-Jan-2024 17:43:58,4,36,0.0627187959849834,-0.0298336322108905,0.314740484952927,-0.172951837380727,-0.163180082043012,-0.194790574908257,0.951586111386617
24-Jan-2024 17:44:05,4,37,0.0829058294494947,-0.0140852601577838,0.318201074997584,-0.14024972418944,-0.15378913184007,-0.202757839361827,0.956853179136912
24-Jan-2024 17:44:11,4,38,0.0678276866674423,0.0193998725463947,0.309786174694697,-0.0783104032278061,-0.0978391592701276,-0.196713650226593,0.97241895198822
24-Jan-2024 17:44:17,4,39,0.0872029493252436,0.0628974671165148,0.317709785699844,0.0364175652464231,-0.10834001203378,-0.179624161124229,0.977072874704997
24-Jan-2024 17:44:24,4,40,0.0891502723097801,0.063151394824187,0.321076661348343,0.0503740797440211,-0.120990351339181,-0.176567808787028,0.975524286429087
24-Jan-2024 17:44:31,4,41,0.0439436237017314,0.0676829824844996,0.312296557426453,0.0613873489201069,-0.106412909428279,-0.180195646484693,0.975929029782613
24-Jan-2024 17:44:38,4,42,0.0438987011710803,0.0269894444694122,0.31725813349088,-0.0142225760966539,-0.151002303759257,-0.178134537736575,0.972246686617533
24-Jan-2024 17:44:45,4,43,0.0534127024312814,-0.0313371582577626,0.334388009707133,-0.15796259144942,-0.219179793198903,-0.175182061394056,0.946741358439128
24-Jan-2024 17:44:51,4,44,0.0164195237060388,-0.0497488709787528,0.33746098279953,-0.226657078663508,-0.152548779050509,-0.175154016415278,0.945873415470123
24-Jan-2024 17:44:58,4,45,0.00496467963481943,0.0129280436163147,0.321989818414052,-0.11552655150493,-0.0920580382148425,-0.185485415657361,0.971480349699656
24-Jan-2024 17:45:04,4,46,-0.0162858395526807,0.0479678879181544,0.319479787349701,-0.0549030713737011,-0.03628317390879,-0.185483704010646,0.980441248416901
24-Jan-2024 17:45:10,4,47,-0.00960385457923015,0.0710545455416044,0.319548567136129,-0.00631143013015389,-0.0497741820911566,-0.187831500172615,0.980918991565704
24-Jan-2024 17:45:15,4,48,-0.0104197594026724,0.0795552298426628,0.327166390419006,0.0114357838407159,-0.0489551025132338,-0.188192873199781,0.980844573179881
24-Jan-2024 17:45:22,4,49,0.0135681013266246,0.0595286170641581,0.337051937977473,0.00415384769439697,-0.0983868176738421,-0.186411270499229,0.977524224917094
24-Jan-2024 17:45:28,4,50,0.0199022345244885,0.0652462263902028,0.330852138996124,0.0154977298652132,-0.0371384459237258,-0.180725170175234,0.982709848880768
24-Jan-2024 17:45:35,4,51,0.00890487401435773,0.0800915251175563,0.325685344139735,0.056391553580761,-0.0158675239731868,-0.178318347533544,0.982227512200673
24-Jan-2024 17:45:41,4,52,-0.0393482344845931,0.107069574296474,0.328870193163554,0.098663563032945,0.0613598167896271,-0.177416038513184,0.977253305912018
24-Jan-2024 17:45:47,4,53,0.0089879613990585,0.140715622901916,0.334330672025681,0.152664617697398,-0.0317701657613118,-0.182760829726855,0.970712463061015
24-Jan-2024 17:45:54,4,54,0.0266521047800779,0.183860624829928,0.352605493863424,0.282677680253983,-0.02669579560558,-0.165666850407918,0.944423182805379
24-Jan-2024 17:46:00,4,55,0.0276238231609265,0.230410840113958,0.379502193133036,0.394768196344376,-0.0217426707347234,-0.159572459260623,0.904556234677633
24-Jan-2024 17:46:06,4,56,0.0279099725186825,0.224062597751617,0.386084544658661,0.406470942497253,-0.00529103356723984,-0.143721200029055,0.902273551623027
24-Jan-2024 17:46:12,4,57,0.0234131764620543,0.272666533788045,0.420160605510076,0.496959644556046,0.00217694882303476,-0.145591900746028,0.855470244089762
24-Jan-2024 17:46:19,4,58,-0.0112857636685173,0.291366515556971,0.421094487110774,0.496541120608648,0.0674922833840052,-0.1512318054835,0.852068432172139
24-Jan-2024 17:46:25,4,59,-0.0377294607460499,0.275402341286341,0.409208240111669,0.479713207483292,0.149250435829163,-0.128933643301328,0.854971146583557
24-Jan-2024 17:46:32,4,60,-0.0630633592605591,0.250526996453603,0.383163334925969,0.406150186061859,0.16801243921121,-0.147184083859126,0.88608725865682
24-Jan-2024 17:46:38,4,61,-0.0847751468420029,0.2415907929341,0.36979891260465,0.328939620653788,0.181105893850327,-0.158999428153038,0.91308190425237
24-Jan-2024 17:46:43,4,62,-0.0943165843685468,0.238689511020978,0.371946970621745,0.29800221323967,0.20505963464578,-0.158143042524656,0.918768715858459
24-Jan-2024 17:46:50,4,63,-0.111625676850478,0.201989507675171,0.353321083386739,0.189552406469981,0.226456865668297,-0.150137254595757,0.943528461456299
24-Jan-2024 17:46:56,4,64,-0.0658194094896317,0.192752169569333,0.337064119180044,0.223999163508415,0.16138271689415,-0.156517028808594,0.948304835955302
24-Jan-2024 17:47:03,4,65,-0.0186819932113091,0.163521228233973,0.327079087495804,0.199159974853198,0.0284429383774598,-0.177471290032069,0.963342984517415
24-Jan-2024 17:47:09,4,66,0.010678100399673,0.169287039836248,0.326672317584356,0.210126384099325,0.0167861544837554,-0.163015856345495,0.963841776053111
24-Jan-2024 17:47:15,4,67,0.0295603598157565,0.153542716304461,0.327648760875066,0.193791849414508,-0.0318268669148286,-0.165687356392543,0.966425283749898
24-Jan-2024 17:47:22,4,68,0.0772733762860298,0.153736559549967,0.340223453442256,0.207692145307859,-0.125133490562439,-0.166424370805422,0.955776389439901
24-Jan-2024 17:47:28,4,69,0.0551322564482689,0.149138734738032,0.337467235326767,0.186051280299822,-0.058665373424689,-0.156177000204722,0.968272590637207
24-Jan-2024 17:47:35,4,70,0.0673558861017227,0.120683163404465,0.342120925585429,0.122298280398051,-0.0700820172826449,-0.154334675272306,0.977911976973216
24-Jan-2024 17:47:42,4,71,0.0884838879108429,0.164313111702601,0.362954199314117,0.276882417996724,-0.0685420647263527,-0.120060300330321,0.95090666214625
24-Jan-2024 17:47:48,4,72,0.0941442936658859,0.147405423720678,0.371432346105576,0.284553976853689,-0.124439428249995,-0.126298700769742,0.942121283213298
24-Jan-2024 17:47:55,4,73,0.111619460086028,0.1328474710385,0.379145648082097,0.263745401302973,-0.11254597902298,-0.105445219079653,0.952183338006337
24-Jan-2024 17:48:02,4,74,0.13083586593469,0.0769663939873377,0.367795882622401,0.148995643854141,-0.156272487839063,-0.129002309838931,0.967852016290029
24-Jan-2024 17:48:08,4,75,0.158026441931725,0.0580041766166687,0.367049217224121,0.102824536462625,-0.204108176628749,-0.13952771226565,0.963482745488485
24-Jan-2024 17:48:15,4,76,0.131531953811646,0.0883936330676079,0.363814634084702,0.147922770182292,-0.147189062833786,-0.134684461355209,0.968666271368663
24-Jan-2024 17:48:20,4,77,0.119874233504136,0.0986146832505862,0.359896814823151,0.165965616703033,-0.118595206737518,-0.13021168410778,0.970276021957397
24-Jan-2024 17:48:27,4,78,0.104034675657749,0.0906526580452919,0.349391162395477,0.147660063703855,-0.12564612030983,-0.143835285305977,0.970423046747843
24-Jan-2024 17:48:33,4,79,0.0938610444466273,0.0760689874490102,0.350375729799271,0.126531369487445,-0.114095924794674,-0.145903730392456,0.97451734940211
24-Jan-2024 17:48:40,4,80,0.0901369283596675,0.0554476549228032,0.352761665980021,0.0893551424145698,-0.13091929157575,-0.152044881383578,0.975580954551697
24-Jan-2024 17:48:46,4,81,0.102445997794469,0.0440614432096481,0.355219999949137,0.0706669270992279,-0.169044927755992,-0.154235824942589,0.970897054672241
24-Jan-2024 17:48:53,4,82,0.0886568829417229,0.0738801389932632,0.361155633131663,0.120230667789777,-0.128301844000816,-0.150406338771184,0.972862366835276
24-Jan-2024 17:48:59,4,83,0.121745462715626,0.0834409152468046,0.375647113720576,0.140435302257538,-0.152506739894549,-0.138261383771896,0.968454174200694
24-Jan-2024 17:49:06,4,84,0.17140439748764,0.0863108600179354,0.389220696687698,0.175868436694145,-0.247751821080844,-0.123929333190123,0.944632641474406
24-Jan-2024 17:49:13,4,85,0.165851839383443,0.0739997352162997,0.384555129210154,0.117785596847534,-0.259807050228119,-0.148124579588572,0.94693500995636
24-Jan-2024 17:49:19,4,86,0.162366608778636,0.10660245269537,0.388379534085592,0.192463231086731,-0.292526213328044,-0.148046798507373,0.92491538921992
24-Jan-2024 17:49:25,4,87,0.162366050481796,0.0978949000438054,0.396201570828756,0.192036628723145,-0.366598308086395,-0.157899909218152,0.896546276410421
24-Jan-2024 17:49:31,4,88,0.189142307639122,0.0858793616294861,0.406117947896322,0.188995271921158,-0.432326203584671,-0.149645859996478,0.868896412849426
24-Jan-2024 17:49:38,4,89,0.196388378739357,0.09301967471838,0.409284921487172,0.195310954252879,-0.445448499917984,-0.156147872408231,0.859678510824839
24-Jan-2024 17:49:45,4,90,0.226085116465886,0.117383188009262,0.428033111492793,0.239701265096664,-0.472622090578079,-0.152283206582069,0.834255051612854
24-Jan-2024 17:49:52,4,91,0.21779612104098,0.133509344855944,0.42638076543808,0.296971309185028,-0.407093079884847,-0.107086948057016,0.857097192605336
24-Jan-2024 17:49:58,4,92,0.219202543298403,0.118109344939391,0.415873471895854,0.259482304255168,-0.371400459607442,-0.0972680995861689,0.886154206593831
24-Jan-2024 17:50:04,4,93,0.192603267232577,0.132684458295504,0.400717878341675,0.279590002695719,-0.31254344979922,-0.100273491938909,0.902270062764486
24-Jan-2024 17:50:11,4,94,0.231553100546201,0.105127533276876,0.408414852619171,0.234615565339724,-0.349992630879084,-0.084287129342556,0.90297079483668
24-Jan-2024 17:50:17,4,95,0.256782780090968,0.0875503867864609,0.422503670056661,0.205415012439092,-0.429541655381521,-0.0935336530208588,0.874385480086009
24-Jan-2024 17:50:23,4,96,0.242309888203939,0.0759987205266952,0.403874109188716,0.167092819015185,-0.400710942347844,-0.111273722350597,0.893940099080404
24-Jan-2024 17:50:30,4,97,0.270654306809107,0.04701972057422,0.423409094413122,0.111909330884616,-0.483578749497732,-0.124981391429901,0.859073642889659
24-Jan-2024 17:50:36,4,98,0.271112229426702,0.0492369053264459,0.422958393891652,0.115793997546037,-0.48260330359141,-0.12494140714407,0.859112735589345
24-Jan-2024 17:50:42,4,99,0.240060846010844,0.0464080172280471,0.391119424502055,0.09818344861269,-0.42848294377327,-0.140445360541344,0.887151292959849
24-Jan-2024 17:50:49,4,100,0.202605041861534,0.0136172602574031,0.371119552850723,0.0120174887279669,-0.418821734189987,-0.163637606302897,0.89312185049057
24-Jan-2024 17:51:02,5,1,-0.121498896678289,-0.00515112314994136,0.301154983043671,-0.0951521128416061,0.217271662751834,-0.189209203918775,0.952858324845632
24-Jan-2024 17:51:09,5,2,-0.107648920019468,-0.0466071831683318,0.297446159521739,-0.160757263501485,0.158456785480181,-0.188377049565315,0.955804701646169
24-Jan-2024 17:51:16,5,3,-0.0764075309038162,-0.0905093138416608,0.302286128203074,-0.23035410741965,0.0603481709957123,-0.178745072086652,0.954643944899241
24-Jan-2024 17:51:22,5,4,-0.0887790858745575,-0.106625897188981,0.313450602690379,-0.300142321983973,0.0915662363171577,-0.178382256627083,0.932582414150238
24-Jan-2024 17:51:29,5,5,-0.0899227996667226,-0.128509803613027,0.321817249059677,-0.295102685689926,0.0602690023680528,-0.172621113061905,0.937808100382487
24-Jan-2024 17:51:36,5,6,-0.110605714718501,-0.107060099144777,0.340683142344157,-0.366703116893768,0.152737070123355,-0.177491562565168,0.900387052694956
24-Jan-2024 17:51:42,5,7,-0.133235713839531,-0.0752088993787765,0.33044802347819,-0.284166369835536,0.199943442145983,-0.184704707066218,0.919323821862539
24-Jan-2024 17:51:50,5,8,-0.161623039841652,-0.0340818343063196,0.339888095855713,-0.217158370216688,0.314886812369029,-0.193459732333819,0.903472018241882
24-Jan-2024 17:51:56,5,9,-0.195756595333417,-0.0362790207068125,0.354778816302617,-0.175205392638842,0.369771011670431,-0.215086561441422,0.886741348107656
24-Jan-2024 17:52:03,5,10,-0.173670094211896,-0.0289976040522257,0.344776185353597,-0.177722595135371,0.281758459409078,-0.197216205795606,0.922026364008586
24-Jan-2024 17:52:10,5,11,-0.14958733022213,-0.00803056887040536,0.346724790334702,-0.110195677479108,0.266811128457387,-0.206813931465149,0.934824438889821
24-Jan-2024 17:52:16,5,12,-0.161961978673935,0.000419221381889656,0.349881488084793,-0.0812082931399345,0.32029287815094,-0.213701025644938,0.919320142269134
24-Jan-2024 17:52:22,5,13,-0.132514023780823,-0.0385941982269287,0.342475185791651,-0.131043482820193,0.250176664193471,-0.215024483203888,0.934881599744161
24-Jan-2024 17:52:28,5,14,-0.120362589259942,-0.0278099894523621,0.340115372339884,-0.117090428372224,0.228777401645978,-0.210506813724836,0.94320596853892
24-Jan-2024 17:52:35,5,15,-0.126028943061829,-0.0496908962726593,0.337276335557302,-0.181045044461886,0.230002980430921,-0.207618633906047,0.933389437198639
24-Jan-2024 17:52:41,5,16,-0.101137222846349,-0.0831784913937251,0.339915895462036,-0.223397159576416,0.13497275908788,-0.200209475557009,0.944347409407298
24-Jan-2024 17:52:48,5,17,-0.117972102761269,-0.0847954173882802,0.351179603735606,-0.226931783556938,0.156308058897654,-0.198735544085503,0.940517858664195
24-Jan-2024 17:52:54,5,18,-0.124383653203646,-0.139961484074593,0.370421063899994,-0.310910300413767,0.145568263530731,-0.197866264979045,0.918146789073944
24-Jan-2024 17:53:01,5,19,-0.0847898066043854,-0.103249803682168,0.345238657792409,-0.253939080238342,0.0843419601519903,-0.193973192572594,0.943809167544047
24-Jan-2024 17:53:07,5,20,-0.0842171370983124,-0.122971245149771,0.347624313831329,-0.295388319094976,0.0632466867566109,-0.186172491312027,0.934925357500712
24-Jan-2024 17:53:13,5,21,-0.0565230950713158,-0.123958719770114,0.349366929133733,-0.299040385087331,-0.00359205889205138,-0.177301605542501,0.937617135047913
24-Jan-2024 17:53:20,5,22,-0.0263027862956127,-0.151799842715263,0.359993493556976,-0.360185001293818,-0.0807329128185908,-0.163948355118434,0.914805924892426
24-Jan-2024 17:53:27,5,23,0.0209837889919678,-0.128570854663849,0.345269115765889,-0.314204331239065,-0.0878455723325411,-0.199847743908564,0.923915402094523
24-Jan-2024 17:53:32,5,24,0.0398440177241961,-0.102086677650611,0.340236359834671,-0.288178797562917,-0.0992877185344696,-0.206733602285385,0.929707463582357
24-Jan-2024 17:53:38,5,25,0.055618812640508,-0.0944730967283249,0.346001180013021,-0.277328554789225,-0.125723355015119,-0.207533994317055,0.929629961649577
24-Jan-2024 17:53:45,5,26,0.0594860528906186,-0.0541779294610023,0.333506248394648,-0.203888075550397,-0.145879845817884,-0.198266456524531,0.947543712457021
24-Jan-2024 17:53:52,5,27,0.0875590259830157,-0.0350617135564486,0.331515560547511,-0.188243620594343,-0.156139188011487,-0.212808232506116,0.945990268389384
24-Jan-2024 17:53:58,5,28,0.0347886696457863,-0.0268231049180031,0.316780467828115,-0.195610410968463,-0.0586551561951637,-0.203225508332253,0.957598849137624
24-Jan-2024 17:54:05,5,29,0.0569684366385142,-0.00709070206309358,0.309386587142944,-0.122394645214081,-0.0918547317385674,-0.19640526175499,0.968507750829061
24-Jan-2024 17:54:10,5,30,0.0579473505417506,0.0221192821860313,0.308824511369069,-0.0686660960316658,-0.0888201927145322,-0.192934723695119,0.974767756462097
24-Jan-2024 17:54:17,5,31,0.0642017056544622,0.0295048193385204,0.30828804175059,-0.0516071411470572,-0.0967767621080081,-0.191953306396802,0.975256339708964
24-Jan-2024 17:54:23,5,32,0.0704369972149531,0.0554034153620402,0.308801239728928,0.0188852903743585,-0.0982183908422788,-0.182027544577916,0.978193493684133
24-Jan-2024 17:54:29,5,33,0.0689904297391574,0.0385179723302523,0.308879544337591,-0.0134539109344284,-0.0955583756168683,-0.185201541582743,0.977950934569041
24-Jan-2024 17:54:35,5,34,0.0292957819998264,0.0262761481106281,0.305897261699041,-0.0514461805423101,-0.033793805539608,-0.1846657594045,0.98087199529012
24-Jan-2024 17:54:42,5,35,0.0672313436865807,-0.0088488508015871,0.307651786009471,-0.124668420354525,-0.101943306128184,-0.196300966540972,0.967228670914968
24-Jan-2024 17:54:48,5,36,0.0638770570357641,-0.0303725729386012,0.314656088749568,-0.174001068870227,-0.162384116649628,-0.191786832610766,0.9521409034729
24-Jan-2024 17:54:54,5,37,0.0823685412605604,-0.0144601925586661,0.317811568578084,-0.140753453969955,-0.152285140752792,-0.198687139153481,0.957873197396596
24-Jan-2024 17:55:00,5,38,0.0677116875847181,0.0197123729934295,0.309323114156723,-0.0789307966828346,-0.0969271053870519,-0.192855805158615,0.97323256333669
24-Jan-2024 17:55:07,5,39,0.085616597533226,0.0628012691934903,0.317113669713338,0.0354931386808554,-0.10672275274992,-0.175929380456607,0.977956704298655
24-Jan-2024 17:55:14,5,40,0.0882068822781245,0.0625613791247209,0.320595075686773,0.0493127706150214,-0.12013400097688,-0.172852730751038,0.976349345842997
24-Jan-2024 17:55:21,5,41,0.0453511791924636,0.0671397000551224,0.312840807437897,0.0606757067143917,-0.112323558827241,-0.176200913389524,0.976040561993917
24-Jan-2024 17:55:27,5,42,0.0433515086770058,0.0277583438903093,0.316951179504395,-0.0133541119595369,-0.148787436882655,-0.174530929327011,0.973253504435221
24-Jan-2024 17:55:34,5,43,0.0525474908451239,-0.0308202202121417,0.333920433123906,-0.15862233042717,-0.217241795857747,-0.172107187906901,0.947641257445017
24-Jan-2024 17:55:40,5,44,0.0144824898491303,-0.0490135252475739,0.336568228403727,-0.227971156438192,-0.146179788311323,-0.172623800237974,0.94702779452006
24-Jan-2024 17:55:47,5,45,0.00492922797178229,0.0128052142759164,0.321753736337026,-0.116596411168575,-0.0912033438682556,-0.181798216700554,0.972129929065704
24-Jan-2024 17:55:53,5,46,-0.0181577184547981,0.0477690475682418,0.318846784035365,-0.0563336563607057,-0.0312029567857583,-0.181806072592735,0.98122345606486
24-Jan-2024 17:55:59,5,47,-0.00967346597462893,0.071027726928393,0.319243450959524,-0.00645452992369731,-0.0488587898512681,-0.184483342369397,0.981599247455597
24-Jan-2024 17:56:05,5,48,-0.011026345876356,0.0791454762220383,0.326857550938924,0.0106138409425815,-0.0479844061036905,-0.184539779027303,0.981595587730408
24-Jan-2024 17:56:11,5,49,0.0135488976414005,0.0592200487852097,0.33684083422025,0.00394771777403851,-0.0986645177006722,-0.182960765560468,0.978148814042409
24-Jan-2024 17:56:18,5,50,0.0188773660610119,0.0639302710692088,0.330639433860779,0.0131961366161704,-0.0350979680816332,-0.177881305416425,0.983337318897247
24-Jan-2024 17:56:24,5,51,0.00777062590544422,0.0797672470410665,0.325388940175374,0.0561681265632311,-0.015184198319912,-0.175211290518443,0.98281006415685
24-Jan-2024 17:56:30,5,52,-0.0376719484726588,0.107347596685092,0.32867174744606,0.0999030768871307,0.0605690297981103,-0.173291838169098,0.977916542689006
24-Jan-2024 17:56:36,5,53,0.00881230135758718,0.140181896090508,0.333849058548609,0.150358677903811,-0.0318141646683216,-0.179172713557879,0.971739292144775
24-Jan-2024 17:56:43,5,54,0.0253237012773752,0.183479620019595,0.352317537864049,0.280540678898493,-0.0255366938809554,-0.162354788184166,0.945666817824046
24-Jan-2024 17:56:49,5,55,0.0281215752164523,0.231038190921148,0.379750772317251,0.395832745234172,-0.0230039464930693,-0.155594440301259,0.904752735296885
24-Jan-2024 17:56:55,5,56,0.0291402451694012,0.223350288470586,0.385945387681325,0.406537008285522,-0.00824338874469201,-0.140399027864138,0.902744583288829
24-Jan-2024 17:57:02,5,57,0.0229740134129922,0.272595526774724,0.419788257280986,0.494935345649719,-0.000203603208926021,-0.14276252190272,0.857121773560842
24-Jan-2024 17:57:08,5,58,-0.0115736306334535,0.291446924209595,0.42072896361351,0.495843839645386,0.0646510759989421,-0.147624170780182,0.853326539198557
24-Jan-2024 17:57:15,5,59,-0.0379463801781336,0.275733677546183,0.409169812997182,0.480609798431397,0.146152118841807,-0.124614654978116,0.855643018086751
24-Jan-2024 17:57:21,5,60,-0.0635369886954626,0.251020244757334,0.383528111378352,0.407879527409871,0.16648274064064,-0.142154291272163,0.886402805646261
24-Jan-2024 17:57:27,5,61,-0.0853688423832258,0.242055745919545,0.370194905996323,0.331750078996023,0.180325928330421,-0.153717395663261,0.91312396923701
24-Jan-2024 17:57:33,5,62,-0.0940607835849126,0.239367990692457,0.37209091981252,0.298915195465088,0.204594578345617,-0.153368713458379,0.91938499212265
24-Jan-2024 17:57:39,5,63,-0.111523648599784,0.202213018139203,0.353187735875448,0.190665498375893,0.225395745038986,-0.144714993238449,0.94440510670344
24-Jan-2024 17:57:46,5,64,-0.0667644113302231,0.193145935734113,0.337132424116135,0.223781364162763,0.161983411510785,-0.150998281439145,0.949148333072662
24-Jan-2024 17:57:53,5,65,-0.0197045141210159,0.164034722248713,0.327175283432007,0.199440844853719,0.0285299361993869,-0.171792396903038,0.964311261971792
24-Jan-2024 17:57:59,5,66,0.0102758718033632,0.169673917690913,0.326491661866506,0.209819364547729,0.0157618932425976,-0.15774456957976,0.964802614847819
24-Jan-2024 17:58:05,5,67,0.0297229412943125,0.154068653782209,0.327423117558161,0.193692588806152,-0.0337357401847839,-0.16057203511397,0.967244299252828
24-Jan-2024 17:58:11,5,68,0.0762403537829717,0.153954381744067,0.339848335584005,0.209897645314535,-0.123971266547839,-0.161845575769742,0.956232229868571
24-Jan-2024 17:58:18,5,69,0.0548789210617542,0.149512062470118,0.336459159851074,0.193824096520742,-0.0708493277430534,-0.152560392022133,0.966508082548777
24-Jan-2024 17:58:24,5,70,0.0661388983329137,0.121751487255096,0.342187986771266,0.124070411920547,-0.0692730367183685,-0.148850191632907,0.97859632174174
24-Jan-2024 17:58:31,5,71,0.0878207857410113,0.164615713556608,0.362688426176707,0.276270029942195,-0.0693429246544838,-0.115431410074234,0.951599677403768
24-Jan-2024 17:58:37,5,72,0.0932405784726143,0.146634323398272,0.370878652731578,0.282630894581477,-0.125654569268227,-0.121918417513371,0.94311538139979
24-Jan-2024 17:58:44,5,73,0.111355328559875,0.132502068082492,0.378661362330119,0.2620197057724,-0.113258340954781,-0.100858837862809,0.953071582317352
24-Jan-2024 17:58:51,5,74,0.129848670959473,0.0775043914715449,0.367363933722178,0.149017478028933,-0.155132427811623,-0.123591804504395,0.968737737337748
24-Jan-2024 17:58:58,5,75,0.157436244686445,0.0575264861186345,0.36648682753245,0.0998437479138374,-0.203659957647324,-0.13509820997715,0.964521833260854
24-Jan-2024 17:59:04,5,76,0.130861760179202,0.0878072480360667,0.363403775294622,0.145749896764755,-0.148511772354444,-0.129996990164121,0.969433883825938
24-Jan-2024 17:59:10,5,77,0.11941195577383,0.098345082004865,0.35952085852623,0.164535124103228,-0.118844023346901,-0.12532009780407,0.971132938067118
24-Jan-2024 17:59:17,5,78,0.103271075586478,0.0913267776370048,0.349175461133321,0.148132830858231,-0.124184167385101,-0.137687756617864,0.971430420875549
24-Jan-2024 17:59:23,5,79,0.0933604975541433,0.0754601826270421,0.350008946657181,0.124939785897732,-0.114367026587327,-0.140782907605171,0.975443689028422
24-Jan-2024 17:59:29,5,80,0.0896394148468971,0.0551574550569057,0.352403676509857,0.0875875721375148,-0.13064598540465,-0.146929326653481,0.976561252276103
24-Jan-2024 17:59:35,5,81,0.101448040207227,0.0446108678976695,0.354946418603261,0.071068511903286,-0.168123600880305,-0.148321643471718,0.971948746840159
24-Jan-2024 17:59:42,5,82,0.08829199274381,0.0737081363797188,0.36078541080157,0.118827630579472,-0.128272606929143,-0.145260074734688,0.973820153872172
24-Jan-2024 17:59:48,5,83,0.120904191831748,0.0841742768883705,0.375381447871526,0.140212278564771,-0.152540697654088,-0.133430683612823,0.969158450762431
24-Jan-2024 17:59:55,5,84,0.170638400316238,0.0867523362239202,0.388790601491928,0.174790782729785,-0.247505552570025,-0.119356215000153,0.945485742886861
24-Jan-2024 18:00:02,5,85,0.166003903746605,0.0737009550134341,0.384047685066859,0.11248945693175,-0.262623224655787,-0.143999370932579,0.94743826786677
24-Jan-2024 18:00:08,5,86,0.161941136916478,0.10658269872268,0.38797381122907,0.189444956183434,-0.294158341487249,-0.144127749403318,0.925639549891154
24-Jan-2024 18:00:14,5,87,0.161932194232941,0.0976468438903491,0.39572168191274,0.188756211598714,-0.367599149545034,-0.153760147094727,0.897552092870077
24-Jan-2024 18:00:21,5,88,0.189066504438718,0.0855816528201103,0.405797664324443,0.185834671060244,-0.433681118488312,-0.14551603893439,0.869604070981344
24-Jan-2024 18:00:27,5,89,0.195564342538516,0.0931271408994993,0.407872525850932,0.191087638338407,-0.444376444816589,-0.152236155668894,0.861881232261658
24-Jan-2024 18:00:34,5,90,0.226052079598109,0.117129024863243,0.427492900689443,0.235087608297666,-0.473469597101212,-0.148539194464684,0.835760982831319
24-Jan-2024 18:00:41,5,91,0.21826860109965,0.133942334850629,0.426286669572194,0.294472034772237,-0.408568473656972,-0.102576914429665,0.857808800538381
24-Jan-2024 18:00:47,5,92,0.219621987144152,0.118208107352257,0.415964835882187,0.256778794527054,-0.373817350467046,-0.0923082813620567,0.886455881595612
24-Jan-2024 18:00:53,5,93,0.192764045794805,0.132137921452522,0.400405311584473,0.276073841253916,-0.314666936794917,-0.0958277930816015,0.903097442785899
24-Jan-2024 18:01:00,5,94,0.232009452581406,0.106232205530008,0.408186050256093,0.230645435055097,-0.350820442040761,-0.0810860042770704,0.903964904944102
24-Jan-2024 18:01:06,5,95,0.256373929977417,0.0869939317305883,0.421807163953781,0.201033593217532,-0.430236260096232,-0.0896023576458295,0.875473340352376
24-Jan-2024 18:01:12,5,96,0.242289834221204,0.0754642441868782,0.403601084152857,0.163400895396868,-0.401510582367579,-0.107149388392766,0.894767240683238
24-Jan-2024 18:01:19,5,97,0.270337247848511,0.0467782234152158,0.422947305440903,0.107923357188702,-0.484569877386093,-0.121454540391763,0.859530913829804
24-Jan-2024 18:01:25,5,98,0.270553994178772,0.0490348324179649,0.422362420956294,0.111844165623188,-0.482498830556869,-0.121289657056332,0.860217754046122
24-Jan-2024 18:01:31,5,99,0.239699455102285,0.045933959633112,0.390581144889196,0.0930124059319496,-0.428658376137416,-0.136745128035545,0.888201212882996
24-Jan-2024 18:01:38,5,100,0.202811993161837,0.0132180117070675,0.37079528371493,0.00866685720781485,-0.4194304784139,-0.159231944878896,0.893671162923177
