Time,Force,Rotation,Torque
(s),(mN),(deg),(N-mm)
0,94.5276,44.9019,3.2849
0.05,93.6583,44.9005,3.3379
0.1,94.8944,44.8232,3.5391
0.15,94.1915,44.72,3.6912
0.2,92.6867,44.6206,3.9592
0.25,96.6418,44.5203,4.1438
0.3,97.115,44.4202,4.432
0.35,98.2366,44.3205,4.6246
0.4,99.4554,44.2201,4.7513
0.45,93.8987,44.1204,4.8951
0.5,93.2088,44.0198,5.1354
0.55,91.2921,43.9203,5.3393
0.6,91.6871,43.8204,5.5125
0.65,90.6116,43.7202,5.6319
0.7,91.0338,43.6204,5.9098
0.75,94.08,43.5203,6.0392
0.8,93.265,43.4207,6.2125
0.85,92.767,43.3203,6.3076
0.9,92.6975,43.2204,6.5427
0.95,89.6285,43.1204,6.728
1,92.9091,43.0203,6.8012
1.05,102.9121,42.9205,7.0433
1.1,102.5265,42.8207,7.3221
1.15,109.0133,42.7204,7.5476
1.2,109.5808,42.6205,7.6432
1.25,106.4814,42.5206,7.9596
1.3,106.3886,42.4203,8.1471
1.35,108.4666,42.3204,8.2555
1.4,115.4715,42.2202,8.4724
1.45,119.1475,42.1203,8.5813
1.5,126.8855,42.0203,8.7252
1.55,134.7345,41.9204,9.0088
1.6,137.5595,41.8205,9.2611
1.65,134.7627,41.7205,9.2942
1.7,137.5336,41.6203,9.4899
1.75,142.06,41.5207,9.7552
1.8,146.7718,41.4206,9.8684
1.85,152.8488,41.3203,9.9396
1.9,158.3959,41.2205,10.167
1.95,160.1728,41.1205,10.3318
2,164.4867,41.0207,10.469
2.05,163.4181,40.9204,10.6441
2.1,164.3589,40.8204,10.774
2.15,170.1068,40.7204,11.0428
2.2,171.752,40.6206,11.2667
2.25,178.1503,40.5206,11.3221
2.3,185.3701,40.4199,11.4464
2.35,191.6769,40.3203,11.6734
2.4,185.7175,40.2208,11.7348
2.45,189.4249,40.1204,12.0041
2.5,186.4047,40.0207,12.1244
2.55,189.6711,39.9205,12.2288
2.6,198.0425,39.8207,12.3836
2.65,199.4275,39.7206,12.6489
2.7,212.4266,39.6206,12.824
2.75,217.6787,39.5205,12.9612
2.8,218.5835,39.4205,13.203
2.85,219.1746,39.321,13.3383
2.9,217.6351,39.2206,13.5034
2.95,219.7953,39.1206,13.6521
3,220.7557,39.0205,13.7693
3.05,221.7988,38.9208,14.0789
3.1,224.5241,38.8207,14.1725
3.15,235.8897,38.7208,14.3319
3.2,238.944,38.62,14.4579
3.25,237.4973,38.5205,14.6679
3.3,236.7229,38.4205,14.8302
3.35,237.9265,38.3204,14.9962
3.4,242.8946,38.2205,15.1405
3.45,245.3478,38.1205,15.3582
3.5,252.8117,38.0209,15.4464
3.55,256.3358,37.9205,15.6223
3.6,259.4287,37.8206,15.768
3.65,259.546,37.7205,15.925
3.7,259.234,37.6205,16.149
3.75,260.2941,37.5205,16.3624
3.8,267.7468,37.4209,16.5371
3.85,269.0956,37.3206,16.6159
3.9,274.9829,37.2207,16.77
3.95,284.0271,37.1209,16.9158
4,289.2289,37.0206,17.1616
4.05,292.3773,36.9206,17.3505
4.1,293.282,36.82,17.4897
4.15,294.5929,36.7207,17.6491
4.2,295.6582,36.6208,17.7005
4.25,299.988,36.5207,17.9755
4.3,307.9947,36.4208,18.1647
4.35,318.9802,36.3207,18.2487
4.4,317.37,36.2208,18.5645
4.45,316.2686,36.1209,18.6897
4.5,318.0887,36.0208,18.8394
4.55,320.1158,35.9209,18.988
4.6,332.0869,35.8208,19.1614
4.65,338.9339,35.7208,19.4086
4.7,344.0553,35.6212,19.3955
4.75,350.792,35.5208,19.7521
4.8,360.0542,35.4208,19.8894
4.85,357.5145,35.321,20.0277
4.9,362.5244,35.2207,20.3206
4.95,362.1545,35.1208,20.3441
5,371.8681,35.0205,20.4945
5.05,375.5948,34.9205,20.6421
5.1,384.5915,34.8209,20.8658
5.15,389.0589,34.7207,20.9887
5.2,397.8068,34.6208,21.2207
5.25,393.4942,34.5209,21.3885
5.3,397.9826,34.4209,21.4777
5.35,401.4754,34.3209,21.6796
5.4,413.6442,34.2209,21.7764
5.45,416.9122,34.121,22.0683
5.5,422.0766,34.0208,22.25
5.55,432.0451,33.9212,22.3901
5.6,440.212,33.8211,22.5383
5.65,438.3043,33.721,22.8161
5.7,449.85,33.621,22.924
5.75,451.5437,33.521,23.1478
5.8,460.9248,33.4209,23.2473
5.85,470.5035,33.3209,23.5438
5.9,479.2536,33.2205,23.56
5.95,481.3126,33.1208,23.8627
6,490.7736,33.0213,23.9717
6.05,494.9484,32.9211,24.0586
6.1,494.3245,32.821,24.2896
6.15,499.3915,32.721,24.4642
6.2,507.4669,32.6212,24.5943
6.25,509.774,32.5211,24.8302
6.3,518.9453,32.4212,24.9766
6.35,525.1645,32.321,25.2582
6.4,534.5113,32.2211,25.372
6.45,535.4545,32.1215,25.5538
6.5,535.9462,32.0211,25.6887
6.55,547.0894,31.9213,25.8633
6.6,551.3764,31.8213,26.0752
6.65,556.5355,31.7214,26.0715
6.7,567.5755,31.6212,26.3032
6.75,577.9658,31.5212,26.5431
6.8,585.8074,31.4206,26.713
6.85,584.6189,31.3212,26.8469
6.9,591.962,31.2212,27.0331
6.95,595.5932,31.1212,27.1953
7,599.5318,31.0212,27.3158
7.05,607.9779,30.9212,27.5108
7.1,619.2549,30.8215,27.6972
7.15,621.6583,30.7212,27.8448
7.2,636.4971,30.6214,27.9201
7.25,637.9488,30.5213,28.1827
7.3,644.7597,30.4212,28.2682
7.35,642.5534,30.3214,28.5025
7.4,651.5936,30.2216,28.6255
7.45,657.8562,30.1214,28.7841
7.5,663.1995,30.0215,28.9331
7.55,666.4639,29.9217,29.1423
7.6,673.8024,29.8213,29.2295
7.65,670.9787,29.7215,29.5034
7.7,672.8067,29.6207,29.6395
7.75,671.3399,29.5213,29.6313
7.8,670.9085,29.4214,29.8632
7.85,675.5715,29.3212,29.9826
7.9,683.5676,29.2214,30.2128
7.95,688.565,29.1216,30.2875
8,695.0889,29.0218,30.4488
8.05,693.9397,28.9215,30.6352
8.1,697.5175,28.8216,30.8084
8.15,708.1,28.7215,31.0126
8.2,711.633,28.6214,31.2475
8.25,719.3781,28.5215,31.39
8.3,724.4208,28.4218,31.5917
8.35,734.6596,28.3214,31.593
8.4,744.9872,28.2215,31.7638
8.45,748.8435,28.1218,31.9173
8.5,754.0901,28.0213,32.0997
8.55,757.4481,27.9216,32.3024
8.6,762.9327,27.8211,32.4363
8.65,771.9049,27.7213,32.7136
8.7,777.0111,27.6217,32.8791
8.75,789.9633,27.5213,32.8767
8.8,802.8457,27.4215,33.1137
8.85,806.4366,27.3215,33.3895
8.9,808.2189,27.2217,33.3967
8.95,809.1065,27.1216,33.5854
9,812.8665,27.0216,33.7772
9.05,815.6765,26.9217,33.9064
9.1,809.7448,26.8215,34.022
9.15,811.5906,26.7223,34.0719
9.2,814.1813,26.6215,34.3926
9.25,827.2832,26.5216,34.5022
9.3,827.7551,26.4214,34.6297
9.35,832.8411,26.3218,34.8987
9.4,838.4436,26.2216,34.9965
9.45,845.8494,26.1217,35.1241
9.5,855.3081,26.0211,35.311
9.55,865.3523,25.9216,35.5068
9.6,880.9839,25.8214,35.587
9.65,893.9615,25.7217,35.8183
9.7,898.1659,25.6218,35.9198
9.75,907.5637,25.5218,36.2184
9.8,914.4461,25.4217,36.2903
9.85,920.5129,25.3215,36.4328
9.9,931.9554,25.2218,36.6384
9.95,945.0324,25.1216,36.8544
9.983,949.4399,25.0556,36.9685
9.984,950.0744,25.0536,36.9692
27.327,38.9149,44.4762,3.6378
27.377,39.5532,44.4748,3.6161
27.427,38.2861,44.3972,3.8231
27.477,46.1038,44.2941,4.0481
27.527,45.8306,44.1943,4.175
27.577,46.0769,44.0944,4.3166
27.627,48.7219,43.9938,4.644
27.677,49.5682,43.8943,4.75
27.727,45.0469,43.7943,4.8957
27.777,49.0887,43.6942,5.0186
27.827,50.1495,43.5943,5.3449
27.877,58.5387,43.4942,5.5654
27.927,59.7593,43.3943,5.6444
27.977,56.6627,43.2942,5.9082
28.027,62.3215,43.1941,6.0296
28.077,60.502,43.0942,6.1885
28.127,57.8299,42.994,6.5446
28.177,58.0533,42.8943,6.6044
28.227,63.1388,42.7945,6.7373
28.277,67.8143,42.6941,6.991
28.327,74.2876,42.5941,7.1788
28.377,77.5704,42.4943,7.326
28.427,82.7617,42.3942,7.5881
28.477,79.9128,42.2942,7.7483
28.527,83.1117,42.1938,7.9036
28.577,87.0839,42.094,7.986
28.627,93.4132,41.9941,8.277
28.677,98.51,41.8942,8.367
28.727,105.0943,41.7942,8.4948
28.777,113.1,41.6944,8.769
28.827,109.6264,41.5945,8.9447
28.877,116.8436,41.4944,9.0958
28.927,121.6355,41.3944,9.2574
28.977,128.6432,41.2942,9.5242
29.027,135.5909,41.1944,9.6366
29.077,147.3172,41.0944,9.7399
29.127,151.9624,40.9945,9.9237
29.177,154.5526,40.8944,10.0538
29.227,158.8725,40.7944,10.1853
29.277,164.0359,40.6944,10.4021
29.327,165.5345,40.5944,10.5649
29.377,170.866,40.4945,10.6903
29.427,178.9694,40.3939,10.8162
29.477,183.8793,40.2943,11.1316
29.527,190.8874,40.1947,11.2206
29.577,189.3833,40.0944,11.4261
29.627,194.7639,39.9947,11.5201
29.677,199.5078,39.8943,11.6998
29.727,203.4827,39.7946,11.9425
29.777,210.4631,39.6946,12.1757
29.827,214.9691,39.5946,12.3126
29.877,221.6605,39.4943,12.3689
29.927,224.3627,39.3944,12.5862
29.977,227.6542,39.2949,12.7276
30.027,229.9432,39.1945,12.9011
30.077,228.5949,39.0945,13.0914
30.127,229.1744,38.9945,13.1633
30.177,232.9048,38.8946,13.4465
30.227,235.9475,38.7946,13.5585
30.277,243.6977,38.6945,13.813
30.327,246.3254,38.5941,13.9017
30.377,253.2312,38.4945,14.1589
30.427,253.3531,38.3947,14.2429
30.477,256.5795,38.2943,14.4403
30.527,257.5012,38.1944,14.6288
30.577,261.2785,38.0944,14.7984
30.627,270.8298,37.9946,14.9501
30.677,279.0998,37.8945,15.1961
30.727,284.1033,37.7946,15.1968
30.777,287.0378,37.6945,15.4537
30.827,285.9437,37.5944,15.6985
30.877,290.8098,37.4948,15.8296
30.927,293.657,37.3947,15.9667
30.977,295.2097,37.2945,16.1079
31.027,309.3542,37.1946,16.2766
31.077,316.3788,37.0946,16.4594
31.127,321.9994,36.9945,16.6861
31.177,319.4633,36.8946,16.7289
31.227,320.4761,36.7941,16.9218
31.277,319.8087,36.6945,17.0535
31.327,327.447,36.5947,17.2736
31.377,337.8122,36.4944,17.4886
31.427,342.8466,36.3945,17.6618
31.477,348.5719,36.2945,17.7802
31.527,355.0539,36.1947,17.9185
31.577,353.1626,36.0947,18.1751
31.627,356.5059,35.9947,18.2929
31.677,356.8,35.8947,18.5176
31.727,356.4853,35.7946,18.6414
31.777,358.4784,35.6948,18.8418
31.827,359.1883,35.5947,18.9639
31.877,364.1095,35.4945,19.0036
31.927,368.1344,35.3947,19.3362
31.977,366.5183,35.2946,19.3976
32.027,363.2973,35.1946,19.6367
32.077,373.6144,35.0946,19.7008
32.127,365.4656,34.9942,20.0317
32.177,374.2128,34.8946,20.121
32.227,382.7012,34.795,20.2581
32.277,389.7751,34.6945,20.5201
32.327,391.0204,34.5948,20.5578
32.377,399.6923,34.4948,20.9196
32.427,394.3684,34.3947,20.9686
32.477,398.7596,34.2949,21.2022
32.527,399.7249,34.1947,21.278
32.577,405.45,34.0948,21.4629
32.627,415.5834,33.9948,21.6071
32.677,417.6598,33.895,21.8887
32.727,417.9248,33.7948,21.9129
32.777,423.9001,33.6948,22.1023
32.827,420.9944,33.5949,22.1198
32.877,428.1687,33.4948,22.5272
32.927,434.0385,33.3948,22.6013
32.977,439.2661,33.2948,22.833
33.027,448.6147,33.1942,22.9775
33.077,456.3575,33.0948,23.1756
33.127,459.0477,32.995,23.3197
33.177,458.5598,32.8947,23.4198
33.227,461.5016,32.795,23.6173
33.277,470.1024,32.6947,23.7504
33.327,473.0062,32.5949,24.0775
33.377,481.9171,32.4949,24.2814
33.427,489.9274,32.3949,24.3311
33.477,501.2841,32.2947,24.5163
33.527,503.3724,32.1948,24.6011
33.577,503.8842,32.0953,24.8129
33.627,503.6365,31.9951,25.0246
33.677,510.096,31.895,25.1905
33.727,517.2855,31.7948,25.3473
33.777,522.7427,31.6949,25.4376
33.827,532.4687,31.5951,25.5955
33.877,535.6159,31.4951,25.8095
33.927,534.7151,31.3946,25.929
33.977,541.1906,31.2951,26.037
34.027,542.6429,31.195,26.2171
34.077,547.2464,31.0951,26.396
34.127,555.7518,30.9949,26.5968
34.177,563.1281,30.8951,26.8152
34.227,576.1653,30.7953,26.851
34.277,583.4988,30.6951,27.0942
34.327,584.448,30.5952,27.2866
34.377,584.3297,30.495,27.3724
34.427,591.386,30.3951,27.4868
34.477,594.1861,30.2952,27.7401
34.527,594.7769,30.1954,27.8729
34.577,606.7404,30.0951,28.1295
34.627,609.3557,29.9952,28.2979
34.677,612.6666,29.895,28.4791
34.727,617.3501,29.7951,28.6258
34.777,621.0691,29.6951,28.7659
34.827,623.2224,29.5946,29.0415
34.877,633.8004,29.4952,29.109
34.927,641.894,29.3953,29.3669
34.977,651.0816,29.2949,29.4232
35.027,657.3535,29.1951,29.6146
35.077,660.4903,29.0951,29.7781
35.127,661.2193,28.9952,30.0526
35.177,666.1634,28.8952,30.0655
35.227,679.0004,28.7954,30.3297
35.277,683.9004,28.695,30.5273
35.327,691.9377,28.5952,30.65
35.377,698.2161,28.4954,30.8633
35.427,701.6825,28.3954,31.0088
35.477,708.8938,28.2952,31.1767
35.527,708.9604,28.1953,31.3701
35.577,718.2459,28.0953,31.6618
35.627,718.3877,27.9952,31.8044
35.677,729.1443,27.8953,31.8626
35.727,739.5288,27.7946,32.0164
35.777,750.8448,27.6951,32.2074
35.827,750.5945,27.5955,32.3962
35.877,758.7792,27.4951,32.6276
35.927,759.7914,27.3952,32.726
35.977,767.2553,27.2953,32.7214
36.027,772.7481,27.1953,33.0505
36.077,777.3035,27.0954,33.1455
36.127,787.3586,26.9953,33.4837
36.177,794.8972,26.895,33.5589
36.227,802.2087,26.7952,33.767
36.277,804.882,26.6955,33.9385
36.327,813.6754,26.5953,34.1846
36.377,819.2447,26.4952,34.2087
36.427,830.2567,26.3953,34.513
36.477,843.9025,26.2954,34.6246
36.527,859.8595,26.1953,34.8003
36.577,862.3935,26.0952,35.0605
36.627,868.5129,25.9949,35.1218
36.677,875.8192,25.8953,35.3601
36.727,884.0349,25.795,35.5537
36.777,889.2982,25.6954,35.6831
36.827,901.9216,25.5955,35.8727
36.877,913.3136,25.4953,36.0684
36.927,922.8469,25.3954,36.1604
36.977,925.6803,25.2954,36.3451
37.027,934.8407,25.1955,36.5328
37.077,939.8978,25.0953,36.6629
37.127,948.5434,24.9952,36.7545
37.177,960.5054,24.8957,37.0056
37.227,970.3932,24.7954,37.1254
37.277,982.3123,24.6954,37.3605
37.312,981.0723,24.6254,37.4949
37.313,981.5693,24.6234,37.4969
54.669,26.4276,44.0631,4.1754
54.719,25.0888,44.0619,4.1387
54.769,24.8559,43.9844,4.4626
54.819,26.4884,43.8815,4.557
54.869,30.1021,43.7816,4.7712
54.919,34.5429,43.6817,4.9212
54.969,35.7802,43.5818,5.1776
55.019,42.0233,43.4818,5.4534
55.069,42.4409,43.382,5.6053
55.119,45.3748,43.2819,5.7152
55.169,46.7494,43.1819,5.8789
55.219,52.1227,43.0818,6.0862
55.269,47.3589,42.9818,6.2926
55.319,53.1872,42.882,6.4321
55.369,59.0753,42.7821,6.5697
55.419,62.6248,42.6818,6.8347
55.469,68.2186,42.5818,7.0408
55.519,62.3209,42.4821,7.1752
55.569,62.6331,42.382,7.3919
55.619,68.695,42.2818,7.7142
55.669,71.9052,42.1813,7.8106
55.719,78.5235,42.0819,7.9271
55.769,88.0615,41.9819,8.1336
55.819,90.9199,41.8818,8.3076
55.869,97.4231,41.7822,8.4454
55.919,96.5062,41.6818,8.6958
55.969,102.848,41.5822,8.7928
56.019,104.8578,41.482,8.9582
56.069,109.2553,41.3818,9.1332
56.119,112.5061,41.282,9.2618
56.169,123.5108,41.1819,9.5046
56.219,132.2238,41.0824,9.5812
56.269,133.6906,40.9819,9.8482
56.319,140.3054,40.882,9.9942
56.369,140.1886,40.782,10.2236
56.419,147.912,40.6822,10.2509
56.469,152.9398,40.582,10.486
56.519,159.4027,40.4819,10.6776
56.569,165.8093,40.3815,10.814
56.619,175.4388,40.2818,10.9999
56.669,171.9234,40.1819,11.1675
56.719,172.832,40.0824,11.2953
56.769,178.1754,39.9818,11.4759
56.819,176.6644,39.8821,11.5948
56.869,189.1854,39.7821,11.7952
56.919,190.521,39.6821,12.0487
56.969,201.4762,39.5822,12.1615
57.019,204.6894,39.482,12.3309
57.069,204.2947,39.3822,12.4621
57.119,209.8593,39.2826,12.7038
57.169,213.599,39.1822,12.7839
57.219,217.2541,39.0822,13.0281
57.269,224.0942,38.9823,13.1868
57.319,236.9501,38.8823,13.3377
57.369,243.1497,38.7824,13.683
57.419,251.0536,38.6821,13.6815
57.469,252.4731,38.582,13.9796
57.519,255.9789,38.4823,14.055
57.569,258.4378,38.3821,14.1674
57.619,267.0602,38.2823,14.4124
57.669,269.607,38.1822,14.4886
57.719,277.1771,38.0822,14.798
57.769,288.51,37.9824,14.8986
57.819,294.5237,37.8823,15.1157
57.869,291.9478,37.7826,15.3467
57.919,295.6962,37.6824,15.4442
57.969,305.1357,37.5823,15.6855
58.019,312.4913,37.4829,15.7637
58.069,319.2335,37.3824,15.987
58.119,329.6944,37.2824,16.1183
58.169,338.6297,37.1825,16.3255
58.219,336.5818,37.0824,16.6204
58.269,339.6269,36.9825,16.745
58.319,344.743,36.8825,16.718
58.369,344.8567,36.7818,16.849
58.419,352.5769,36.6825,17.1633
58.469,360.2211,36.5826,17.2634
58.519,370.5889,36.4822,17.4246
58.569,376.0441,36.3824,17.648
58.619,376.1684,36.2826,17.8747
58.669,375.3468,36.1827,17.99
58.719,377.2622,36.0823,18.0954
58.769,373.754,35.9823,18.22
58.819,376.4334,35.8824,18.3809
58.869,379.9466,35.7824,18.6887
58.919,384.0885,35.6826,18.7078
58.969,388.0901,35.5826,18.8645
59.019,388.0703,35.4825,19.0669
59.069,388.7502,35.3823,19.2298
59.119,385.7858,35.2824,19.377
59.169,390.0931,35.1824,19.5053
59.219,397.9175,35.0826,19.7489
59.269,406.6711,34.9819,19.8358
59.319,410.3391,34.8824,20.1503
59.369,412.5913,34.7826,20.1589
59.419,410.7596,34.6824,20.4206
59.469,412.194,34.5827,20.568
59.519,413.9614,34.4824,20.742
59.569,423.5769,34.3827,20.8369
59.619,425.604,34.2828,21.0347
59.669,430.1534,34.1824,21.1741
59.719,445.3111,34.0826,21.4601
59.769,445.8486,33.9826,21.6375
59.819,446.2298,33.8824,21.6953
59.869,445.3184,33.7827,21.8156
59.919,451.6057,33.6826,22.0424
59.969,457.8572,33.5825,22.3161
60.019,465.0964,33.4828,22.3354
60.069,470.5111,33.3826,22.6598
60.119,473.8911,33.2824,22.723
60.169,473.9586,33.1821,22.979
60.219,475.1039,33.0823,23.0827
60.269,486.307,32.9827,23.2855
60.319,491.556,32.8825,23.4974
60.369,493.8482,32.7828,23.6488
60.419,509.0354,32.6829,23.6856
60.469,514.0972,32.583,23.8846
60.519,519.1787,32.4829,24.1396
60.569,520.404,32.3826,24.2668
60.619,520.8029,32.2826,24.5633
60.669,526.1984,32.1829,24.7428
60.719,533.2989,32.0835,24.7871
60.769,537.8687,31.9826,25.017
60.819,550.1266,31.8828,25.2138
60.869,557.9584,31.7828,25.2966
60.919,559.1138,31.6829,25.4406
60.969,560.5269,31.583,25.7134
61.019,566.8072,31.4827,25.8165
61.069,569.2163,31.3828,26.0756
61.119,572.543,31.283,26.1595
61.169,580.1926,31.1831,26.281
61.219,587.6559,31.0829,26.5136
61.269,591.3319,30.983,26.5884
61.319,598.8749,30.8831,26.775
61.369,606.086,30.7832,26.9272
61.419,606.0082,30.6831,27.1539
61.469,609.3688,30.5832,27.2857
61.519,622.9937,30.483,27.3882
61.569,626.6617,30.383,27.6189
61.619,631.5761,30.2833,27.7732
61.669,639.5695,30.1831,27.9279
61.719,639.6228,30.0829,28.1012
61.769,640.5225,29.983,28.3244
61.819,647.104,29.883,28.4836
61.869,646.974,29.7831,28.6984
61.919,661.0261,29.6832,28.8355
61.969,668.6663,29.5825,28.9711
62.019,675.4755,29.4831,29.2271
62.069,680.4239,29.3832,29.3154
62.119,687.1929,29.283,29.6062
62.169,689.3479,29.1831,29.7246
62.219,690.6831,29.0831,29.9304
62.269,704.1344,28.9831,30.0026
62.319,706.2323,28.8832,30.2515
62.369,717.8983,28.7832,30.3386
62.419,722.5714,28.683,30.564
62.469,722.3514,28.5831,30.7077
62.519,728.6603,28.4835,30.8922
62.569,738.8646,28.3831,31.1018
62.619,746.8992,28.283,31.2518
62.669,753.4378,28.1832,31.3577
62.719,764.7159,28.0831,31.4934
62.769,772.6144,27.983,31.7093
62.819,778.7911,27.8832,31.9159
62.869,781.6824,27.7825,31.9648
62.919,785.7404,27.683,32.2942
62.969,791.7274,27.5832,32.4368
63.019,800.7568,27.4829,32.5604
63.069,814.3022,27.383,32.7297
63.119,822.1928,27.2831,33.0057
63.169,828.494,27.1833,33.1058
63.219,836.264,27.0832,33.2034
63.269,841.2434,26.9832,33.4526
63.319,843.5803,26.883,33.5974
63.369,852.3637,26.7831,33.7812
63.419,864.7968,26.6836,33.961
63.469,874.3705,26.5832,34.1623
63.519,881.9202,26.4834,34.3672
63.569,893.7678,26.3831,34.4841
63.619,899.3566,26.2833,34.6951
63.669,903.0625,26.1833,34.8985
63.719,909.9612,26.0832,35.1254
63.769,918.9063,25.9828,35.1434
63.819,930.766,25.883,35.4289
63.869,941.9626,25.7834,35.5337
63.919,951.483,25.6833,35.6962
63.969,957.192,25.5833,35.9981
64.019,963.3127,25.4835,35.922
64.069,964.5412,25.3834,36.2835
64.119,979.5784,25.2834,36.4736
64.169,991.5156,25.1833,36.5444
64.219,1002.9498,25.0833,36.6681
64.269,1012.6231,24.9833,36.9707
64.319,1024.2548,24.8841,37.0005
64.369,1021.827,24.7835,37.267
64.419,1027.7908,24.6835,37.484
64.469,1033.9553,24.5834,37.5909
64.519,1047.0161,24.4835,37.7171
64.569,1053.332,24.3835,37.9596
64.619,1063.7982,24.2834,38.1323
64.65,1067.3643,24.2209,38.2269
64.651,1067.8473,24.2189,38.2305
82.015,-9.1967,43.6545,4.7988
82.065,-4.9001,43.6545,4.866
82.115,-1.8028,43.598,5.0307
82.165,0.2718,43.494,5.2602
82.215,8.2163,43.394,5.3225
82.265,10.0756,43.2941,5.6266
82.315,9.9813,43.1941,5.8309
82.365,8.694,43.0941,5.9875
82.415,15.0312,42.9939,6.2696
82.465,18.5294,42.8942,6.3714
82.515,28.3151,42.7942,6.6004
82.565,32.1475,42.6941,6.8083
82.615,35.8133,42.5941,6.8933
82.665,36.9634,42.4942,7.0337
82.715,37.1248,42.3941,7.2291
82.765,40.1625,42.2941,7.4555
82.815,48.3323,42.1935,7.661
82.865,52.8979,42.0939,7.9105
82.915,66.0138,41.9943,8.042
82.965,68.0387,41.8938,8.1704
83.015,75.6918,41.794,8.345
83.065,79.7669,41.6942,8.4751
83.115,86.5432,41.5943,8.7698
83.165,87.3069,41.4942,8.8759
83.215,101.6447,41.3941,9.0406
83.265,107.0612,41.2938,9.2082
83.315,116.4939,41.1942,9.363
83.365,123.3147,41.0941,9.5552
83.415,126.4623,40.9942,9.6855
83.465,133.7992,40.894,9.989
83.515,133.1712,40.794,10.0833
83.565,144.9623,40.6941,10.2545
83.615,152.5382,40.5944,10.3225
83.665,164.4678,40.4939,10.5337
83.715,169.9657,40.3937,10.7991
83.765,177.7099,40.2942,10.9773
83.815,175.7926,40.194,11.1691
83.865,182.3249,40.0944,11.2217
83.915,183.8092,39.9944,11.3441
83.965,184.99,39.8941,11.563
84.015,195.1531,39.7946,11.6423
84.065,203.7084,39.6943,11.8589
84.115,208.294,39.5943,12.132
84.165,204.8887,39.4942,12.2317
84.215,210.576,39.3944,12.3257
84.265,211.1761,39.2945,12.5971
84.315,216.2581,39.1944,12.8574
84.365,224.6232,39.0944,13.0224
84.415,233.5471,38.9942,13.2009
84.465,239.6379,38.8943,13.37
84.515,240.1342,38.7945,13.4601
84.565,244.163,38.6943,13.6359
84.615,243.1189,38.5941,13.7509
84.665,248.4046,38.4944,13.9612
84.715,249.0757,38.3942,14.1503
84.765,257.5369,38.2943,14.326
84.815,266.3222,38.1943,14.4853
84.865,271.7376,38.0944,14.6693
84.915,276.3547,37.9945,14.7469
84.965,278.4642,37.8944,15.0383
85.015,285.8375,37.7944,15.0752
85.065,292.6685,37.6944,15.4045
85.115,297.969,37.5943,15.5273
85.165,305.7788,37.4946,15.6595
85.215,319.9976,37.3944,15.8501
85.265,319.5394,37.2943,16.1109
85.315,324.1578,37.1944,16.2251
85.365,326.3806,37.0944,16.3242
85.415,328.5257,36.9945,16.5371
85.465,342.2059,36.8944,16.5862
85.515,346.9384,36.7938,16.8114
85.565,355.4232,36.6944,17.102
85.615,358.7237,36.5945,17.1024
85.665,367.944,36.4943,17.4231
85.715,365.1119,36.3945,17.532
85.765,367.3391,36.2943,17.6613
85.815,367.8808,36.1946,17.8206
85.865,379.0232,36.0943,18.0981
85.915,383.922,35.9944,18.2462
85.965,395.0298,35.8944,18.3085
86.015,392.0128,35.7943,18.503
86.065,393.4669,35.6946,18.6479
86.115,392.2199,35.5946,18.8803
86.165,393.5834,35.4944,19.0542
86.215,393.7258,35.3943,19.1467
86.265,398.5508,35.2944,19.2896
86.315,399.9864,35.1945,19.4725
86.365,409.6624,35.0944,19.6742
86.415,401.0192,34.9938,19.8506
86.465,403.2668,34.8944,20.0148
86.515,401.6978,34.7947,20.1875
86.565,404.4242,34.6941,20.3398
86.615,415.8033,34.5945,20.4343
86.665,416.4277,34.4944,20.7146
86.715,427.6614,34.3946,20.7352
86.765,430.4639,34.2944,20.9512
86.815,433.1941,34.1944,21.1116
86.865,434.9007,34.0944,21.3947
86.915,444.3217,33.9944,21.502
86.965,446.6369,33.8948,21.6493
87.015,450.3009,33.7944,21.7609
87.065,459.8447,33.6945,21.996
87.115,468.9173,33.5944,22.1538
87.165,472.2642,33.4945,22.4332
87.215,477.2488,33.3944,22.5141
87.265,476.3969,33.2942,22.7296
87.315,485.1151,33.1941,22.8339
87.365,487.0388,33.0944,23.0237
87.415,496.3466,32.9947,23.3836
87.465,504.9817,32.8944,23.3968
87.515,512.9237,32.7945,23.4623
87.565,516.3093,32.6944,23.6198
87.615,513.8593,32.5946,23.9266
87.665,513.2234,32.4945,24.1262
87.715,517.4704,32.3946,24.2514
87.765,523.7314,32.2944,24.4368
87.815,528.1064,32.1944,24.6348
87.865,539.2873,32.0948,24.727
87.915,546.8894,31.9945,25.001
87.965,549.4899,31.8947,25.067
88.015,548.0376,31.7945,25.1753
88.065,551.4873,31.6945,25.4458
88.115,553.8629,31.5946,25.5782
88.165,562.0728,31.4946,25.6877
88.215,572.539,31.3943,25.885
88.265,585.0604,31.2946,26.1472
88.315,590.1523,31.1946,26.3425
88.365,597.0177,31.0947,26.4452
88.415,599.4126,30.9946,26.62
88.465,603.4338,30.8947,26.7897
88.515,613.781,30.7948,26.9726
88.565,618.01,30.6948,27.0833
88.615,629.2633,30.5948,27.2658
88.665,630.4773,30.4946,27.3801
88.715,640.4935,30.3947,27.5859
88.765,638.1931,30.2948,27.7859
88.815,637.5358,30.1948,27.8874
88.865,642.2259,30.0947,28.065
88.915,654.8666,29.9948,28.2539
88.965,657.1737,29.8948,28.405
89.015,669.2371,29.7947,28.6752
89.065,677.2336,29.6948,28.7133
89.115,680.5485,29.5941,28.9572
89.165,681.2999,29.4946,29.1439
89.215,687.1365,29.3949,29.2869
89.265,694.57,29.2945,29.3737
89.315,703.1323,29.1947,29.6273
89.365,710.7939,29.0948,29.7519
89.415,721.2373,28.9948,29.8918
89.465,729.7931,28.8948,30.1057
89.515,733.7176,28.7948,30.2925
89.565,735.2329,28.6947,30.4304
89.615,740.9498,28.5947,30.5616
89.665,746.0558,28.495,30.832
89.715,752.8479,28.3949,30.873
89.765,764.3229,28.2947,31.1079
89.815,772.6051,28.1948,31.3254
89.865,774.3269,28.0947,31.5711
89.915,778.698,27.9947,31.5191
89.965,781.293,27.8948,31.7333
90.015,791.2723,27.7941,31.9673
90.065,795.0935,27.6947,32.1537
90.115,805.3231,27.595,32.2758
90.165,816.9511,27.4946,32.4246
90.215,820.5284,27.3948,32.7352
90.265,819.6808,27.2949,32.8778
90.315,823.7109,27.195,32.9939
90.365,832.2803,27.095,33.142
90.415,837.8794,26.9949,33.3592
90.465,834.7415,26.8948,33.498
90.515,852.0257,26.7948,33.5976
90.565,862.9848,26.6952,33.8393
90.615,868.3372,26.5948,34.0624
90.665,868.9221,26.4948,34.2274
90.715,877.6044,26.3947,34.4141
90.765,884.3083,26.295,34.5214
90.815,892.6292,26.1947,34.7857
90.865,898.8741,26.0949,34.9924
90.915,913.4707,25.9943,35.1298
90.965,919.5231,25.8947,35.2641
91.015,922.9159,25.7948,35.4638
91.065,931.2999,25.695,35.5877
91.115,936.4607,25.5949,35.7789
91.165,944.5328,25.4948,35.922
91.215,952.3156,25.3948,36.1196
91.265,958.7599,25.2949,36.3288
91.315,973.4302,25.1951,36.4497
91.365,976.8345,25.0948,36.5632
91.415,987.0186,24.9949,36.744
91.465,992.7496,24.8954,36.9553
91.515,1001.1201,24.7948,36.9946
91.565,1009.9201,24.695,37.239
91.615,1017.502,24.5951,37.449
91.665,1028.2882,24.495,37.5693
91.715,1041.9935,24.395,37.8354
91.765,1051.1765,24.2951,37.9269
91.815,1051.7727,24.1947,38.1084
91.865,1054.6186,24.0949,38.3856
91.915,1065.0107,23.9951,38.5196
91.965,1075.515,23.8951,38.6975
91.995,1085.8381,23.8351,38.6532
91.996,1086.5036,23.8331,38.6541
109.353,-42.1978,43.245,5.482
109.403,-44.7438,43.2449,5.5212
109.453,-42.6611,43.1837,5.6494
109.503,-35.4029,43.0797,5.6935
109.553,-30.2377,42.9798,5.965
109.603,-17.6135,42.8803,6.239
109.653,-14.2054,42.7801,6.3321
109.703,-13.3056,42.6801,6.5702
109.753,-11.954,42.5799,6.6966
109.803,-10.6531,42.48,7.0304
109.853,-3.5139,42.38,7.1835
109.903,2.0166,42.2798,7.2984
109.953,9.6446,42.1795,7.3883
110.003,15.7953,42.08,7.6267
110.053,24.0941,41.9801,7.8657
110.103,24.1431,41.8798,7.9884
110.153,33.3841,41.7801,8.2103
110.203,36.6572,41.6798,8.4631
110.253,45.2629,41.5802,8.6783
110.303,55.7618,41.48,8.7662
110.353,65.3162,41.3797,8.9773
110.403,79.7537,41.2798,9.1317
110.453,81.7602,41.1798,9.3198
110.503,80.6131,41.0802,9.41
110.553,89.9338,40.9801,9.6681
110.603,100.654,40.8802,9.7405
110.653,113.2659,40.7797,9.9343
110.703,121.3833,40.6804,10.1358
110.753,127.7078,40.5799,10.3138
110.803,138.4449,40.48,10.4814
110.853,139.2102,40.3796,10.7156
110.903,148.2223,40.2799,10.8121
110.953,147.354,40.18,10.9593
111.003,164.6965,40.0802,11.1705
111.053,166.1771,39.9802,11.2582
111.103,175.9426,39.8802,11.5439
111.153,181.3442,39.7806,11.5712
111.203,185.7964,39.6803,11.9369
111.253,188.7724,39.5803,11.9996
111.303,190.5783,39.4803,12.2157
111.353,189.7617,39.3803,12.3215
111.403,200.5544,39.2806,12.4802
111.453,204.0981,39.1804,12.6947
111.503,214.416,39.0805,12.844
111.553,221.8733,38.9801,13.006
111.603,215.9604,38.8803,13.1087
111.653,221.2187,38.7805,13.3877
111.703,227.0856,38.6801,13.5357
111.753,232.6383,38.5804,13.7447
111.803,240.3561,38.4805,13.9195
111.853,251.4103,38.3804,14.201
111.903,255.8837,38.2804,14.2055
111.953,252.7004,38.1804,14.3865
112.003,260.8367,38.0803,14.5032
112.053,265.9059,37.9806,14.7074
112.103,272.8672,37.8805,14.9246
112.153,278.3557,37.7807,15.1026
112.203,286.7312,37.6806,15.2698
112.253,295.0991,37.5805,15.5911
112.303,300.2266,37.481,15.6042
112.353,303.12,37.3805,15.7868
112.403,308.7977,37.2805,15.8379
112.453,315.787,37.1807,16.163
112.503,317.0265,37.0806,16.3019
112.553,326.9401,36.9806,16.5162
112.603,343.9703,36.8807,16.547
112.653,342.9186,36.7802,16.7968
112.703,342.9507,36.6805,17.0244
112.753,347.1864,36.5805,17.1034
112.803,351.1678,36.4804,17.2828
112.853,362.0822,36.3805,17.4566
112.903,366.2061,36.2806,17.6462
112.953,372.9414,36.1807,17.7311
113.003,378.9454,36.0806,18.1451
113.053,377.6583,35.9807,18.1645
113.103,379.076,35.8806,18.4231
113.153,384.3857,35.7806,18.5072
113.203,389.8107,35.6811,18.6487
113.253,397.052,35.5807,18.7575
113.303,401.9708,35.4804,19.0277
113.353,409.7178,35.3806,19.1456
113.403,408.2241,35.2807,19.3109
113.453,405.8486,35.1806,19.4888
113.503,407.5203,35.0807,19.6649
113.553,413.7398,34.9801,19.7288
113.603,416.1571,34.8805,20.1369
113.653,422.5203,34.7809,20.2602
113.703,426.5578,34.6805,20.3713
113.753,427.5598,34.5808,20.6164
113.803,433.7548,34.4807,20.6223
113.853,426.0361,34.3808,20.8352
113.903,435.9524,34.2808,20.9232
113.953,436.442,34.1808,21.1592
114.003,440.7009,34.0808,21.3744
114.053,447.3348,33.9806,21.5079
114.103,446.2853,33.8809,21.6461
114.153,445.5037,33.7809,21.803
114.203,445.9785,33.6808,21.9837
114.253,440.8078,33.5805,22.1511
114.303,447.9008,33.4809,22.3739
114.353,452.1936,33.3808,22.4903
114.403,456.3781,33.2806,22.7382
114.453,453.1559,33.1803,22.7169
114.503,460.4868,33.0809,22.9189
114.553,461.6122,32.9806,23.172
114.603,460.1254,32.8809,23.2944
114.653,465.8515,32.7808,23.4215
114.703,473.1248,32.6806,23.5657
114.753,478.3868,32.5809,23.8022
114.803,488.5394,32.4809,24.0415
114.853,489.9941,32.3807,24.105
114.903,495.5178,32.2805,24.3023
114.953,498.1382,32.1809,24.4617
115.003,504.4719,32.0815,24.6563
115.053,508.2037,31.9807,24.8254
115.103,518.3647,31.8808,25.0281
115.153,524.9628,31.7808,25.2205
115.203,526.2901,31.6809,25.343
115.253,538.1427,31.5809,25.5548
115.303,536.4938,31.4805,25.7348
115.353,545.0693,31.3807,25.8461
115.403,550.3169,31.2808,26.0772
115.453,560.3072,31.1811,26.1809
115.503,570.8963,31.0808,26.3732
115.553,572.9877,30.9809,26.4385
115.603,579.1535,30.881,26.6702
115.653,584.3324,30.781,26.878
115.703,589.9545,30.681,27.0974
115.753,597.5093,30.5811,27.2873
115.803,605.574,30.4808,27.3789
115.853,613.7326,30.3809,27.4796
115.903,624.1239,30.2811,27.6886
115.953,622.3654,30.181,27.9129
116.003,619.9145,30.0809,27.9404
116.053,623.9251,29.981,28.1829
116.103,626.3173,29.8808,28.264
116.153,636.1563,29.781,28.5385
116.203,645.8234,29.681,28.7026
116.253,655.2925,29.5805,28.8448
116.303,657.4804,29.4809,28.9718
116.353,664.8289,29.3809,29.1703
116.403,664.5617,29.2807,29.3351
116.453,669.9999,29.181,29.6434
116.503,677.315,29.0809,29.6879
116.553,683.2802,28.981,29.8494
116.603,694.7572,28.8809,30.0737
116.653,701.7921,28.781,30.231
116.703,706.4416,28.6809,30.397
116.753,712.1011,28.5809,30.569
116.803,714.7684,28.4815,30.798
116.853,718.9564,28.381,30.8587
116.903,725.235,28.2809,31.2
116.953,735.052,28.1811,31.2331
117.003,751.1876,28.0808,31.5284
117.053,754.3616,27.981,31.6987
117.103,754.6881,27.881,31.7524
117.153,764.1904,27.7803,31.9459
117.203,769.8723,27.6809,32.0757
117.253,771.287,27.5809,32.2824
117.303,782.0438,27.4809,32.4084
117.353,787.8284,27.381,32.5253
117.403,791.6619,27.281,32.7702
117.453,800.7842,27.181,32.9141
117.503,804.4359,27.0811,33.1074
117.553,813.9228,26.9809,33.2812
117.603,817.0761,26.8809,33.5459
117.653,821.8216,26.7809,33.67
117.703,830.3411,26.6812,33.7535
117.753,838.4811,26.5811,34.0357
117.803,848.1254,26.481,34.1719
117.853,855.3031,26.3808,34.3885
117.903,858.3991,26.281,34.5154
117.953,855.3987,26.181,34.6536
118.003,864.2781,26.081,34.854
118.053,874.7789,25.9805,35.1137
118.103,893.0759,25.8808,35.1607
118.153,902.2847,25.7809,35.3056
118.203,906.3095,25.6811,35.5272
118.253,917.9826,25.5809,35.7462
118.303,915.5872,25.4809,35.8242
118.353,927.3391,25.3811,36.0954
118.403,935.0798,25.281,36.3144
118.453,952.5424,25.181,36.3426
118.503,962.9223,25.0808,36.5321
118.553,971.9861,24.9809,36.7251
118.603,974.5412,24.8814,36.9265
118.653,985.7386,24.781,37.0344
118.703,992.4073,24.6811,37.2371
118.753,1004.323,24.5811,37.3051
118.803,1015.7107,24.481,37.6044
118.853,1025.2869,24.381,37.6569
118.903,1037.5999,24.2809,37.9478
118.953,1043.8117,24.1809,37.9788
119.003,1052.4591,24.081,38.283
119.053,1055.6359,23.9812,38.4053
119.103,1070.68,23.8809,38.5693
119.153,1082.3225,23.781,38.7934
119.203,1091.5098,23.681,38.9605
119.253,1104.6305,23.5811,39.0123
119.303,1112.2338,23.4811,39.3036
119.325,1112.6904,23.4371,39.3395
119.326,1113.0086,23.4351,39.3427
136.683,-36.9461,42.8301,6.1109
136.733,-32.5165,42.8301,6.0899
136.783,-35.122,42.768,6.2444
136.833,-23.6614,42.6645,6.4834
136.883,-22.406,42.5644,6.7118
136.933,-22.7625,42.4645,6.7909
136.983,-17.4104,42.3645,6.9594
137.033,-13.6215,42.2645,7.2187
137.083,-1.7259,42.1641,7.3732
137.133,2.6732,42.0645,7.4769
137.183,11.8179,41.9645,7.7472
137.233,17.4871,41.8647,7.9416
137.283,17.6472,41.7645,8.1099
137.333,20.9279,41.6646,8.1829
137.383,28.3156,41.5648,8.3764
137.433,38.8369,41.4646,8.7564
137.483,40.7667,41.3644,8.806
137.533,55.9759,41.2643,9.0186
137.583,65.4644,41.1646,9.251
137.633,69.0298,41.0646,9.3556
137.683,73.9469,40.9648,9.7434
137.733,85.5259,40.8645,9.6674
137.783,88.6833,40.7647,9.8688
137.833,96.4573,40.6649,10.1629
137.883,109.3379,40.5647,10.3058
137.933,118.3186,40.4647,10.4774
137.983,120.1987,40.3642,10.6509
138.033,126.9119,40.2646,10.79
138.083,134.5682,40.1649,10.9745
138.133,142.3254,40.065,11.1604
138.183,152.2736,39.9648,11.3524
138.233,162.2572,39.8651,11.4562
138.283,164.2181,39.7649,11.7311
138.333,174.9344,39.6649,11.7908
138.383,175.5772,39.5649,11.9241
138.433,174.7099,39.4648,12.1957
138.483,174.8132,39.3649,12.3007
138.533,180.3128,39.2651,12.51
138.583,184.6429,39.1649,12.5898
138.633,192.7767,39.065,12.7828
138.683,195.4131,38.9651,13.0059
138.733,203.2048,38.865,13.1019
138.783,205.3402,38.765,13.2877
138.833,206.735,38.6645,13.5116
138.883,210.999,38.5649,13.7355
138.933,215.6353,38.4649,13.8833
138.983,229.297,38.3648,14.0203
139.033,232.1771,38.265,14.2956
139.083,240.443,38.165,14.2832
139.133,241.2849,38.065,14.4863
139.183,243.0178,37.9651,14.65
139.233,253.6414,37.8652,14.8218
139.283,254.1272,37.7651,14.9613
139.333,261.7784,37.665,15.2337
139.383,273.1417,37.5649,15.3912
139.433,276.7892,37.4655,15.5043
139.483,287.171,37.365,15.6777
139.533,288.599,37.2649,15.9276
139.583,293.0783,37.165,16.1687
139.633,296.2412,37.0649,16.1738
139.683,306.7435,36.9651,16.3666
139.733,319.8961,36.865,16.562
139.783,326.2413,36.7646,16.6859
139.833,332.5813,36.6651,16.8669
139.883,332.7501,36.5651,17.1453
139.933,332.4472,36.4649,17.242
139.983,339.8775,36.3651,17.4019
140.033,350.9963,36.2649,17.6109
140.083,358.5292,36.1653,17.7584
140.133,367.0278,36.0649,17.9008
140.183,372.2625,35.9652,18.1053
140.233,373.6249,35.8651,18.3105
140.283,379.5531,35.7651,18.4427
140.333,384.6501,35.6655,18.684
140.383,386.4418,35.5653,18.7713
140.433,394.6178,35.4652,18.904
140.483,398.4506,35.3651,19.1844
140.533,399.9738,35.2652,19.3145
140.583,404.0785,35.1652,19.5312
140.633,404.5914,35.0653,19.6365
140.683,400.7136,34.9649,19.8538
140.733,399.3243,34.8652,19.93
140.783,405.0749,34.7651,20.0603
140.833,415.1419,34.6653,20.2579
140.883,415.5965,34.5654,20.4631
140.933,418.4242,34.4651,20.57
140.983,418.2725,34.3654,20.7346
141.033,423.085,34.2655,20.9071
141.083,427.2271,34.1651,21.1619
141.133,430.9938,34.0654,21.3434
141.183,441.0998,33.9651,21.4237
141.233,440.4352,33.8655,21.6267
141.283,445.2514,33.7655,21.7754
141.333,446.7061,33.6652,21.9178
141.383,443.1195,33.5653,22.0792
141.433,451.4253,33.4653,22.2317
141.483,448.6468,33.3651,22.4241
141.533,457.8916,33.265,22.6121
141.583,459.3443,33.1648,22.7191
141.633,460.3291,33.0653,22.9458
141.683,459.3671,32.9653,23.1199
141.733,464.2917,32.8655,23.2279
141.783,466.5959,32.7655,23.3776
141.833,476.4249,32.6655,23.5987
141.883,485.0146,32.5654,23.7391
141.933,493.7657,32.4656,23.9158
141.983,499.0031,32.3652,24.0971
142.033,501.2287,32.2655,24.267
142.083,502.1278,32.1654,24.4496
142.133,504.8655,32.0655,24.6136
142.183,510.2325,31.9656,24.8638
142.233,523.2584,31.8655,25.0304
142.283,534.9646,31.7654,25.2016
142.333,545.1804,31.6653,25.4135
142.383,542.3179,31.5655,25.6945
142.433,548.4681,31.465,25.7888
142.483,551.243,31.3653,25.8767
142.533,560.1612,31.2654,26.0959
142.583,569.0266,31.1653,26.2046
142.633,578.07,31.0654,26.3829
142.683,588.3218,30.9655,26.5911
142.733,590.045,30.8655,26.7058
142.783,593.7641,30.7655,26.9379
142.833,597.7845,30.6655,27.0804
142.883,607.168,30.5657,27.3025
142.933,613.877,30.4654,27.4184
142.983,621.4137,30.3656,27.52
143.033,623.3148,30.266,27.7247
143.083,627.0126,30.1656,27.9272
143.133,626.476,30.0656,27.9967
143.183,624.675,29.9658,28.1678
143.233,635.6311,29.8656,28.3225
143.283,643.132,29.7656,28.5032
143.333,645.5263,29.6658,28.7009
143.383,651.2378,29.5653,28.8115
143.433,661.2102,29.4656,28.9642
143.483,661.5162,29.3657,29.1924
143.533,665.3282,29.2654,29.3619
143.583,676.0833,29.1657,29.5612
143.633,689.0853,29.0656,29.6753
143.683,690.1711,28.9658,29.8102
143.733,701.2708,28.8655,30.0757
143.783,702.869,28.7656,30.1604
143.833,708.1196,28.6655,30.3749
143.883,712.9858,28.5655,30.5145
143.933,722.569,28.4661,30.7109
143.983,728.1512,28.3656,31.0213
144.033,737.2492,28.2657,31.1098
144.083,746.8391,28.1658,31.1764
144.133,749.1241,28.0655,31.394
144.183,753.7234,27.9657,31.6013
144.233,755.905,27.8657,31.6413
144.283,765.1677,27.765,31.8221
144.333,770.2593,27.6657,32.0453
144.383,780.8939,27.5655,32.3012
144.433,784.9764,27.4656,32.4183
144.483,794.7869,27.3656,32.4467
144.533,796.634,27.2656,32.7413
144.583,800.0183,27.1657,32.8654
144.633,807.6965,27.0657,33.063
144.683,820.3232,26.9657,33.2991
144.733,824.535,26.8655,33.446
144.783,834.4811,26.7657,33.5933
144.833,843.1436,26.6657,33.7831
144.883,846.4568,26.5657,33.9272
144.933,849.5896,26.4657,34.0696
144.983,856.5556,26.3654,34.1746
145.033,863.7809,26.2657,34.5123
145.083,874.9163,26.1657,34.631
145.133,881.2591,26.0658,34.8362
145.183,892.4523,25.9652,34.9368
145.233,895.2281,25.8657,35.0541
145.283,901.5118,25.7657,35.3749
145.333,907.4247,25.6657,35.5759
145.383,917.6906,25.5658,35.7273
145.433,929.2071,25.4659,35.7789
145.483,942.4788,25.3657,36.0446
145.533,953.4547,25.2657,36.1606
145.583,963.6573,25.1657,36.2715
145.633,968.4149,25.0659,36.5362
145.683,974.9966,24.9657,36.714
145.733,981.607,24.8662,36.9032
145.783,994.9287,24.7657,36.9659
145.833,1010.3809,24.6658,37.1575
145.883,1021.5589,24.566,37.4397
145.933,1025.0832,24.4657,37.6491
145.983,1039.5198,24.3658,37.8027
146.033,1046.2133,24.2656,37.9196
146.083,1054.7935,24.1655,38.0444
146.133,1066.7388,24.0658,38.3883
146.183,1081.9644,23.9658,38.5019
146.233,1094.0342,23.866,38.6829
146.283,1103.4081,23.7659,38.7859
146.333,1108.8618,23.6659,38.8597
146.383,1115.9842,23.5659,39.047
146.433,1127.7034,23.466,39.2503
146.483,1137.6889,23.3662,39.4632
146.533,1146.2072,23.2657,39.6174
146.583,1159.988,23.1659,39.7993
146.633,1169.7648,23.0664,39.9668
146.661,1160.5541,23.0103,39.9692
146.662,1160.2215,23.0083,39.972
164.023,-50.0995,42.4017,6.692
164.073,-55.6816,42.4004,6.6966
164.123,-59.0771,42.3234,6.9321
164.173,-49.3275,42.2195,7.1853
164.223,-46.2899,42.1199,7.2338
164.273,-38.0049,42.0201,7.4861
164.323,-26.4805,41.9202,7.674
164.373,-20.4546,41.8201,7.8598
164.423,-19.4808,41.7203,8.0847
164.473,-15.1886,41.6202,8.307
164.523,-8.8521,41.5203,8.3781
164.573,-3.2747,41.4203,8.624
164.623,5.1373,41.3197,8.6442
164.673,15.3319,41.2203,8.9554
164.723,26.8799,41.1202,9.2076
164.773,34.558,41.0205,9.4362
164.823,38.8184,40.9202,9.4174
164.873,44.8181,40.8202,9.6975
164.923,55.0363,40.7203,9.7933
164.973,60.7251,40.6205,10.0944
165.023,73.0991,40.5204,10.2368
165.073,83.3433,40.4198,10.4095
165.123,90.1847,40.3202,10.5215
165.173,94.413,40.2199,10.6272
165.223,95.1153,40.1206,10.816
165.273,105.095,40.0202,11.0877
165.323,105.8222,39.9205,11.2435
165.373,118.3128,39.8205,11.4796
165.423,128.9175,39.7206,11.5824
165.473,135.1639,39.6204,11.8306
165.523,143.082,39.5205,11.9809
165.573,145.4055,39.4205,12.1433
165.623,145.2957,39.3208,12.3493
165.673,154.4746,39.2206,12.4083
165.723,165.623,39.1205,12.5872
165.773,169.2145,39.0206,12.6497
165.823,175.6762,38.9207,12.8594
165.873,179.4778,38.8206,13.0487
165.923,182.335,38.7204,13.2642
165.973,183.716,38.6201,13.3598
166.023,191.7691,38.5205,13.6387
166.073,195.319,38.4204,13.705
166.123,201.8792,38.3205,13.9012
166.173,213.6315,38.2206,14.0429
166.223,221.464,38.1204,14.1622
166.273,228.4464,38.0209,14.4643
166.323,225.8136,37.9205,14.5922
166.373,234.6107,37.8205,14.7468
166.423,241.8992,37.7205,14.8728
166.473,245.1914,37.6205,15.0686
166.523,255.0672,37.5204,15.2317
166.573,264.9348,37.4208,15.4231
166.623,268.6601,37.3205,15.5701
166.673,271.7357,37.2204,15.8208
166.723,275.0693,37.1207,16.0464
166.773,282.3442,37.0204,16.158
166.823,286.8613,36.9205,16.2478
166.873,290.8603,36.8199,16.5135
166.923,300.8464,36.7205,16.6477
166.973,308.1606,36.6206,16.8379
167.023,312.8625,36.5205,16.9251
167.073,320.7873,36.4207,17.1225
167.123,318.8907,36.3206,17.2488
167.173,325.4134,36.2208,17.4187
167.223,337.5251,36.1206,17.6124
167.273,344.602,36.0207,17.9188
167.323,354.1626,35.9207,18.0113
167.373,350.7739,35.8207,18.147
167.423,355.9969,35.7208,18.3309
167.473,363.3816,35.621,18.4544
167.523,366.6931,35.5207,18.6801
167.573,371.8571,35.4206,18.7979
167.623,378.2103,35.3208,18.9268
167.673,385.1464,35.2208,19.2065
167.723,392.5181,35.1207,19.3351
167.773,392.4277,35.0204,19.5793
167.823,393.0377,34.9206,19.7166
167.873,395.8994,34.8208,19.8692
167.923,398.3751,34.7209,20.0687
167.973,407.7788,34.621,20.2237
168.023,415.9904,34.5208,20.3486
168.073,420.7726,34.4208,20.6798
168.123,424.2587,34.3209,20.7682
168.173,423.9409,34.2209,20.9478
168.223,429.8436,34.1209,21.1024
168.273,439.5596,34.0208,21.298
168.323,442.3458,33.9213,21.5069
168.373,454.1262,33.8208,21.622
168.423,456.4173,33.7211,21.7517
168.473,456.5155,33.6211,21.9311
168.523,459.3163,33.521,22.1277
168.573,461.8757,33.4212,22.3216
168.623,466.3521,33.3208,22.4037
168.673,470.4146,33.2206,22.7114
168.723,472.9779,33.1209,22.7486
168.773,479.4595,33.0205,22.9648
168.823,482.4648,32.9211,23.0038
168.873,478.7129,32.8209,23.2463
168.923,481.3888,32.7209,23.334
168.973,487.3667,32.6214,23.5994
169.023,492.5794,32.5209,23.7748
169.073,499.5074,32.4209,23.9179
169.123,507.7295,32.321,24.0284
169.173,514.1265,32.221,24.2645
169.223,515.9474,32.1212,24.414
169.273,518.9072,32.0211,24.6531
169.323,522.5822,31.9213,24.8215
169.373,527.6757,31.8212,25.0566
169.423,540.96,31.7211,25.2241
169.473,547.4977,31.6213,25.4269
169.523,559.3723,31.5211,25.5545
169.573,564.0792,31.4207,25.6856
169.623,565.9329,31.3211,25.7646
169.673,567.6386,31.2211,26.0349
169.723,573.6605,31.1212,26.2453
169.773,586.8165,31.0212,26.3596
169.823,589.2259,30.9213,26.5133
169.873,605.8212,30.8216,26.7795
169.923,608.3024,30.7213,26.9538
169.973,611.36,30.6215,27.1667
170.023,617.7527,30.5214,27.3387
170.073,622.6537,30.4212,27.4631
170.123,625.8838,30.3214,27.5614
170.173,635.0433,30.2217,27.7113
170.223,636.797,30.1214,27.9756
170.273,646.1091,30.0215,28.0255
170.323,647.2073,29.9217,28.1687
170.373,644.9623,29.8214,28.3917
170.423,649.7268,29.7217,28.4524
170.473,654.9828,29.621,28.7116
170.523,660.4683,29.5214,28.8138
170.573,664.1352,29.4215,29.0361
170.623,673.8467,29.3214,29.2072
170.673,677.9574,29.2215,29.4237
170.723,681.7778,29.1215,29.5346
170.773,682.5492,29.0218,29.6322
170.823,693.014,28.9215,29.8588
170.873,700.3809,28.8216,30.1403
170.923,702.7895,28.7216,30.282
170.973,714.7752,28.6214,30.5286
171.023,723.394,28.5216,30.6687
171.073,722.7316,28.4218,30.7283
171.123,733.5668,28.3215,30.8904
171.173,736.625,28.2216,31.2552
171.223,744.907,28.1217,31.3376
171.273,749.6405,28.0215,31.4711
171.323,757.5462,27.9216,31.625
171.373,763.4743,27.8213,31.7808
171.423,763.8612,27.7212,31.8932
171.473,768.0742,27.6217,32.0024
171.523,773.3648,27.5213,32.2364
171.573,781.9749,27.4215,32.425
171.623,786.8898,27.3216,32.6572
171.673,793.9223,27.2217,32.7975
171.723,802.8957,27.1216,32.9229
171.773,815.6621,27.0216,33.098
171.823,819.755,26.9215,33.3135
171.873,825.8644,26.8214,33.4948
171.923,833.4062,26.722,33.6745
171.973,840.7066,26.6217,33.8989
172.023,854.1086,26.5216,34.0218
172.073,865.3471,26.4214,34.1385
172.123,873.3159,26.3219,34.3107
172.173,882.9234,26.2215,34.4553
172.223,889.468,26.1215,34.8048
172.273,889.7267,26.0212,34.8711
172.323,901.3819,25.9214,35.068
172.373,907.3725,25.822,35.1507
172.423,922.885,25.7214,35.3869
172.473,933.9526,25.6217,35.5867
172.523,937.967,25.5217,35.6612
172.573,941.6484,25.4218,35.923
172.623,946.4118,25.3216,36.0225
172.673,950.6189,25.2216,36.2187
172.723,959.6275,25.1217,36.2499
172.773,970.4812,25.0215,36.606
172.823,981.6647,24.9219,36.6891
172.873,991.0609,24.8218,36.8513
172.923,996.6555,24.7217,36.977
172.973,1009.3822,24.6217,37.2156
173.023,1013.1601,24.5217,37.4268
173.073,1024.1344,24.4217,37.5768
173.123,1031.3509,24.3217,37.7045
173.173,1043.3903,24.2212,37.9594
173.223,1054.0781,24.1216,38.0483
173.273,1064.2009,24.0217,38.3143
173.323,1066.7267,23.9216,38.4254
173.373,1071.0438,23.8217,38.6542
173.423,1080.5237,23.7217,38.7959
173.473,1089.4595,23.6219,38.9923
173.523,1099.1,23.5217,39.1252
173.573,1118.2505,23.4218,39.2758
173.623,1125.303,23.3216,39.4113
173.673,1125.5199,23.2216,39.5904
173.723,1131.2032,23.1217,39.9114
173.773,1136.7782,23.022,39.9897
173.823,1146.5257,22.9217,40.0773
173.873,1154.0828,22.8219,40.3138
173.923,1165.8026,22.722,40.495
173.973,1174.1333,22.6218,40.6183
174.007,1168.4177,22.5539,40.6916
174.008,1168.6212,22.5519,40.6914
191.363,-66.1346,41.9949,7.2566
191.413,-68.6352,41.9949,7.2744
191.463,-60.6892,41.9331,7.5695
191.513,-54.2487,41.8296,7.6626
191.563,-47.2447,41.7293,7.8755
191.613,-43.3664,41.6293,8.1028
191.663,-44.1391,41.5296,8.2683
191.713,-38.0367,41.4296,8.6321
191.763,-26.877,41.3296,8.7974
191.813,-23.2731,41.2295,8.9158
191.863,-12.6327,41.1297,8.9386
191.913,-7.6684,41.0296,9.2354
191.963,-8.3355,40.9298,9.3915
192.013,1.6227,40.8294,9.4551
192.063,2.9502,40.7296,9.7021
192.113,14.2245,40.6298,9.9279
192.163,27.3399,40.5294,10.1137
192.213,32.9531,40.4296,10.2883
192.263,44.5276,40.3295,10.4381
192.313,48.6378,40.2298,10.6832
192.363,56.2517,40.1299,10.8068
192.413,57.3149,40.0299,10.9954
192.463,68.6687,39.9298,11.124
192.513,74.5548,39.8299,11.4106
192.563,90.4375,39.73,11.4956
192.613,99.3141,39.6298,11.7054
192.663,98.8823,39.5298,11.8798
192.713,103.0593,39.4299,12.0098
192.763,107.1062,39.3298,12.2905
192.813,113.8468,39.2302,12.3269
192.863,123.1869,39.1301,12.5526
192.913,129.8658,39.0299,12.7173
192.963,135.2182,38.9297,12.7726
193.013,140.9716,38.8301,12.9794
193.063,141.8923,38.73,13.1556
193.113,151.0277,38.6293,13.3622
193.163,153.575,38.5299,13.5081
193.213,163.1629,38.4299,13.7117
193.263,171.2507,38.3299,13.8192
193.313,179.0402,38.23,13.9221
193.363,187.0947,38.13,14.1689
193.413,190.7442,38.0302,14.4114
193.463,195.345,37.9301,14.4546
193.513,196.4225,37.8301,14.7851
193.563,207.6012,37.73,14.8423
193.613,214.3968,37.6298,14.9752
193.663,225.5016,37.53,15.1793
193.713,233.7843,37.4304,15.3524
193.763,234.108,37.33,15.5362
193.813,239.6983,37.23,15.6522
193.863,243.6526,37.1302,15.8678
193.913,250.4313,37.0299,15.9315
193.963,255.6707,36.93,16.1413
194.013,271.8932,36.8294,16.3759
194.063,276.077,36.73,16.5489
194.113,278.9315,36.6302,16.6803
194.163,284.9531,36.5299,16.8174
194.213,290.2352,36.4301,17.0464
194.263,295.8801,36.33,17.1828
194.313,299.1167,36.23,17.3268
194.363,313.4846,36.1301,17.537
194.413,318.7715,36.03,17.7771
194.463,325.7712,35.9302,17.8084
194.513,326.8675,35.8299,18.0795
194.563,334.5982,35.73,18.226
194.613,342.3541,35.6304,18.4346
194.663,350.0641,35.5301,18.5728
194.713,356.0749,35.43,18.8411
194.763,367.0675,35.3303,18.8996
194.813,365.7177,35.23,19.0851
194.863,368.2147,35.1302,19.3053
194.913,366.3703,35.0299,19.4986
194.963,376.5957,34.9297,19.5808
195.013,383.0196,34.8302,19.747
195.063,392.1755,34.7299,19.8801
195.113,398.1466,34.6301,20.0654
195.163,402.3563,34.5302,20.2074
195.213,400.7177,34.43,20.4284
195.263,401.1766,34.3304,20.6902
195.313,410.3155,34.2301,20.7897
195.363,414.9143,34.1301,20.9553
195.413,423.8834,34.0303,21.2841
195.463,431.1446,33.9307,21.4639
195.513,433.2577,33.8304,21.3786
195.563,431.9124,33.7305,21.6708
195.613,434.617,33.6301,21.8464
195.663,438.5334,33.5303,21.9211
195.713,448.1083,33.4303,22.2159
195.763,459.057,33.3299,22.3066
195.813,469.7565,33.2301,22.4582
195.863,471.6454,33.13,22.6012
195.913,470.8553,33.0301,22.8222
195.963,477.3034,32.9302,22.9612
196.013,483.8005,32.8302,23.2338
196.063,489.1033,32.7303,23.3543
196.113,498.027,32.6304,23.5053
196.163,502.7608,32.5302,23.6222
196.213,504.6114,32.4303,23.8588
196.263,510.1383,32.3302,23.9725
196.313,508.5748,32.2302,24.1449
196.363,509.8926,32.1301,24.3486
196.413,522.0115,32.0304,24.5654
196.463,532.0857,31.9303,24.7007
196.513,535.9792,31.8301,25.0118
196.563,536.7213,31.7302,25.1254
196.613,537.8557,31.6303,25.3339
196.663,541.0407,31.5304,25.5085
196.713,542.8831,31.4298,25.6496
196.763,549.193,31.3303,25.7946
196.813,558.9195,31.2302,26.0011
196.863,567.6669,31.1302,26.0778
196.913,573.6949,31.0303,26.253
196.963,575.4663,30.9304,26.4451
197.013,576.9498,30.8304,26.5972
197.063,587.1945,30.7304,26.7946
197.113,594.5159,30.6304,26.9122
197.163,605.5633,30.5304,27.1924
197.213,616.6537,30.4304,27.2877
197.263,614.3866,30.3303,27.5767
197.313,619.8944,30.2307,27.7034
197.363,622.7589,30.1303,27.8132
197.413,627.2548,30.0304,27.8358
197.463,631.4287,29.9307,28.1438
197.513,636.6117,29.8302,28.2422
197.563,649.6456,29.7304,28.5079
197.613,654.7492,29.6298,28.5531
197.663,655.237,29.5302,28.8307
197.713,659.5771,29.4305,28.9414
197.763,657.0106,29.3302,29.0624
197.813,669.5318,29.2304,29.3273
197.863,676.4582,29.1305,29.5016
197.913,690.6483,29.0305,29.6358
197.963,698.4718,28.9303,29.8536
198.013,700.24,28.8305,30.1052
198.063,707.6058,28.7304,30.159
198.113,709.1222,28.6304,30.4427
198.163,715.4025,28.5303,30.7159
198.213,728.8097,28.4306,30.6669
198.263,737.2955,28.3303,30.8367
198.313,744.0886,28.2303,31.0549
198.363,752.1427,28.1306,31.1859
198.413,751.9389,28.0302,31.3349
198.463,750.5525,27.9303,31.5824
198.513,760.1445,27.83,31.6267
198.563,771.5456,27.73,31.8222
198.613,776.3631,27.6303,31.9896
198.663,786.2954,27.5302,32.2988
198.713,787.5479,27.4303,32.3708
198.763,794.9063,27.3303,32.5775
198.813,798.0786,27.2306,32.7209
198.863,806.171,27.1304,32.9449
198.913,809.4624,27.0305,33.0736
198.963,824.0607,26.9302,33.2567
199.013,831.0478,26.8304,33.3606
199.063,839.2307,26.7306,33.6118
199.113,846.7369,26.6304,33.6487
199.163,848.913,26.5305,33.989
199.213,857.3592,26.4304,34.1245
199.263,871.971,26.3303,34.2924
199.313,882.9694,26.2307,34.3353
199.363,885.4274,26.1304,34.7311
199.413,893.5025,26.03,34.8235
199.463,897.2042,25.9302,35.0025
199.513,901.4559,25.8306,35.1247
199.563,909.0425,25.7306,35.3044
199.613,924.1002,25.6305,35.5181
199.663,932.956,25.5305,35.5802
199.713,944.2208,25.4306,35.8615
199.763,943.181,25.3306,36.0008
199.813,948.0096,25.2304,36.111
199.863,959.2997,25.1306,36.2174
199.913,968.1156,25.0306,36.4266
199.963,980.8157,24.9307,36.5771
200.013,988.01,24.8307,36.7801
200.063,998.0801,24.7305,37.001
200.113,1001.8592,24.6306,37.1371
200.163,1008.5349,24.5306,37.2401
200.213,1017.7047,24.4306,37.4879
200.263,1030.8217,24.3306,37.5891
200.313,1035.6327,24.23,37.851
200.363,1051.5841,24.1306,37.8783
200.413,1056.1543,24.0305,38.2291
200.463,1054.3183,23.9306,38.404
200.513,1062.7693,23.8306,38.5485
200.563,1069.2558,23.7306,38.7087
200.613,1077.7428,23.6307,38.886
200.663,1081.6542,23.5307,39.067
200.713,1092.1383,23.4309,39.2647
200.763,1103.839,23.3307,39.3533
200.813,1106.7303,23.2306,39.67
200.863,1109.5015,23.1307,39.7545
200.913,1113.6205,23.031,39.9141
200.963,1122.2893,22.9307,40.0624
201.013,1132.9392,22.8308,40.2314
201.063,1142.1485,22.7309,40.3761
201.113,1153.7163,22.6307,40.6061
201.163,1156.3035,22.5308,40.7876
201.213,1163.3093,22.4304,40.8539
201.263,1169.6955,22.3307,41.0484
201.313,1182.4193,22.2308,41.1708
201.345,1189.145,22.1668,41.3733
201.346,1189.8155,22.1648,41.3764
218.698,-100.5884,41.5935,7.8528
218.748,-101.6446,41.5919,7.8642
218.798,-103.8786,41.5138,8.0631
218.848,-101.0877,41.4106,8.3038
218.898,-89.3699,41.3105,8.5779
218.948,-78.2093,41.2109,8.6173
218.998,-71.159,41.1105,8.8774
219.048,-66.1186,41.0108,9.072
219.098,-64.9119,40.9107,9.2031
219.148,-61.9164,40.8108,9.4605
219.198,-59.118,40.711,9.6269
219.248,-49.6161,40.6108,9.7825
219.298,-43.8495,40.5107,10.0146
219.348,-33.0405,40.4101,10.1331
219.398,-28.6616,40.3106,10.2806
219.448,-26.0907,40.2109,10.5322
219.498,-22.0503,40.111,10.7051
219.548,-10.6471,40.0109,10.9361
219.598,0.1189,39.9109,11.192
219.648,8.0818,39.8111,11.2844
219.698,21.1172,39.711,11.4379
219.748,24.8885,39.6109,11.6895
219.798,29.2348,39.5107,11.7437
219.848,32.6356,39.4109,12.0042
219.898,40.0142,39.3115,12.1015
219.948,49.7744,39.211,12.2796
219.998,54.47,39.1109,12.3896
220.048,64.4917,39.011,12.6293
220.098,64.1937,38.911,12.7991
220.148,65.3082,38.8111,12.9106
220.198,70.706,38.7109,13.0069
220.248,76.992,38.6104,13.2008
220.298,83.1114,38.5109,13.3704
220.348,91.8513,38.4109,13.6186
220.398,101.9913,38.3108,13.7488
220.448,103.5881,38.211,13.9593
220.498,110.4247,38.111,14.0402
220.548,112.5545,38.0111,14.2578
220.598,117.1797,37.9111,14.4921
220.648,126.5721,37.8111,14.6103
220.698,138.7957,37.711,14.7586
220.748,147.8609,37.611,14.9094
220.798,154.5104,37.511,15.0599
220.848,163.488,37.4114,15.3102
220.898,162.6967,37.3109,15.4196
220.948,168.2792,37.211,15.5746
220.998,175.0466,37.1111,15.7741
221.048,182.0683,37.0112,15.9076
221.098,195.8376,36.9112,16.0962
221.148,204.4406,36.8105,16.2042
221.198,205.6814,36.711,16.4295
221.248,208.79,36.6111,16.6589
221.298,217.1099,36.511,16.7721
221.348,223.6512,36.4111,16.9337
221.398,231.61,36.3109,17.129
221.448,247.2314,36.2113,17.3084
221.498,253.1589,36.1114,17.4669
221.548,256.8966,36.0113,17.6512
221.598,262.6101,35.9114,17.8273
221.648,266.7325,35.8112,17.9692
221.698,272.4845,35.7112,18.2408
221.748,280.5378,35.6115,18.3524
221.798,289.8741,35.5112,18.5082
221.848,301.5733,35.4112,18.699
221.898,306.3081,35.3116,18.817
221.948,309.1581,35.2111,18.976
221.998,313.7518,35.1113,19.1283
222.048,316.2563,35.0107,19.3126
222.098,327.1418,34.9114,19.5355
222.148,333.1973,34.8115,19.735
222.198,339.8216,34.7111,19.8805
222.248,346.6911,34.6116,19.9125
222.298,346.0937,34.5113,20.2632
222.348,346.4602,34.4114,20.4887
222.398,352.5958,34.3115,20.5123
222.448,357.4637,34.2112,20.7736
222.498,369.0002,34.1115,20.9645
222.548,372.2714,34.0115,21.0842
222.598,376.9183,33.9121,21.2583
222.648,373.8463,33.8115,21.3914
222.698,379.5622,33.7115,21.521
222.748,378.8933,33.6113,21.8718
222.798,383.835,33.5115,21.8857
222.848,388.0938,33.4114,22.0631
222.898,397.5936,33.3114,22.3239
222.948,401.1638,33.211,22.4083
222.998,406.741,33.1113,22.5777
223.048,404.1837,33.0113,22.7168
223.098,412.2158,32.9117,22.8675
223.148,418.707,32.8117,23.0905
223.198,427.968,32.7116,23.216
223.248,440.2481,32.6119,23.6066
223.298,445.74,32.5115,23.6201
223.348,452.1874,32.4116,23.8577
223.398,455.1918,32.3115,24.1219
223.448,455.4507,32.2117,24.1825
223.498,462.6124,32.1123,24.4065
223.548,470.6195,32.0117,24.5695
223.598,476.853,31.9118,24.7792
223.648,488.0876,31.8118,24.8393
223.698,487.4601,31.7118,25.0007
223.748,491.7118,31.6118,25.3315
223.798,494.4031,31.5117,25.4399
223.848,498.5777,31.4112,25.6742
223.898,509.1121,31.3118,25.7349
223.948,518.6565,31.2116,25.945
223.998,527.5574,31.1118,26.0714
224.048,532.1906,31.0119,26.2815
224.098,533.5792,30.9118,26.4085
224.148,533.4634,30.8121,26.5357
224.198,536.8263,30.7119,26.7133
224.248,543.6957,30.6119,26.8887
224.298,558.0603,30.5119,27.0035
224.348,567.937,30.4118,27.2269
224.398,571.4602,30.3119,27.4065
224.448,580.4174,30.2122,27.6371
224.498,582.8236,30.112,27.7747
224.548,591.0361,30.012,27.9145
224.598,592.4258,29.9122,28.2004
224.648,601.1155,29.8119,28.3354
224.698,606.2977,29.7121,28.3933
224.748,615.9795,29.6113,28.6347
224.798,619.237,29.512,28.6582
224.848,619.0267,29.4119,28.9664
224.898,623.5493,29.3118,29.1309
224.948,629.647,29.212,29.1845
224.998,636.0776,29.1119,29.4575
225.048,643.5854,29.0123,29.6213
225.098,656.2865,28.9119,29.8399
225.148,656.5973,28.8119,29.9757
225.198,661.4075,28.7119,30.1754
225.248,665.2574,28.612,30.3074
225.298,671.2028,28.512,30.4951
225.348,680.8086,28.4122,30.6075
225.398,689.6363,28.312,30.8775
225.448,700.0809,28.2121,31.0601
225.498,702.403,28.1121,31.188
225.548,709.8508,28.0118,31.3722
225.598,714.1,27.9121,31.5431
225.648,724.6527,27.8115,31.6894
225.698,734.7815,27.7118,31.7898
225.748,746.3474,27.6121,31.9448
225.798,758.7274,27.5118,32.1257
225.848,763.7618,27.412,32.4029
225.898,771.1704,27.3119,32.43
225.948,778.3474,27.212,32.6658
225.998,778.2878,27.112,32.7497
226.048,789.2824,27.012,32.9811
226.098,802.0815,26.912,33.1003
226.148,817.0054,26.812,33.3766
226.198,819.7149,26.7121,33.5312
226.248,831.8493,26.6121,33.631
226.298,830.5742,26.512,33.8168
226.348,845.8555,26.412,33.9204
226.398,849.2416,26.3122,34.3298
226.448,862.4288,26.2118,34.4101
226.498,875.9649,26.112,34.6312
226.548,882.7573,26.0116,34.7038
226.598,884.6939,25.9118,34.9228
226.648,889.2515,25.8122,35.1326
226.698,904.0984,25.7119,35.2047
226.748,911.0065,25.6121,35.49
226.798,920.5621,25.512,35.5938
226.848,934.3599,25.4121,35.6748
226.898,944.4897,25.3119,35.9099
226.948,946.1796,25.2123,36.0798
226.998,952.6066,25.112,36.2941
227.048,960.7373,25.012,36.4227
227.098,969.1373,24.9123,36.6127
227.148,979.9949,24.8121,36.8084
227.198,988.0449,24.7121,36.9126
227.248,993.2498,24.6122,37.0811
227.298,995.2301,24.5121,37.2173
227.348,1002.4575,24.4122,37.2909
227.398,1009.066,24.3121,37.5201
227.448,1016.5706,24.2116,37.6783
227.498,1030.2887,24.1121,37.8815
227.548,1040.2443,24.0121,38.0942
227.598,1047.3515,23.912,38.3158
227.648,1051.4479,23.8121,38.4614
227.698,1050.9806,23.712,38.4894
227.748,1061.6612,23.6121,38.7468
227.798,1076.3448,23.512,38.9643
227.848,1083.7064,23.4122,39.1836
227.898,1094.2461,23.3119,39.2726
227.948,1103.0204,23.2119,39.5201
227.998,1104.6258,23.1121,39.7908
228.048,1111.0132,23.0123,39.8421
228.098,1127.0673,22.912,39.9586
228.148,1132.4787,22.812,40.288
228.198,1142.5523,22.712,40.3216
228.248,1156.9881,22.612,40.5907
228.298,1169.6185,22.5121,40.6742
228.348,1176.8075,22.4115,40.8429
228.398,1179.4347,22.312,40.9574
228.448,1184.718,22.2121,41.1944
228.498,1198.2646,22.112,41.3061
228.548,1207.9777,22.0122,41.5426
228.598,1223.3572,21.9122,41.7093
228.648,1232.6757,21.8124,41.8437
228.673,1230.4459,21.7622,41.9296
228.674,1230.3174,21.7602,41.9383
246.01,-102.4624,41.175,8.4655
246.06,-105.2794,41.175,8.5308
246.11,-107.6389,41.1174,8.6746
246.16,-105.1268,41.0141,8.8664
246.21,-98.7831,40.9139,8.9551
246.26,-93.2839,40.8138,9.1931
246.31,-84.499,40.7142,9.3512
246.36,-76.1047,40.6141,9.6338
246.41,-73.9761,40.5139,9.8679
246.46,-68.1004,40.4135,9.9018
246.51,-65.318,40.314,10.2663
246.56,-68.0689,40.2143,10.3776
246.61,-49.7281,40.1139,10.5225
246.66,-42.9997,40.0144,10.8712
246.71,-34.1773,39.9139,10.9511
246.76,-25.9328,39.8144,11.1614
246.81,-22.3819,39.7144,11.325
246.86,-15.7443,39.6141,11.6377
246.91,-8.4022,39.5144,11.6248
246.96,-2.9851,39.4142,11.8371
247.01,8.4625,39.3146,12.0184
247.06,12.9042,39.2141,12.2247
247.11,30.8956,39.1143,12.3254
247.16,27.8428,39.0142,12.5265
247.21,33.1757,38.9142,12.5788
247.26,36.6414,38.8143,12.8461
247.31,43.2932,38.7143,13.0488
247.36,55.503,38.6138,13.0796
247.41,65.4325,38.5143,13.2566
247.46,71.592,38.4143,13.5262
247.51,70.837,38.3141,13.6057
247.56,77.3791,38.2143,13.7332
247.61,79.9017,38.1142,13.9044
247.66,92.4245,38.0145,14.1639
247.71,96.0007,37.9142,14.3349
247.76,111.8679,37.8144,14.5428
247.81,121.1267,37.7143,14.6196
247.86,125.0729,37.6144,14.7457
247.91,130.5181,37.5145,14.9722
247.96,131.5173,37.4147,15.2945
248.01,141.1162,37.3144,15.3319
248.06,144.7177,37.2144,15.457
248.11,155.8614,37.1146,15.7033
248.16,165.1114,37.0142,15.758
248.21,175.2483,36.9144,15.9763
248.26,176.6955,36.8138,16.1092
248.31,181.0852,36.7144,16.3287
248.36,181.0763,36.6144,16.5025
248.41,194.4951,36.5143,16.6636
248.46,200.3264,36.4145,16.8045
248.51,214.1092,36.3144,17.0427
248.56,221.7979,36.2145,17.1032
248.61,230.1955,36.1143,17.3454
248.66,230.4468,36.0143,17.4469
248.71,237.1273,35.9143,17.7293
248.76,245.2443,35.8143,17.895
248.81,251.7594,35.7143,18.1591
248.86,263.9691,35.6147,18.3107
248.91,268.5953,35.5143,18.4399
248.96,276.1968,35.4142,18.5697
249.01,276.5337,35.3143,18.8085
249.06,283.2171,35.2145,18.8845
249.11,285.0491,35.1143,19.029
249.16,296.9642,35.014,19.2826
249.21,303.2089,34.9142,19.4495
249.26,314.2202,34.8144,19.5433
249.31,319.0353,34.7145,19.8653
249.36,320.6384,34.6145,19.8925
249.41,329.5216,34.5145,20.1556
249.46,330.2471,34.4143,20.3055
249.51,341.0287,34.3147,20.5241
249.56,350.0267,34.2143,20.6982
249.61,358.3121,34.1144,20.9076
249.66,367.6577,34.0146,21.0903
249.71,367.0618,33.9146,21.2371
249.76,370.4754,33.8149,21.3376
249.81,375.6393,33.7147,21.5363
249.86,378.8142,33.6145,21.5786
249.91,380.4915,33.5149,21.7475
249.96,391.6364,33.4146,22.0283
250.01,395.9346,33.3145,22.2725
250.06,390.9878,33.2142,22.3861
250.11,391.317,33.1144,22.4877
250.16,395.6763,33.015,22.672
250.21,403.4932,32.9144,22.8547
250.26,413.0492,32.8147,23.0184
250.31,417.9784,32.7148,23.2863
250.36,422.6476,32.6148,23.353
250.41,417.0731,32.5147,23.5265
250.46,415.6858,32.4149,23.6561
250.51,420.6726,32.3147,23.9546
250.56,429.4921,32.2146,24.0693
250.61,438.9202,32.1151,24.1601
250.66,444.5471,32.015,24.3268
250.71,452.0742,31.9148,24.5442
250.76,452.3636,31.8148,24.708
250.81,452.8575,31.715,24.8609
250.86,457.8933,31.6149,24.9993
250.91,471.7181,31.5148,25.2402
250.96,479.3387,31.4144,25.5346
251.01,487.2233,31.3148,25.5859
251.06,494.3531,31.2149,25.7541
251.11,496.1053,31.1149,25.9343
251.16,501.8078,31.015,26.1044
251.21,505.8801,30.9149,26.2656
251.26,511.6884,30.8152,26.5389
251.31,521.594,30.7152,26.6873
251.36,534.0134,30.6152,26.8263
251.41,540.2281,30.5151,26.9898
251.46,553.6121,30.4149,27.2924
251.51,552.5601,30.315,27.4427
251.56,558.2147,30.2154,27.5445
251.61,564.1425,30.1148,27.6957
251.66,564.9143,30.0151,27.8893
251.71,579.9654,29.915,28.021
251.76,584.7492,29.815,28.1346
251.81,584.3357,29.715,28.37
251.86,585.6375,29.6145,28.4658
251.91,590.8676,29.515,28.5522
251.96,598.6127,29.4151,28.9077
252.01,605.6578,29.3148,28.955
252.06,616.2331,29.2152,29.1959
252.11,624.0917,29.1151,29.3844
252.16,628.8652,29.0152,29.5369
252.21,632.5905,28.9151,29.6832
252.26,633.1527,28.8152,29.8921
252.31,643.4523,28.7151,30.0177
252.36,649.2432,28.615,30.2636
252.41,659.2608,28.515,30.3957
252.46,667.6884,28.4153,30.5416
252.51,675.5677,28.315,30.7439
252.56,682.9837,28.2152,30.9136
252.61,684.9548,28.1153,31.0057
252.66,690.9209,28.015,31.2935
252.71,706.7934,27.9151,31.4506
252.76,713.1249,27.8146,31.5847
252.81,729.3436,27.715,31.7433
252.86,732.8905,27.6153,31.917
252.91,740.9714,27.5152,32.1074
252.96,743.0662,27.4152,32.2312
253.01,751.0083,27.3152,32.4604
253.06,759.277,27.2151,32.565
253.11,766.5149,27.1152,32.7308
253.16,775.0688,27.0153,32.9949
253.21,785.2796,26.9151,33.0231
253.26,790.2454,26.8152,33.2852
253.31,798.4137,26.7156,33.4248
253.36,806.2335,26.6153,33.5367
253.41,817.5018,26.5152,33.7249
253.46,824.9258,26.4153,33.9391
253.51,834.8122,26.3154,34.1039
253.56,846.1786,26.2153,34.2238
253.61,844.6498,26.1151,34.361
253.66,852.9493,26.0148,34.5901
253.71,858.872,25.9152,34.7729
253.76,870.3814,25.8151,35.0712
253.81,885.5167,25.7153,35.1015
253.86,897.5496,25.6154,35.3581
253.91,901.6491,25.5153,35.5171
253.96,907.3111,25.4155,35.7128
254.01,909.3697,25.3153,35.8581
254.06,920.7348,25.2155,35.9775
254.11,926.3308,25.1152,36.2334
254.16,941.9851,25.0154,36.3393
254.21,952.7354,24.9155,36.5461
254.26,959.3838,24.8155,36.6777
254.31,958.1755,24.7153,36.8681
254.36,964.891,24.6155,36.9954
254.41,974.7241,24.5154,37.242
254.46,980.9168,24.4153,37.4006
254.51,995.2476,24.3155,37.6178
254.56,1000.831,24.2148,37.8004
254.61,1014.9342,24.1154,37.927
254.66,1021.461,24.0154,38.224
254.71,1024.083,23.9153,38.3342
254.76,1036.6132,23.8154,38.4456
254.81,1039.6738,23.7153,38.5709
254.86,1054.399,23.6154,38.8419
254.91,1067.3412,23.5154,38.9413
254.96,1081.8509,23.4154,39.2146
255.01,1085.1507,23.3153,39.2943
255.06,1088.6639,23.2153,39.511
255.11,1095.0191,23.1154,39.6101
255.16,1101.4422,23.0156,39.8693
255.21,1114.2166,22.9152,40.1039
255.26,1128.5844,22.8154,40.0905
255.31,1136.4161,22.7155,40.3123
255.36,1141.3103,22.6153,40.3878
255.41,1148.4215,22.5154,40.6783
255.46,1151.1729,22.4148,40.8908
255.51,1160.1423,22.3152,40.9637
255.56,1171.6483,22.2153,41.2819
255.61,1187.0662,22.1152,41.3525
255.66,1197.1,22.0153,41.3791
255.71,1195.1364,21.9155,41.5949
255.76,1200.4297,21.8157,41.9159
255.81,1207.9892,21.7153,41.9742
255.86,1221.1187,21.6157,42.1738
255.91,1233.0805,21.5156,42.1682
255.96,1240.4591,21.4155,42.5051
255.999,1245.0444,21.3376,42.5359
256,1245.563,21.3356,42.5424
273.343,-131.092,40.7457,9.0511
273.393,-123.1572,40.7447,9.0974
273.443,-123.0552,40.6696,9.4169
273.493,-113.9013,40.5664,9.4795
273.543,-109.6219,40.4666,9.6461
273.593,-108.2772,40.3661,9.854
273.643,-105.4647,40.2666,10.0106
273.693,-97.6771,40.1666,10.2159
273.743,-95.0976,40.067,10.4442
273.793,-87.9917,39.9666,10.6697
273.843,-78.3951,39.8667,10.9304
273.893,-73.1529,39.7668,10.9802
273.943,-66.9049,39.6668,11.2507
273.993,-62.5992,39.5666,11.4309
274.043,-59.8737,39.4667,11.5894
274.093,-44.8682,39.3667,11.7927
274.143,-41.5103,39.2671,11.8869
274.193,-27.0591,39.1668,12.1154
274.243,-18.0896,39.0669,12.2946
274.293,-13.3886,38.9667,12.375
274.343,-9.8368,38.867,12.6824
274.393,-5.6711,38.7669,12.7594
274.443,2.6625,38.6665,12.952
274.493,15.8312,38.5668,13.0657
274.543,25.0692,38.4667,13.2983
274.593,28.1912,38.3667,13.4536
274.643,36.0746,38.267,13.6951
274.693,40.7061,38.1669,13.8108
274.743,44.5576,38.0668,13.9553
274.793,57.9039,37.967,14.1854
274.843,66.1219,37.8669,14.3295
274.893,77.1981,37.7671,14.5115
274.943,86.1183,37.6668,14.6469
274.993,91.4491,37.5668,14.8744
275.043,93.8906,37.4674,14.8813
275.093,98.4872,37.3668,15.2024
275.143,107.2362,37.2668,15.3068
275.193,115.4649,37.167,15.5362
275.243,127.2122,37.0668,15.61
275.293,134.4569,36.9669,15.8181
275.343,137.5636,36.8669,16.0051
275.393,141.6712,36.7664,16.1688
275.443,146.694,36.6668,16.3226
275.493,153.2157,36.567,16.4739
275.543,166.1189,36.4667,16.587
275.593,175.0264,36.367,16.8634
275.643,185.9494,36.2669,16.9881
275.693,187.5814,36.1672,17.1711
275.743,192.6326,36.0671,17.3086
275.793,195.0897,35.9671,17.6105
275.843,206.2752,35.867,17.7221
275.893,218.9317,35.767,17.8596
275.943,225.0609,35.6673,18.0824
275.993,228.7261,35.567,18.2714
276.043,235.9748,35.4669,18.4852
276.093,239.1538,35.367,18.4584
276.143,246.5865,35.267,18.7871
276.193,253.1272,35.167,18.9469
276.243,263.802,35.067,19.0993
276.293,267.9177,34.9666,19.2653
276.343,274.7843,34.8669,19.4218
276.393,275.7479,34.7667,19.5196
276.443,279.7304,34.6671,19.7683
276.493,284.1682,34.567,19.9836
276.543,293.2813,34.4671,20.1807
276.593,300.5448,34.3672,20.3103
276.643,310.4427,34.2671,20.4985
276.693,315.0793,34.1671,20.6342
276.743,318.2474,34.0672,20.9026
276.793,321.9857,33.967,21.0364
276.843,324.6602,33.8674,21.103
276.893,332.0006,33.7672,21.3966
276.943,335.9788,33.667,21.4789
276.993,348.1611,33.5671,21.7462
277.043,355.1551,33.4672,21.8399
277.093,352.9255,33.367,22.1072
277.143,356.04,33.2672,22.1947
277.193,360.2115,33.1666,22.394
277.243,364.4445,33.0672,22.529
277.293,375.3678,32.967,22.7816
277.343,385.2936,32.867,22.8151
277.393,395.3694,32.7672,22.9869
277.443,393.7203,32.6671,23.2245
277.493,393.1121,32.5672,23.4045
277.543,396.055,32.4672,23.5494
277.593,401.8456,32.367,23.8812
277.643,406.9144,32.2671,23.9635
277.693,419.9327,32.1671,24.1186
277.743,422.7476,32.0674,24.2742
277.793,425.1255,31.9672,24.3054
277.843,428.004,31.8671,24.581
277.893,427.1933,31.7672,24.7871
277.943,438.4494,31.6671,24.917
277.993,445.1675,31.5673,25.1049
278.043,450.1542,31.467,25.2398
278.093,456.2926,31.3668,25.4291
278.143,457.6819,31.2673,25.5276
278.193,460.788,31.1673,25.7916
278.243,464.7782,31.0672,25.8243
278.293,473.1041,30.9673,26.1231
278.343,479.5632,30.8672,26.309
278.393,491.2552,30.7674,26.4934
278.443,498.9287,30.6673,26.6461
278.493,503.5381,30.5676,26.7703
278.543,504.8098,30.4672,27.0412
278.593,513.1598,30.3672,27.118
278.643,515.3555,30.2678,27.2348
278.693,521.4748,30.1672,27.532
278.743,529.6445,30.0671,27.6532
278.793,535.1171,29.9673,27.8928
278.843,542.8337,29.8672,27.972
278.893,549.1241,29.7673,28.0834
278.943,554.5744,29.6672,28.3773
278.993,564.3662,29.5669,28.6871
279.043,572.5258,29.4673,28.7297
279.093,579.1886,29.3672,28.9474
279.143,589.7983,29.2673,29.1114
279.193,592.2839,29.1674,29.1778
279.243,596.8029,29.0673,29.4681
279.293,600.4795,28.9675,29.6003
279.343,604.1164,28.8674,29.7351
279.393,612.8055,28.7674,29.9921
279.443,625.114,28.6674,30.0928
279.493,632.8686,28.5673,30.3048
279.543,635.7917,28.4678,30.4555
279.593,642.1546,28.3675,30.6664
279.643,644.6591,28.2674,30.8938
279.693,654.4635,28.1674,31.04
279.743,662.6028,28.0673,31.1565
279.793,668.2821,27.9674,31.3564
279.843,681.9839,27.8674,31.4723
279.893,688.2961,27.7667,31.6171
279.943,693.0581,27.6673,31.7391
279.993,693.4772,27.5675,31.9701
280.043,705.2584,27.4673,32.0519
280.093,711.7513,27.3674,32.3782
280.143,722.0147,27.2673,32.3676
280.193,732.7036,27.1676,32.7203
280.243,737.2226,27.0676,32.7898
280.293,746.4572,26.9675,32.9589
280.343,753.3046,26.8674,33.1472
280.393,754.1423,26.7674,33.3209
280.443,758.029,26.6676,33.4985
280.493,770.346,26.5677,33.6824
280.543,779.0843,26.4675,33.7792
280.593,787.2643,26.3674,34.0234
280.643,791.7509,26.2675,34.1586
280.693,798.0512,26.1676,34.3285
280.743,800.4664,26.0674,34.5295
280.793,809.8738,25.9669,34.6568
280.843,819.5918,25.8675,34.8364
280.893,825.9658,25.7674,35.0277
280.943,835.0364,25.6673,35.2043
280.993,843.6365,25.5676,35.3879
281.043,850.3981,25.4675,35.4729
281.093,855.7132,25.3675,35.6048
281.143,865.9597,25.2675,35.807
281.193,878.2706,25.1676,35.9432
281.243,888.5347,25.0676,36.2256
281.293,889.6807,24.9676,36.3261
281.343,895.4268,24.8679,36.533
281.393,901.0384,24.7676,36.7513
281.443,915.6851,24.6675,36.9932
281.493,927.685,24.5675,37.097
281.543,934.7614,24.4676,37.2928
281.593,941.5193,24.3675,37.4621
281.643,949.8,24.2671,37.6412
281.693,952.3947,24.1674,37.8083
281.743,965.5857,24.0676,38.0434
281.793,973.5771,23.9677,38.1548
281.843,985.4311,23.8676,38.3017
281.893,997.8465,23.7677,38.5381
281.943,999.4773,23.6678,38.7026
281.993,1002.8892,23.5677,38.9323
282.043,1015.2647,23.4677,39.149
282.093,1023.0097,23.3677,39.3133
282.143,1031.4592,23.2676,39.4786
282.193,1046.9013,23.1677,39.6783
282.243,1055.9793,23.0682,39.723
282.293,1059.2003,22.9678,39.9854
282.343,1070.7499,22.8677,40.1891
282.393,1078.0431,22.7679,40.2506
282.443,1094.7119,22.6676,40.5288
282.493,1101.31,22.5678,40.568
282.543,1116.9107,22.4677,40.801
282.593,1123.1003,22.3675,41.0245
282.643,1134.5439,22.2679,41.1264
282.693,1140.1411,22.1679,41.1884
282.743,1151.8642,22.0679,41.4183
282.793,1163.6751,21.968,41.6734
282.843,1174.7001,21.868,41.8175
282.893,1186.8626,21.7679,41.9341
282.943,1193.7529,21.668,42.0043
282.993,1204.1159,21.5683,42.2071
283.043,1212.3513,21.4679,42.3808
283.093,1218.6078,21.3681,42.6356
283.143,1233.9065,21.2686,42.7259
283.193,1247.8101,21.1682,42.812
283.243,1262.3968,21.0682,43.1126
283.293,1273.2847,20.9683,43.1949
283.326,1273.3166,20.9022,43.4491
283.327,1273.4214,20.9002,43.4547
