date and time,Repeat num,Test num,p_idx,x_end_avg,y_end_avg,z_end_avg,qx_end_avg,qy_end_avg,qz_end_avg,qw_end_avg
06-Feb-2024 11:35:56,1,1,6,0.100038316349188,-0.136185418566068,0.343562068541845,-0.298477433125178,-0.103338404993216,-0.0422276325523853,0.947863753636678
06-Feb-2024 11:47:10,1,2,78,0.0900096426407496,-0.137235013643901,0.34341463247935,-0.335981438557307,-0.121362812320391,-0.0456108431021372,0.932900977134705
06-Feb-2024 11:41:42,1,3,44,0.0439376545449098,-0.164354371031125,0.352371615171433,-0.407837818066279,-0.0937248269716899,-0.0279373054703077,0.907799557844798
06-Feb-2024 11:42:41,1,4,51,0.0207119880865018,-0.154988944530487,0.338903238375982,-0.376391128698985,-0.066844135026137,-0.00391519032418728,0.92403701543808
06-Feb-2024 11:45:56,1,5,70,-0.0103991746902466,-0.200253939628601,0.370523818333944,-0.473859316110611,-0.0369513303041458,0.0130647188673417,0.879725162188212
06-Feb-2024 11:48:23,1,6,86,-0.0524118214845657,-0.219349829355876,0.378119625647863,-0.480007809400558,0.0573269260426362,0.0188134528696537,0.875184524059296
06-Feb-2024 11:39:03,1,7,27,-0.082853452861309,-0.233624284466108,0.394107498725255,-0.503310167789459,0.145003706216812,0.00550071944793065,0.851833260059357
06-Feb-2024 11:35:24,1,8,3,-0.0874269197384516,-0.260918243726095,0.418872884909312,-0.535053034623464,0.0937300637364387,0.0426332434018453,0.838517657915751
06-Feb-2024 11:42:50,1,9,52,-0.140342660744985,-0.261938571929932,0.414125432570775,-0.497296923398972,0.198505289355914,0.0188571484138568,0.844354967276255
06-Feb-2024 11:43:48,1,10,58,-0.148673699299494,-0.255814520517985,0.424082895119985,-0.4943723320961,0.288215037186941,-0.0114211763565739,0.819996404647827
06-Feb-2024 11:37:11,1,11,15,-0.167643844087919,-0.270295095443726,0.41719375650088,-0.412660304705302,0.222147462765376,0.0292928914229075,0.882890729109446
06-Feb-2024 11:40:23,1,12,35,-0.176586428284645,-0.165182781219482,0.373973176876704,-0.267959483464559,0.323317156235377,-0.0220803538958232,0.907289262612661
06-Feb-2024 11:36:18,1,13,9,-0.168736110130946,-0.142872110009193,0.361007752021154,-0.264323796828588,0.299349691470464,-0.000869617547141388,0.916799406210581
06-Feb-2024 11:37:31,1,14,17,-0.135569037993749,-0.095742100973924,0.339747452735901,-0.198100777467092,0.298474389314651,-0.0100807128474116,0.933576718966166
06-Feb-2024 11:49:04,1,15,90,-0.114498893419902,-0.137343712647756,0.331692330042521,-0.255713498592377,0.207634648680687,0.0104781331494451,0.944132494926453
06-Feb-2024 11:43:41,1,16,57,-0.107621608674526,-0.0835821772615115,0.319022262096405,-0.173128637671471,0.254630931218465,-0.0013945829278479,0.951412602265676
06-Feb-2024 11:39:11,1,17,28,-0.0581849011282126,-0.0646571064988772,0.308143105109533,-0.190008428692818,0.174794310331345,-0.00956348056594531,0.966046543916066
06-Feb-2024 11:48:31,1,18,87,-0.0755982046326002,-0.0425411321222782,0.298604712883631,-0.132477444410324,0.196959229310354,-0.0032236405958732,0.971413962046305
06-Feb-2024 11:47:48,1,19,82,-0.0408788219094276,-0.0187667968372504,0.29135088523229,-0.0445027348895868,0.135679657260577,0.018019516641895,0.989587918917338
06-Feb-2024 11:38:45,1,20,25,0.00848105829209089,-0.0497453240056833,0.295781749486923,-0.128569983442624,0.0564340894420942,-0.00533771452804406,0.990079037348429
06-Feb-2024 11:42:12,1,21,47,0.00306381019763649,-0.0767263069748878,0.308412543932597,-0.193102573355039,0.0710357973972956,-0.0138648796826601,0.978505416711171
06-Feb-2024 11:45:11,1,22,66,0.0571582704782486,-0.101620028913021,0.319911193847656,-0.249215263128281,-0.0363393219808737,-0.0219603062917789,0.96751446723938
06-Feb-2024 11:40:47,1,23,38,0.0930903101960818,-0.123381977776686,0.336633574962616,-0.303999056418737,-0.0609549162288507,-0.0623329979677995,0.948674416542053
06-Feb-2024 11:46:12,1,24,72,0.103067904214064,-0.117001974085967,0.345988263686498,-0.304899054765701,-0.211505036552747,-0.0201319615046183,0.928382484118144
06-Feb-2024 11:35:04,1,25,1,0.129239496588707,-0.075864173968633,0.332507616281509,-0.197016072273254,-0.266784141461055,-0.0174954126278559,0.943239649136861
06-Feb-2024 11:38:30,1,26,23,0.152496116360029,-0.0817667777339617,0.364129755894343,-0.225037647287051,-0.42707888285319,-0.00128709322307259,0.875760054588318
06-Feb-2024 11:45:02,1,27,65,0.178041439255079,-0.0341720869143804,0.359760467211405,-0.0890423173705737,-0.445138555765152,0.0148486127456029,0.8908975481987
06-Feb-2024 11:36:36,1,28,11,0.217913232247035,-0.0470073906083902,0.373151055971781,-0.124255746106307,-0.433279198408127,-0.00854185453305642,0.892611531416575
06-Feb-2024 11:40:03,1,29,33,0.235936655600866,-0.0591205112636089,0.388089567422867,-0.123907581468423,-0.447843734423319,-0.00805635551611582,0.885447776317596
06-Feb-2024 11:44:34,1,30,62,0.229319221774737,-0.0787076870600383,0.393980067968369,-0.203395862380664,-0.423419843117396,-0.0333985949556033,0.882172568639119
06-Feb-2024 11:50:29,1,31,99,0.247146231929461,-0.0956944793462753,0.416246189673742,-0.226015635331472,-0.43427866101265,-0.0572472234567006,0.870081094900767
06-Feb-2024 11:47:36,1,32,81,0.215472508470217,-0.081558853884538,0.398059475421906,-0.192310885588328,-0.444633676608404,-0.0072021114329497,0.874794324239095
06-Feb-2024 11:45:33,1,33,68,0.158874054749807,-0.0796140650908152,0.376326980193456,-0.22191537519296,-0.372384738922119,-0.0131848273798823,0.901058495044708
06-Feb-2024 11:46:05,1,34,71,0.108953528106213,-0.0864000757535299,0.36236106355985,-0.258348661661148,-0.295195041100184,-0.00614364336555203,0.919823737939199
06-Feb-2024 11:36:29,1,35,10,0.0977655743559202,-0.0687045822540919,0.342239352067312,-0.197275889913241,-0.262823929389318,0.00456523578613996,0.944448308149974
06-Feb-2024 11:44:25,1,36,61,0.0782496069868406,-0.0816899498303731,0.340826451778412,-0.235454461971919,-0.231617135802905,0.00176908832509071,0.943880120913188
06-Feb-2024 11:48:02,1,37,84,0.0804890975356102,-0.0748400787512461,0.33032052119573,-0.179053823153178,-0.259223312139511,0.0214197564870119,0.948831963539124
06-Feb-2024 11:36:03,1,38,7,0.0999883845448494,-0.0500877484679222,0.325291482607524,-0.150796158115069,-0.276623088121414,0.0119832700118423,0.94899746576945
06-Feb-2024 11:38:38,1,39,24,0.0296447599927584,-0.0478741772472858,0.299749751885732,-0.1279449035724,-0.169137956698736,0.0163031334678332,0.977115126450857
06-Feb-2024 11:41:50,1,40,45,0.0682835092147191,-0.0497795124848684,0.308878676096598,-0.142116807897886,-0.220793581008911,0.010232551706334,0.964855213960012
06-Feb-2024 11:40:14,1,41,34,0.0265713637073835,-0.0772844801346461,0.3016539533933,-0.183449641863505,-0.130863137046496,0.0143495282779137,0.974174118041992
06-Feb-2024 11:38:52,1,42,26,0.00333275889667372,-0.0776595955093702,0.294821584224701,-0.112330505251884,-0.0988579854369163,0.0324641893307368,0.988207936286926
06-Feb-2024 11:35:35,1,43,4,0.00213436793225507,-0.103746733566125,0.312293394406637,-0.138879517714183,-0.120980076988538,0.0419090278446674,0.981996834278107
06-Feb-2024 11:46:49,1,44,76,-0.0110055943330129,-0.132018047571182,0.327677933375041,-0.164636825521787,-0.137849018971125,0.0653521870573362,0.974485230445862
06-Feb-2024 11:49:43,1,45,94,-0.0516012914478779,-0.135348768035571,0.317658640940984,-0.209170690178871,0.00892322451497118,0.0323112055659294,0.977303767204285
06-Feb-2024 11:36:11,1,46,8,-0.0987748364607493,-0.159367009997368,0.336119494835536,-0.278893627723058,0.0645059699813525,0.0397166294356187,0.957328752676646
06-Feb-2024 11:38:09,1,47,21,-0.11342958509922,-0.122669583062331,0.311889404058456,-0.116563371817271,0.10396893620491,0.0131399859984716,0.987638342380524
06-Feb-2024 11:38:04,1,48,20,-0.0871591081221898,-0.115085592865944,0.303054753939311,-0.152239607771238,0.064473898212115,0.0208947420120239,0.986017044385274
06-Feb-2024 11:40:30,1,49,36,-0.0739653915166855,-0.112033519645532,0.312600634495417,-0.236405542492867,0.11890547722578,0.00479587810114026,0.964338779449463
06-Feb-2024 11:43:14,1,50,54,-0.150937606890996,-0.127333368857702,0.336287508408229,-0.264467144012451,0.250197856624921,0.0178440727293491,0.931202522913615
06-Feb-2024 11:46:31,1,51,74,-0.15474538008372,-0.0900952125589053,0.337866914272308,-0.222421657045682,0.342323444286982,0.00698772134880225,0.912848154703776
06-Feb-2024 11:39:43,1,52,31,-0.135774927337964,-0.0599292973677317,0.321871437629064,-0.149898777405421,0.302921319007874,0.00452911636481682,0.941140711307526
06-Feb-2024 11:44:13,1,53,60,-0.136820709705353,-0.0681550537546476,0.316595415274302,-0.224959069490433,0.266102480888367,0.0301400449126959,0.936842759450277
06-Feb-2024 11:49:12,1,54,91,-0.134581955273946,-0.0480320361753305,0.307483754555384,-0.195067762335142,0.250964705149333,0.0348650080462297,0.947496481736501
06-Feb-2024 11:41:17,1,55,41,-0.131835679213206,-0.0392528422176838,0.299024883906047,-0.0904735287030538,0.268086153268814,0.0140283099065224,0.959034665425618
06-Feb-2024 11:42:02,1,56,46,-0.138563908139865,-0.0030384065117687,0.300255133708318,-0.00312901977449656,0.2914659400781,0.0159266309191783,0.956443476676941
06-Feb-2024 11:49:32,1,57,93,-0.126483602325122,0.0182713442792495,0.292447843154271,0.0688749859730403,0.2719731092453,0.0188060838729143,0.959652658303579
06-Feb-2024 11:37:23,1,58,16,-0.138931382695834,-0.0104580828299125,0.302376945813497,-0.0170161777486404,0.308760901292165,0.0041329748618106,0.950978493690491
06-Feb-2024 11:40:37,1,59,37,-0.104048788547516,-0.0479980977873007,0.285621432463328,-0.122984797259172,0.215696610013644,0.00446415546660622,0.968673972288768
06-Feb-2024 11:37:55,1,60,19,-0.075961800913016,-0.0424393408000469,0.27897617816925,-0.0950808381040891,0.149505387743314,0.0108804510285457,0.984116617838542
06-Feb-2024 11:46:22,1,61,73,-0.0414585853616397,-0.0489599414169788,0.269748417536418,-0.122552985449632,0.0789369036753972,0.0114134523396691,0.98925100962321
06-Feb-2024 11:43:32,1,62,56,-0.0185091303040584,-0.00780282622824113,0.265091981490453,-0.0130422794570525,0.038537951807181,0.0142631846169631,0.999069050947825
06-Feb-2024 11:47:01,1,63,77,-0.0368672994275888,0.0259046557048957,0.263049163420995,0.0827622756361961,0.081831190486749,0.0196955698231856,0.993008665243785
06-Feb-2024 11:45:21,1,64,67,0.0101820333550374,0.0606352033714453,0.270043841997782,0.148354268074036,-0.0285121956219276,0.0256109741826852,0.988190460205078
06-Feb-2024 11:38:20,1,65,22,0.0332462921738625,0.0226307887583971,0.268644257386525,0.0666918019453684,-0.0744610120852788,0.0151352424174547,0.994876062870026
06-Feb-2024 11:44:53,1,66,64,0.0421954708794753,0.0417120424409707,0.276790700356166,0.0960097963611285,-0.171235965689023,0.021971196308732,0.980292809009552
06-Feb-2024 11:49:22,1,67,92,0.0486136776705583,0.0720977500081062,0.288587045669556,0.165497253338496,-0.172332165638606,0.0135778561234474,0.970941495895386
06-Feb-2024 11:49:53,1,68,95,0.0433373982707659,0.0932217578093211,0.298973157008489,0.218941896160444,-0.168526948491732,0.0159677871813377,0.96094122727712
06-Feb-2024 11:35:44,1,69,5,0.0860534479220708,0.0818714807430903,0.314436459541321,0.179441143075625,-0.275802671909332,0.0135387334351738,0.944219501813253
06-Feb-2024 11:47:26,1,70,80,0.104375345011552,0.0389336658020814,0.307222167650859,0.0557554679612319,-0.31907019217809,0.00625014988084634,0.946068946520487
06-Feb-2024 11:50:12,1,71,97,0.0876056204239527,0.0332523097594579,0.297435208161672,0.0741086473067602,-0.270294521252314,0.0174637795736392,0.959762382507324
06-Feb-2024 11:36:52,1,72,13,0.0902766500910123,0.0281991352637609,0.297566030422846,0.0590708456933498,-0.271112380425135,0.0201604917645454,0.960521904627482
06-Feb-2024 11:50:18,1,73,98,0.0369373242060343,0.0505809205273787,0.28809131582578,0.116238482793172,-0.167502213517825,0.0184842634946108,0.978817669550578
06-Feb-2024 11:43:24,1,74,55,0.0518854429324468,0.0114114811023076,0.288065588474274,0.022356029972434,-0.177355201045672,0.0121504169578354,0.983816281954447
06-Feb-2024 11:47:55,1,75,83,0.0700926095247269,-0.0174926295876503,0.291201082865397,-0.0754864444335302,-0.223691894610723,0.00888598536451658,0.971690901120504
06-Feb-2024 11:43:03,1,76,53,0.114471565683683,-0.00943744033575058,0.306931644678116,-0.0557973799606164,-0.331959450244904,0.00484580735986431,0.941628388563792
06-Feb-2024 11:44:46,1,77,63,0.128676540652911,-0.0203905146569014,0.308556985855103,-0.0558536025385062,-0.356493536631266,0.0200426542510589,0.932411416371663
06-Feb-2024 11:39:32,1,78,30,0.130988373359044,-0.00988664620866378,0.305975542465846,-0.0148352235555649,-0.357806817690531,0.0122033913930257,0.933597262700399
06-Feb-2024 11:37:45,1,79,18,0.13332092165947,-0.0138121004526814,0.299442861477534,-0.0335262909531593,-0.288692756493886,0.00982083305716515,0.956784176826477
06-Feb-2024 11:48:51,1,80,89,0.159690643350283,-0.0130307903513312,0.31048180659612,-0.0214157690604528,-0.277952895561854,0.011643266864121,0.960285154978434
06-Feb-2024 11:45:43,1,81,69,0.171329042315483,-0.0124503913025061,0.314038705825806,-0.0131042534485459,-0.184457895159721,0.0166949974993865,0.982610587279002
06-Feb-2024 11:40:57,1,82,39,0.195065247019132,-0.0249968868990739,0.34234846830368,-0.0692139536142349,-0.38522319595019,0.00914525569727023,0.920178739229838
06-Feb-2024 11:50:03,1,83,96,0.168001051743825,-0.0489531137049198,0.324173478285472,-0.101581141352654,-0.253533325592677,-0.00391963914347192,0.961970261732737
06-Feb-2024 11:36:42,1,84,12,0.207270299394925,-0.0501578832666079,0.353031684954961,-0.113207524518172,-0.32901194691658,-0.0107291363800565,0.937453552087148
06-Feb-2024 11:41:33,1,85,43,0.146774848302205,-0.084919872879982,0.334342032670975,-0.122165131568909,-0.305629813671112,0.0250617437064648,0.943946727116903
06-Feb-2024 11:41:28,1,86,42,0.145702310403188,-0.0766133606433868,0.331075797478358,-0.0895436510443687,-0.318753667672475,0.0364865511655807,0.942889793713887
06-Feb-2024 11:42:32,1,87,50,0.167697840929031,-0.0726323331395785,0.357861987749735,-0.0842636987566948,-0.404026671250661,0.0619145291546981,0.908750609556834
06-Feb-2024 11:48:43,1,88,88,0.184871183832486,-0.0734219610691071,0.363916184504827,-0.171212254961332,-0.421847659349442,0.000216554379585432,0.890351665019989
06-Feb-2024 11:41:04,1,89,40,0.175089413921038,-0.0472114957869053,0.353114122152329,-0.101993663609028,-0.459153443574905,0.0318998658408721,0.881905361016591
06-Feb-2024 11:48:10,1,90,85,0.132769012451172,0.000279893403543004,0.335978575547536,0.018342375010252,-0.404106064637502,0.0296307489275932,0.914047892888387
06-Feb-2024 11:39:56,1,91,32,0.194610580801964,-0.0492674897114436,0.369121201833089,-0.0664274290204048,-0.461937661965688,0.0436029255390167,0.883343768119812
06-Feb-2024 11:50:35,1,92,100,0.235420857866605,-0.0544945999979973,0.413547011216482,-0.118325378000736,-0.552925046284994,0.0207986276596785,0.824522038300832
06-Feb-2024 11:39:22,1,93,29,0.218267755707105,-0.0914404198527336,0.393964312473933,-0.159300629297892,-0.443513405323029,0.0131667212893566,0.881896018981934
06-Feb-2024 11:42:26,1,94,49,0.161170144875844,-0.111538756887118,0.364003507296244,-0.121175965170066,-0.360528409481049,0.0734423324465752,0.921922834714254
06-Feb-2024 11:35:13,1,95,2,0.14880645275116,-0.110677739481131,0.341303620735804,-0.11205930262804,-0.189160855611165,0.0266779856135448,0.975165943304698
06-Feb-2024 11:47:17,1,96,79,0.159350493550301,-0.115280851225058,0.359246472517649,-0.209436538815498,-0.312826625506083,0.0188932145635287,0.926235628128052
06-Feb-2024 11:37:01,1,97,14,0.105785060922305,-0.120778638124466,0.336861298481623,-0.188825762271881,-0.269624908765157,0.0392144729693731,0.943455668290456
06-Feb-2024 11:46:41,1,98,75,0.0820978661378225,-0.135014805197716,0.333834395805995,-0.222077855467796,-0.232996008793513,0.0365239282449087,0.946074382464091
06-Feb-2024 11:42:19,1,99,48,0.0823188597957293,-0.119734160602093,0.331125088532766,-0.146348179380099,-0.277086559931437,0.0747728988528252,0.946684122085571
06-Feb-2024 11:44:00,1,100,59,0.0897813558578491,-0.0633734360337257,0.336643854777018,-0.0762099042534828,-0.336813199520111,0.057036892324686,0.936742707093557
06-Feb-2024 11:53:49,2,1,15,0.10159579962492,-0.133911713957787,0.342737360795339,-0.293505040804545,-0.109988970557849,-0.0483812781671683,0.948372522989909
06-Feb-2024 11:53:03,2,2,9,0.0912259151538213,-0.138812486330668,0.345635271072388,-0.341171524922053,-0.150936129689217,-0.0406127316256364,0.926913086573283
06-Feb-2024 11:59:47,2,3,53,0.034108971307675,-0.157232701778412,0.348721357186635,-0.414883967240651,-0.0271645794312159,-0.0325690721472104,0.90888432264328
06-Feb-2024 11:54:55,2,4,22,0.012515187698106,-0.158938865860303,0.341949154933294,-0.391429456075033,-0.0479903007547061,-0.00597901670262218,0.918936240673065
06-Feb-2024 12:03:27,2,5,76,-0.0104133266955614,-0.196255651116371,0.368322491645813,-0.460194738705953,-0.0312473775198062,0.00364959073873858,0.887256991863251
06-Feb-2024 12:02:43,2,6,71,-0.0487385687728723,-0.216438788175583,0.376027055581411,-0.4716468334198,0.0181344637026389,0.010723993430535,0.881533312797546
06-Feb-2024 11:55:33,2,7,26,-0.0806246201197306,-0.234505253036817,0.392796419064204,-0.50286382039388,0.133091551065445,0.00231955763883889,0.854052464167277
06-Feb-2024 12:05:57,2,8,92,-0.086797892053922,-0.25940789381663,0.418215678135554,-0.548392248153686,0.0791416600346565,0.0253680631518364,0.832081015904744
06-Feb-2024 12:00:52,2,9,60,-0.154628691077232,-0.26059766014417,0.41462082862854,-0.465394598245621,0.240768411755562,0.0290132280439138,0.851230835914612
06-Feb-2024 12:05:33,2,10,90,-0.15278357565403,-0.258569451173147,0.42965169151624,-0.505480666955312,0.293165258566538,-0.00740060315777858,0.811473111311595
06-Feb-2024 11:52:15,2,11,4,-0.167784458398819,-0.267635746796926,0.418189766009649,-0.432927133639654,0.237102695306142,0.00760294618085027,0.869654246171315
06-Feb-2024 11:59:26,2,12,51,-0.174397798379262,-0.166266189018885,0.376265309254328,-0.277269470691681,0.338370921214422,-0.0190149152030547,0.899035473664602
06-Feb-2024 12:04:46,2,13,85,-0.158119723200798,-0.140101517240206,0.357836270332336,-0.251000527540843,0.311914132038752,-0.00191309999985,0.91635392109553
06-Feb-2024 11:56:10,2,14,30,-0.138375793894132,-0.093625204761823,0.339754565556844,-0.202425071597099,0.300066461165746,0.00359596779259543,0.932183961073557
06-Feb-2024 12:07:12,2,15,99,-0.114716244240602,-0.136333178480466,0.331070999304454,-0.254365332921346,0.207272659738859,0.00769031355157495,0.944602437814077
06-Feb-2024 11:54:40,2,16,20,-0.105722988645236,-0.0849104647835096,0.32069686849912,-0.200089140733083,0.239214502771695,0.00148161669882635,0.95012278954188
06-Feb-2024 12:06:48,2,17,97,-0.0588188419739405,-0.0694682414333026,0.306549986203512,-0.170084969202677,0.167582066853841,-0.00328572184468309,0.971068751811981
06-Feb-2024 11:53:58,2,18,16,-0.0828637356559436,-0.0453372053802013,0.29960124095281,-0.132518529891968,0.201860730846723,0.00259106767674287,0.970402113596598
06-Feb-2024 11:59:14,2,19,50,-0.0428051881492138,-0.0189783795426289,0.291530509789785,-0.0461270386974017,0.138749854763349,0.0144093532115221,0.989146665732066
06-Feb-2024 11:56:02,2,20,29,0.0212230832626422,-0.0516306146979332,0.297950359185537,-0.123896761238575,0.0501469254493713,-0.0041868908641239,0.991017178694407
06-Feb-2024 12:03:00,2,21,73,0.00106348753518735,-0.0734045684337616,0.309559971094131,-0.202299605806669,0.0749243413408597,-0.0276939367254575,0.976060485839844
06-Feb-2024 11:57:46,2,22,40,0.0551553388436635,-0.101372355719407,0.316984454790751,-0.234870808323224,-0.0272897782425086,-0.0246681799491247,0.971327992280324
06-Feb-2024 12:00:22,2,23,57,0.0951342880725861,-0.122765665749709,0.334665819009145,-0.286986798048019,-0.0892407526572545,-0.0475169512132804,0.952582728862762
06-Feb-2024 11:57:02,2,24,35,0.0966484919190407,-0.113425154487292,0.339834890762965,-0.312939490874608,-0.159673944115639,-0.0252420368293921,0.935912501811981
06-Feb-2024 11:52:02,2,25,3,0.12487727055947,-0.07837077130874,0.330524448553721,-0.190355919798215,-0.265243719021479,-0.00814932466795047,0.945167179902395
06-Feb-2024 12:05:45,2,26,91,0.1500629256169,-0.0859908178448677,0.364088352521261,-0.252561070521673,-0.407361213366191,0.013193618816634,0.877549091974894
06-Feb-2024 11:55:52,2,27,28,0.175470234950383,-0.0326435116430124,0.361048205693563,-0.0729700619975726,-0.461464297771454,0.0220985917995373,0.883876538276672
06-Feb-2024 11:52:43,2,28,7,0.217507445812225,-0.0462131107846896,0.375826698541641,-0.123880996306737,-0.445573655764262,-0.00477296228831013,0.886618916193644
06-Feb-2024 12:02:25,2,29,69,0.233474944035212,-0.0581186428666115,0.385813593864441,-0.129134358962377,-0.446110425392787,-0.00834629265591502,0.885573045412699
06-Feb-2024 11:59:03,2,30,49,0.234010548392932,-0.0775597080588341,0.393754462401072,-0.191476247708003,-0.410601584116618,-0.0443628882368406,0.890376468499502
06-Feb-2024 11:54:19,2,31,18,0.245088712374369,-0.0956784471869469,0.414671989281972,-0.235940346121788,-0.426670271158218,-0.0592573920885722,0.871075435479482
06-Feb-2024 12:07:24,2,32,100,0.222841722766558,-0.0772414555152257,0.40021333694458,-0.206946145494779,-0.418159691492716,-0.0392994431157907,0.88361140092214
06-Feb-2024 11:52:36,2,33,6,0.155497105916341,-0.0877996598680814,0.379952760537465,-0.211248007416725,-0.411617437998454,0.0232383079826832,0.886229634284973
06-Feb-2024 12:01:15,2,34,62,0.108939643204212,-0.082847032447656,0.360267780224482,-0.244812762737274,-0.291876703500748,-0.00119321326880405,0.924592498938243
06-Feb-2024 11:53:36,2,35,13,0.100182065864404,-0.0699710140625636,0.343119114637375,-0.188275402784348,-0.281922022501628,0.00408535146464904,0.940773646036784
06-Feb-2024 11:54:29,2,36,19,0.0866326530774434,-0.0882718726992607,0.348936613400777,-0.244447393218676,-0.259358106056849,0.00781029472127557,0.934300736586253
06-Feb-2024 11:58:08,2,37,43,0.0786844104528427,-0.0708590472737948,0.32925132115682,-0.185442095994949,-0.241405155261358,0.010378609970212,0.952483892440796
06-Feb-2024 12:04:01,2,38,80,0.0890964895486832,-0.0526498729983966,0.321600379546483,-0.119170660277208,-0.292371306816737,0.0240055239448945,0.948546493053436
06-Feb-2024 12:03:36,2,39,77,0.0391812391579151,-0.0444397283097108,0.298894137144089,-0.13478597899278,-0.140110843380292,0.00593815923978885,0.980899612108866
06-Feb-2024 11:54:07,2,40,17,0.0671859661738078,-0.0499416353801886,0.305259168148041,-0.133462738990784,-0.207919016480446,0.00910043685386578,0.968954185644786
06-Feb-2024 11:53:28,2,41,12,0.0230557723591725,-0.0735967357953389,0.298891568183899,-0.166568061709404,-0.137161387999853,0.018525959427158,0.976266495386759
06-Feb-2024 11:58:01,2,42,42,0.00285041487465302,-0.0766636530558268,0.295031179984411,-0.103167663017909,-0.114762140313784,0.0338683411478996,0.987440244356791
06-Feb-2024 12:06:29,2,43,95,0.0066309092566371,-0.101609504719575,0.310774856805801,-0.129903533061345,-0.12987218896548,0.0454049602150917,0.981935203075409
06-Feb-2024 11:55:42,2,44,27,-0.0116224752739072,-0.134307142098745,0.327364196379979,-0.175644005338351,-0.116222900648912,0.0530589746932189,0.976127036412557
06-Feb-2024 12:04:09,2,45,81,-0.0556397231916587,-0.13130137125651,0.318980693817139,-0.20414543847243,-0.0279667691638072,0.03639137322704,0.977863963445028
06-Feb-2024 11:54:47,2,46,21,-0.0988109653194745,-0.162441098690033,0.336700469255447,-0.278743332624435,0.0935241128007571,0.0337546182175477,0.955204530556997
06-Feb-2024 12:03:19,2,47,75,-0.11631162861983,-0.127317577600479,0.314416629076004,-0.11606715520223,0.103443324565887,0.00975106060504913,0.987791848182678
06-Feb-2024 12:01:56,2,48,66,-0.0835857237378756,-0.113897523283958,0.302901935577393,-0.153640109300613,0.0556803129613399,0.0282916650176048,0.986151111125946
06-Feb-2024 11:56:36,2,49,32,-0.0757118100921313,-0.108913978934288,0.307959020137787,-0.216671875119209,0.0952975327769915,0.0173603107531865,0.971425890922546
06-Feb-2024 12:05:25,2,50,89,-0.154294548432032,-0.12384832551082,0.336917618910472,-0.251567162076632,0.268006551265717,0.0176016945391893,0.929825194676717
06-Feb-2024 12:02:51,2,51,72,-0.149982327222824,-0.0934969608982404,0.341121085484823,-0.279984412590663,0.314500294129054,-0.0067566577034692,0.907000104586283
06-Feb-2024 12:01:37,2,52,64,-0.135939812660217,-0.058623056858778,0.323315946261088,-0.160319084922473,0.297295373678207,0.0144866700594624,0.94111563762029
06-Feb-2024 11:56:51,2,53,34,-0.142541174093882,-0.0724347387750943,0.316319986184438,-0.224028380711873,0.295391992727915,0.0241307529310385,0.928424374262492
06-Feb-2024 12:01:02,2,54,61,-0.132674787441889,-0.0467022453745206,0.30722069144249,-0.196983480453491,0.235556200146675,0.0374405247469743,0.950951623916626
06-Feb-2024 11:51:43,2,55,1,-0.131651507814725,-0.0384675269325574,0.297839204470317,-0.078108973801136,0.279306681950887,0.00810642472157876,0.956982839107513
06-Feb-2024 12:02:04,2,56,67,-0.140766180555026,-0.00631035789847374,0.302146981159846,-0.00600284077227116,0.305028973023097,0.0155160541335742,0.952197754383087
06-Feb-2024 11:59:36,2,57,52,-0.1245395069321,0.0214884695907434,0.294621831178665,0.0377434467275937,0.297918119033178,0.0122144259512424,0.953765896956126
06-Feb-2024 11:56:44,2,58,33,-0.137781508763631,-0.0051423294780155,0.300980671246847,-0.0171308475236098,0.30574810107549,0.0140625742574533,0.951854439576467
06-Feb-2024 12:06:07,2,59,93,-0.100321266551812,-0.043840125699838,0.28573292295138,-0.140208655595779,0.215562669436137,-0.0126072872430086,0.966288201014201
06-Feb-2024 11:57:12,2,60,36,-0.0748563940326373,-0.0427114635705948,0.281404213110606,-0.11276819507281,0.148811180392901,0.0133889232451717,0.982322450478872
06-Feb-2024 11:58:50,2,61,48,-0.0404185988008976,-0.0461104825139046,0.268858069181442,-0.114742523928483,0.0757120425502459,0.0122858963285883,0.990428785483042
06-Feb-2024 11:55:04,2,62,23,-0.0190314300358295,-0.0116724610949556,0.265366061528524,-0.0285224760572116,0.0511024427910646,0.00818327224502961,0.9982515056928
06-Feb-2024 12:05:14,2,63,88,-0.0351877016325792,0.0279892764985561,0.263285577297211,0.0827579393982887,0.0736082881689072,0.0231880385428667,0.99357625246048
06-Feb-2024 11:51:53,2,64,2,0.00959331014504035,0.0645174145698547,0.269814473390579,0.161020724972089,-0.0198384616523981,0.0229587610810995,0.986484519640605
06-Feb-2024 11:58:23,2,65,45,0.0341733721395334,0.026284879942735,0.26896959344546,0.0725237712264061,-0.0937498544653257,0.0234354607760906,0.992673707008362
06-Feb-2024 11:58:17,2,66,44,0.045773338029782,0.0420056968927383,0.277687366803487,0.104033228754997,-0.161468981703122,0.0190084340671698,0.981194480260213
06-Feb-2024 11:57:36,2,67,39,0.0524031500021617,0.0763636613885562,0.292979423205058,0.176680987079938,-0.189083540439606,0.0150777368495862,0.965817356109619
06-Feb-2024 12:06:59,2,68,98,0.0424469855924447,0.0925040582815806,0.298679075638453,0.217781045039495,-0.162109935283661,0.0147694392750661,0.96232719818751
06-Feb-2024 12:04:26,2,69,83,0.0875453020135562,0.0830629035830498,0.312884956598282,0.175846408804258,-0.290240548054377,0.00791171444579959,0.940623370806376
06-Feb-2024 12:02:15,2,70,68,0.100311984618505,0.0504730614523093,0.301721811294556,0.0888105899095535,-0.300429405768712,0.000583103254515057,0.949659069379171
06-Feb-2024 11:53:20,2,71,11,0.0759706685940425,0.035610639800628,0.295922525723775,0.0780914435784022,-0.271107629934947,0.0217807410905759,0.959127855300903
06-Feb-2024 12:00:38,2,72,59,0.0844295461972555,0.0335997484624386,0.295359116792679,0.0614664723475774,-0.266957906881968,0.0135090508808692,0.96165101925532
06-Feb-2024 11:57:31,2,73,38,0.0377287680904071,0.0511359649399916,0.288068789243698,0.116310286521912,-0.164727786183357,0.0147628260155519,0.979344213008881
06-Feb-2024 11:57:55,2,74,41,0.0586149888734023,0.0068953109284242,0.289760587612788,0.0115103782465061,-0.186935253938039,0.0177178679654996,0.98214396238327
06-Feb-2024 12:04:19,2,75,82,0.0706121320525805,-0.0123087122415503,0.293859465916952,-0.0617187996705373,-0.241560340921084,0.00260967343735198,0.968417584896088
06-Feb-2024 12:03:54,2,76,79,0.119398987789949,-0.0109345888098081,0.308483461538951,-0.0373331551750501,-0.333026866118113,0.00883859097957611,0.942136534055074
06-Feb-2024 11:52:53,2,77,8,0.128414001067479,-0.0199289176613092,0.309210956096649,-0.0510008653004964,-0.364277112483978,0.0185882521172365,0.929707260926565
06-Feb-2024 12:00:11,2,78,56,0.128796737392743,-0.0077845573425293,0.303963669141134,-0.0116372106596828,-0.355405378341675,0.0215383606652419,0.934391450881958
06-Feb-2024 11:56:24,2,79,31,0.131191322207451,-0.0148539238919814,0.298445983727773,-0.0373433634638786,-0.286435252428055,0.0141738330324491,0.95726660490036
06-Feb-2024 11:57:22,2,80,37,0.162729170918465,-0.0138500567525625,0.307954663038254,-0.0204033266752958,-0.28629212975502,0.0147120316823324,0.957812094688416
06-Feb-2024 12:03:45,2,81,78,0.176202756166458,-0.0116094271962841,0.311122351884842,-0.0123144119977951,-0.201562210917473,0.0118386707579096,0.97932669321696
06-Feb-2024 12:05:04,2,82,87,0.196250687042872,-0.0202702237914006,0.341995630661647,-0.0470292508602142,-0.383972881237666,0.0203280827651421,0.921921825408936
06-Feb-2024 12:01:46,2,83,65,0.168134141961734,-0.0484806584815184,0.323863104979197,-0.116105442742507,-0.245240025719007,-0.00696342047303915,0.96245930592219
06-Feb-2024 12:06:19,2,84,94,0.206889974077543,-0.0520992770791054,0.349629122018814,-0.11641084253788,-0.300880169868469,-0.0274186202635368,0.946128841241201
06-Feb-2024 12:04:56,2,85,86,0.136405847469966,-0.0842091167966525,0.328263227144877,-0.149008878072103,-0.260215761264165,0.0230884838849306,0.953701837857564
06-Feb-2024 12:00:03,2,86,55,0.143269068996112,-0.0746505697568258,0.333614498376846,-0.0898471881945928,-0.332472630341848,0.0525395373503367,0.937352148691813
06-Feb-2024 12:06:38,2,87,96,0.156893919905027,-0.0779804940025012,0.3530652821064,-0.0908181111017863,-0.41278391679128,0.0661188612381617,0.903874699274699
06-Feb-2024 11:55:16,2,88,24,0.184589153528214,-0.0721878031889598,0.363176037867864,-0.165930010875066,-0.423566486438115,0.00361302689028283,0.890528865655263
06-Feb-2024 11:58:39,2,89,47,0.171402587493261,-0.0421204949418704,0.350934314727783,-0.0833564271529516,-0.451172268390655,0.0319218722482522,0.887958796819051
06-Feb-2024 11:53:13,2,90,10,0.13312732676665,-0.00122495405764009,0.336759523550669,0.00795587099467715,-0.400187959273656,0.0332368157804012,0.91579513947169
06-Feb-2024 12:01:24,2,91,63,0.198749415079753,-0.051394584774971,0.374284660816193,-0.0929981932044029,-0.469024803241094,0.0388399707774321,0.877415533860525
06-Feb-2024 11:52:28,2,92,5,0.235585370659828,-0.0551193207502365,0.408955327669779,-0.116625387469927,-0.554636764526367,0.0270108196884394,0.82343445221583
06-Feb-2024 12:02:32,2,93,70,0.217085820436478,-0.0879070217410723,0.394256279865901,-0.150148990750313,-0.452885091304779,0.0316183915982644,0.878264836470286
06-Feb-2024 12:03:09,2,94,74,0.154803485671679,-0.11361525307099,0.358989051977793,-0.115984040498734,-0.332455662886302,0.0668622508645058,0.933567090829213
06-Feb-2024 12:04:35,2,95,84,0.144465775291125,-0.112938837210337,0.337540582815806,-0.106737499435743,-0.179708325862885,0.0295884446551402,0.977463833491008
06-Feb-2024 11:58:32,2,96,46,0.156374077995618,-0.117569730679194,0.357120756308238,-0.192358843485514,-0.306370755036672,0.0250717580318451,0.931935779253642
06-Feb-2024 11:53:43,2,97,14,0.110990736881892,-0.120480324824651,0.338022981087367,-0.194959768652916,-0.267168559630712,0.0359050683677197,0.943038713932037
06-Feb-2024 12:00:30,2,98,58,0.0860696425040563,-0.136295519272486,0.33796164393425,-0.236153976122538,-0.24681304693222,0.0462668632467588,0.938708329200745
06-Feb-2024 11:55:23,2,99,25,0.0805057485898336,-0.114174911379814,0.333986234664917,-0.140764721234639,-0.30655345916748,0.0798134669661522,0.937997504075368
06-Feb-2024 11:59:55,2,100,54,0.0876096506913503,-0.0614363707602024,0.337911647558212,-0.0934517527619998,-0.338223175207774,0.062130939712127,0.934348972638448
06-Feb-2024 12:17:48,3,1,60,0.103376855949561,-0.1340765863657,0.343313719828924,-0.29565295179685,-0.109587350487709,-0.053972422828277,0.947450693448385
06-Feb-2024 12:23:21,3,2,95,0.0864531467358271,-0.13864867289861,0.34626483519872,-0.352248388528824,-0.100291142861048,-0.054493614534537,0.928919939200083
06-Feb-2024 12:15:00,3,3,42,0.0422502954800924,-0.163130156199137,0.351983853181203,-0.404763734340668,-0.0879842271407445,-0.0253599144518375,0.909822436173757
06-Feb-2024 12:22:17,3,4,88,0.0173501984526714,-0.154992039998372,0.33934553861618,-0.378627568483353,-0.0655481005708377,-0.00371525314015647,0.923216346899668
06-Feb-2024 12:14:28,3,5,38,-0.012970990066727,-0.197573360800743,0.369850202401479,-0.476290225982666,0.0142350710307558,-0.00714357858523726,0.879142173131307
06-Feb-2024 12:17:08,3,6,55,-0.05255128617088,-0.218694190184275,0.377548199892044,-0.478828714291255,0.0520878513654073,0.0165409803390503,0.876203946272532
06-Feb-2024 12:17:13,3,7,56,-0.0800990839799245,-0.230018746852875,0.392282772064209,-0.50695557196935,0.132610600193342,-0.000606456435950046,0.851707875728607
06-Feb-2024 12:10:45,3,8,15,-0.0951969613631566,-0.261588428417842,0.419640105962753,-0.536444318294525,0.107862507303556,0.0480194672942162,0.835633877913157
06-Feb-2024 12:20:00,3,9,74,-0.158318518598874,-0.257360810041428,0.416174630324046,-0.465270670255025,0.26553964416186,0.00819697311768929,0.844360454877218
06-Feb-2024 12:13:59,3,10,35,-0.144780650734901,-0.257636938492457,0.42793786128362,-0.522490604718526,0.282306851943334,-0.00648678091044227,0.804527298609416
06-Feb-2024 12:18:56,3,11,68,-0.174768977363904,-0.26643027861913,0.419596636295319,-0.42326927781105,0.252477967739105,0.0160999642064174,0.869964782396952
06-Feb-2024 12:16:27,3,12,51,-0.179985900719961,-0.164534999926885,0.375501404205958,-0.250037770469983,0.335896416505178,-0.0103794180477659,0.908043853441874
06-Feb-2024 12:17:21,3,13,57,-0.16177693605423,-0.141955578327179,0.362203218539556,-0.294236554702123,0.298912195364634,-0.000762746839124399,0.907784696420034
06-Feb-2024 12:15:34,3,14,45,-0.142198426524798,-0.0944125880797704,0.34147559205691,-0.212358859181404,0.286684101819992,0.00335558988153934,0.934185262521108
06-Feb-2024 12:23:13,3,15,94,-0.109690113862356,-0.137880352139473,0.331597030162811,-0.275389778614044,0.184085031350454,0.000573495769640431,0.943541963895162
06-Feb-2024 12:19:51,3,16,73,-0.109695591032505,-0.0818451156218847,0.320062148571014,-0.18766695857048,0.256893301010132,-0.000242802804192858,0.948043644428253
06-Feb-2024 12:18:09,3,17,62,-0.062528966118892,-0.0652177155017853,0.305323129892349,-0.157526161273321,0.185270152489344,-0.00747248356540998,0.969950830936432
06-Feb-2024 12:13:48,3,18,34,-0.0824829563498497,-0.0419866715868314,0.295468896627426,-0.0989133968949318,0.19799329439799,0.013516270990173,0.975104510784149
06-Feb-2024 12:12:32,3,19,26,-0.0422754767040412,-0.0186179832865794,0.291415200630824,-0.0457556650042534,0.137369099259377,0.0146613516534368,0.989352711041768
06-Feb-2024 12:16:00,3,20,48,0.0102030826111635,-0.0512154666086038,0.296899348497391,-0.131200662255287,0.0644702101747195,0.00368965988357862,0.989248891671499
06-Feb-2024 12:22:57,3,21,92,0.000635753808698307,-0.078321132560571,0.308391980330149,-0.200420412421226,0.0514940251906713,-0.0120804428433379,0.978281104564667
06-Feb-2024 12:13:13,3,22,30,0.0552246178189913,-0.100155941148599,0.316773360967636,-0.233364814519882,-0.0236936196684837,-0.0268963175515334,0.971727101008097
06-Feb-2024 12:20:19,3,23,76,0.0989896416664124,-0.124008548259735,0.337364621957143,-0.284513358275096,-0.0712724695603053,-0.040307346234719,0.955166943868001
06-Feb-2024 12:19:32,3,24,71,0.0926964610815048,-0.115150959789753,0.338555304209391,-0.304557581742605,-0.171169159809748,-0.021245293940107,0.936745301882426
06-Feb-2024 12:15:43,3,25,46,0.125025579830011,-0.0772974933187167,0.330949087937673,-0.209874514738719,-0.251869783798854,-0.0105663469682137,0.944668972492218
06-Feb-2024 12:21:03,3,26,80,0.14938966135184,-0.0840302348136902,0.363328023751577,-0.239625730117162,-0.415572235981623,0.00347004380698005,0.877418414751689
06-Feb-2024 12:11:07,3,27,17,0.181831880410512,-0.0315344301362832,0.360079310337702,-0.0808629438281059,-0.448339557647705,0.010070199581484,0.890138594309489
06-Feb-2024 12:12:22,3,28,25,0.220573905110359,-0.0516970609625181,0.373621871074041,-0.104487574100494,-0.439580376942952,0.0104667628183961,0.892043415705363
06-Feb-2024 12:15:22,3,29,44,0.234747884670893,-0.0591850526630878,0.38377664287885,-0.146398783723513,-0.415164111057917,-0.023753813902537,0.897573788960775
06-Feb-2024 12:22:08,3,30,87,0.228491800030073,-0.08192158639431,0.394534983237584,-0.206465640664101,-0.421328872442245,-0.0306980075935523,0.882559009393056
06-Feb-2024 12:23:56,3,31,99,0.24509732623895,-0.094819268087546,0.414087142546972,-0.227569205562274,-0.427597945928574,-0.0615478090941906,0.872687514623006
06-Feb-2024 12:19:08,3,32,69,0.220318708817164,-0.0813077395160993,0.399047259489695,-0.211429555217425,-0.412739660342534,-0.0357217984894911,0.885248851776123
06-Feb-2024 12:13:22,3,33,31,0.158558445175489,-0.0827742358048757,0.377082629998525,-0.234157184759776,-0.366181127230326,-0.0190854929387569,0.900397070248922
06-Feb-2024 12:16:39,3,34,52,0.107791051765283,-0.0879819209376971,0.361452760299047,-0.257442092895508,-0.288207832972209,0.0070712151316305,0.922283208370209
06-Feb-2024 12:23:47,3,35,98,0.099364010989666,-0.0712345982591311,0.341501138607661,-0.18392945031325,-0.273699273665746,0.00478743261968096,0.944051643212636
06-Feb-2024 12:08:35,3,36,1,0.080116734902064,-0.0842002287507057,0.340981316566467,-0.231599381566048,-0.240168143312136,0.00241034608334303,0.942694075902303
06-Feb-2024 12:10:16,3,37,12,0.0774623016516368,-0.0750110303362211,0.328892733653386,-0.180143890778224,-0.244332444667816,0.0189085284868876,0.952623228232066
06-Feb-2024 12:18:22,3,38,64,0.0953423817952474,-0.0477446374793847,0.320684544245402,-0.13366645971934,-0.268955568472544,0.00572279297436277,0.953813568751017
06-Feb-2024 12:18:16,3,39,63,0.0386264798541864,-0.0475628015895685,0.297442233562469,-0.127725990613302,-0.12944254775842,0.00603222812836369,0.983305370807648
06-Feb-2024 12:22:49,3,40,91,0.0672669013341268,-0.0486595759789149,0.305165485541026,-0.133124335606893,-0.206259687741598,0.0108880366509159,0.96933567126592
06-Feb-2024 12:10:23,3,41,13,0.0201002149532239,-0.076897948483626,0.30219259262085,-0.185347769657771,-0.134898235400518,0.0198391695817312,0.97316544453303
06-Feb-2024 12:23:39,3,42,97,-0.000133723776283053,-0.0758354405562083,0.292822595437368,-0.0931872606277466,-0.104929036895434,0.030848474179705,0.98962273200353
06-Feb-2024 12:16:59,3,43,54,-0.0074271441437304,-0.102389361957709,0.307458448410034,-0.121425106128057,-0.121329419811567,0.0442481329043706,0.984162831306458
06-Feb-2024 12:12:44,3,44,27,-0.0121710574254394,-0.132997466127078,0.325372429688772,-0.169116924206416,-0.117711528142293,0.0572201604644458,0.976866912841797
06-Feb-2024 12:14:35,3,45,39,-0.0484787578384082,-0.132818165421486,0.320268970727921,-0.224331910411517,-0.0203160773962736,0.0382279701530933,0.973548420270284
06-Feb-2024 12:21:57,3,46,86,-0.0981553599238396,-0.159846284985542,0.335036832094192,-0.279160743951797,0.10059948861599,0.0297306546320518,0.954496383666992
06-Feb-2024 12:14:09,3,47,36,-0.119964467982451,-0.132172271609306,0.318214742342631,-0.122845111290614,0.120313734809558,0.0167876839637756,0.984960329532623
06-Feb-2024 12:17:29,3,48,58,-0.0893785804510117,-0.123647641638915,0.307639261086782,-0.160252147912979,0.0687560141086578,0.0148465041692058,0.984565186500549
06-Feb-2024 12:18:47,3,49,67,-0.0779795269171397,-0.111217841009299,0.310708562533061,-0.233157789707184,0.10015059163173,0.0163699918737014,0.967129421234131
06-Feb-2024 12:11:36,3,50,20,-0.150504532456398,-0.127401764194171,0.336249230305354,-0.262987603743871,0.252793421347936,0.0186379282424847,0.930904769897461
06-Feb-2024 12:15:10,3,51,43,-0.152184975147247,-0.0891698911786079,0.338634167114894,-0.25300400853157,0.317848980426788,-0.00362737711208562,0.913753485679626
06-Feb-2024 12:11:43,3,52,21,-0.139130136370659,-0.0640309115250905,0.328247020641963,-0.179816996057828,0.31319532195727,0.0066741179364423,0.932485866546631
06-Feb-2024 12:09:01,3,53,4,-0.142249261339506,-0.0702469646930695,0.31392614642779,-0.216478017965953,0.279617379109065,0.0281183221687873,0.934964334964752
06-Feb-2024 12:20:50,3,54,79,-0.130584688981374,-0.0428863791128,0.305060720443726,-0.195326575636864,0.218323115507762,0.0355197561283906,0.955468952655792
06-Feb-2024 12:21:49,3,55,85,-0.131054295102755,-0.0394558598597844,0.298994410037994,-0.0913039982318878,0.267994648218155,0.0158374612530073,0.958953336874644
06-Feb-2024 12:18:00,3,56,61,-0.140219080448151,-0.0043374461432298,0.302001166343689,-0.0113833945244551,0.30443412065506,0.00956870286415021,0.952417321999868
06-Feb-2024 12:09:32,3,57,7,-0.124889260033766,0.0222639614095291,0.292201769351959,0.0625197097659111,0.271719266970952,0.0173333139469226,0.960187228520711
06-Feb-2024 12:14:18,3,58,37,-0.138383417328199,-0.0121291186039646,0.301206101973852,-0.00877055674791336,0.311716864506404,0.00989189917842547,0.950083088874817
06-Feb-2024 12:22:38,3,59,90,-0.104190289477507,-0.0454302527010441,0.284373587369919,-0.1146311784784,0.214249000946681,0.0137755379701654,0.969931205113729
06-Feb-2024 12:19:43,3,60,72,-0.0762324805061022,-0.0429834467669328,0.281365793943405,-0.111756310363611,0.151247868935267,0.0144731399292747,0.982050347328186
06-Feb-2024 12:20:28,3,61,77,-0.044204942882061,-0.0451703563332558,0.269511036078135,-0.116664499541124,0.0961239645878474,0.0167081695050001,0.988367565472921
06-Feb-2024 12:13:05,3,62,29,-0.0206725598623355,-0.0117157003531853,0.264806209007899,-0.0215387893219789,0.0391197567184766,0.0171879542370637,0.998853464921316
06-Feb-2024 12:19:22,3,63,70,-0.034743661681811,0.0258648611605167,0.26323489745458,0.0802716453870138,0.0730606297651927,0.0262996070086956,0.993743205070496
06-Feb-2024 12:10:06,3,64,11,0.00774461884672443,0.0638945862650871,0.270045314232508,0.171586555242538,-0.0456512972712517,0.0298579547554255,0.983654316266378
06-Feb-2024 12:16:14,3,65,50,0.036970808605353,0.0206573174645503,0.269948134819667,0.0683009192347526,-0.0979866320888201,0.0278857996066411,0.992448977629344
06-Feb-2024 12:23:32,3,66,96,0.0481174528598785,0.0441945803662141,0.278328408797582,0.104543301463127,-0.161128660043081,0.0197970103472471,0.981180620193481
06-Feb-2024 12:09:59,3,67,10,0.05184612373511,0.0688879335920016,0.290585615237554,0.155274733901024,-0.21003582974275,0.0164095903436343,0.96514364083608
06-Feb-2024 12:16:50,3,68,53,0.0454277485609055,0.0914440219600995,0.300265741348267,0.203493423263232,-0.187351120511691,0.0240918011715015,0.960681839783986
06-Feb-2024 12:12:05,3,69,23,0.0882011458277702,0.0847198074062665,0.314032671848933,0.183741454283396,-0.296380790074666,0.00486916371931632,0.93721383412679
06-Feb-2024 12:08:45,3,70,2,0.102075864374638,0.0400639062126478,0.307222916682561,0.0559779388209184,-0.318818203608195,-0.000133695768696877,0.946161405245463
06-Feb-2024 12:10:31,3,71,14,0.0807282969355583,0.0386391572654247,0.293362543980281,0.0707156936327616,-0.256588306029638,0.0127085569625099,0.963845205307007
06-Feb-2024 12:08:50,3,72,3,0.07862472285827,0.0335227181514104,0.29461597998937,0.0637762909134229,-0.268966033061345,0.0102887313192089,0.960980725288391
06-Feb-2024 12:16:08,3,73,49,0.0384488987425963,0.052367756764094,0.288284707069397,0.12099208633105,-0.145214882493019,0.0256728613128265,0.981637378533681
06-Feb-2024 12:10:58,3,74,16,0.0522725996871789,0.0100780899326007,0.287559568881989,0.0153846316660444,-0.178921699523926,0.0141797698413332,0.983639717102051
06-Feb-2024 12:09:21,3,75,6,0.076652929186821,-0.0191737374911706,0.296397956212362,-0.0676476885875066,-0.245844622453054,0.00643555922433734,0.966924420992533
06-Feb-2024 12:22:27,3,76,89,0.113680857419968,-0.00806116738046209,0.306802201271057,-0.0584821092585723,-0.330774432420731,0.00578847207749883,0.941877075036367
06-Feb-2024 12:11:25,3,77,19,0.129797428846359,-0.0176472639044126,0.309151085217794,-0.0416290494302909,-0.363103121519089,0.0180879165728887,0.930642680327098
06-Feb-2024 12:13:39,3,78,33,0.118706399699052,-0.011463006089131,0.303175963958104,-0.0370351110895475,-0.368377323945363,0.0199887764950593,0.928719850381215
06-Feb-2024 12:21:22,3,79,82,0.136367438236872,-0.0101624424258868,0.300680587689082,-0.0175909796108802,-0.304027712345123,0.022677148754398,0.952230540911357
06-Feb-2024 12:11:56,3,80,22,0.154862106839816,-0.015339401178062,0.306730618079503,-0.0333162079254786,-0.268829025824865,0.0100240239873528,0.962559370199839
06-Feb-2024 12:18:30,3,81,65,0.175278947750727,-0.0129984697327018,0.31193526784579,-0.0137154834344983,-0.194657440980275,0.0123666515573859,0.980697127183278
06-Feb-2024 12:12:15,3,82,24,0.197263940175374,-0.00908758224298557,0.340600337584813,0.00140016596221055,-0.408216575781504,0.0262934800237417,0.912505094210307
06-Feb-2024 12:09:44,3,83,8,0.167082353432973,-0.0513281837105751,0.323231226205826,-0.112658062080542,-0.239911160866419,-0.0106994649395347,0.964173809687297
06-Feb-2024 12:20:11,3,84,75,0.203303404649099,-0.0535335001846155,0.351499573389689,-0.13709868490696,-0.298014237483342,-0.0114374735703071,0.944594200452169
06-Feb-2024 12:18:38,3,85,66,0.150122451782227,-0.0830097039540609,0.333286072810491,-0.134121663371722,-0.283817720413208,0.0222487571338813,0.949190525213877
06-Feb-2024 12:21:37,3,86,84,0.142701981465022,-0.0781574775775274,0.336186474561691,-0.0918642982840538,-0.32780693769455,0.0578194660445054,0.938488097985586
06-Feb-2024 12:14:51,3,87,41,0.169233233729998,-0.0687623838583628,0.357381133238475,-0.0794995377461116,-0.40341734290123,0.0532786168158054,0.909997240702311
06-Feb-2024 12:09:51,3,88,9,0.189913290739059,-0.0750783080856005,0.36604190270106,-0.166474302609762,-0.418516927957535,0.0082362363114953,0.892781738440196
06-Feb-2024 12:17:39,3,89,59,0.172313403089841,-0.0408349374930064,0.346930782000224,-0.0674169227480888,-0.452063093582789,0.0217971509943406,0.889164888858795
06-Feb-2024 12:24:05,3,90,100,0.143178577224414,0.000717803098571797,0.343392050266266,0.0268759017189344,-0.421990768114726,0.0360636261602243,0.905483794212341
06-Feb-2024 12:12:53,3,91,28,0.193253882726034,-0.0485383428633213,0.369953604539235,-0.0655323351422946,-0.478479665517807,0.046047455072403,0.874438122908274
06-Feb-2024 12:13:30,3,92,32,0.232577370603879,-0.0522050184508165,0.409825503826141,-0.12343009809653,-0.55106288989385,0.0199624596784512,0.825042231877645
06-Feb-2024 12:21:30,3,93,83,0.217949682474136,-0.0908617029587428,0.394607235987981,-0.154286865393321,-0.450178720553716,0.0381943975885709,0.8786780834198
06-Feb-2024 12:14:45,3,94,40,0.153290142615636,-0.118534379204114,0.363468005259832,-0.128580072522163,-0.347325058778127,0.0677791158358256,0.926411521434784
06-Feb-2024 12:15:52,3,95,47,0.145141780376434,-0.111756212512652,0.339839939276377,-0.117313898106416,-0.18031511704127,0.0311616099129121,0.976090363661448
06-Feb-2024 12:11:14,3,96,18,0.161039957404137,-0.111528135339419,0.361147793134054,-0.194280094901721,-0.338857664664586,0.0257058239231507,0.920200884342194
06-Feb-2024 12:09:12,3,97,5,0.109122819205125,-0.122063195705414,0.334156628449758,-0.192125017444293,-0.239014381170273,0.0255622369547685,0.951474547386169
06-Feb-2024 12:23:04,3,98,93,0.0820089653134346,-0.135357048114141,0.333246703942617,-0.223301164309184,-0.226711285114288,0.0397278989354769,0.947183807690938
06-Feb-2024 12:20:38,3,99,78,0.0784203971425692,-0.116037671267986,0.329586331049601,-0.136199960112572,-0.275709042946498,0.0799692392349243,0.948174834251404
06-Feb-2024 12:21:12,3,100,81,0.0882410138845444,-0.0595484850307306,0.340244358778,-0.0899339685837428,-0.359572199980418,0.0586831683913867,0.926917143662771
06-Feb-2024 12:41:12,4,1,98,0.0999522050221761,-0.134460497895877,0.342648696899414,-0.294771709044774,-0.110875702897708,-0.0443308375775814,0.948074491818746
06-Feb-2024 12:34:50,4,2,59,0.0836265017588933,-0.138079655170441,0.34640486240387,-0.344917871554693,-0.100626933574677,-0.0445289067924023,0.932159868876139
06-Feb-2024 12:28:40,4,3,22,0.0357598101099332,-0.15963615278403,0.349314792950948,-0.417684944470723,-0.0301615602026383,-0.033745463937521,0.907462954521179
06-Feb-2024 12:30:08,4,4,32,0.0174772693465153,-0.153644992907842,0.338088798522949,-0.380429375171661,-0.024143116051952,-0.0120295211672783,0.924415898323059
06-Feb-2024 12:40:11,4,5,91,-0.00914146713912487,-0.198503720760345,0.369040205081304,-0.468920876582464,-0.0386811052759488,0.00856892596930265,0.882348926862081
06-Feb-2024 12:25:41,4,6,4,-0.0486340848108133,-0.215939869483312,0.375929107268651,-0.471936152378718,0.0207653172314167,0.011028212060531,0.881316781044006
06-Feb-2024 12:39:26,4,7,86,-0.081957929333051,-0.231114571293195,0.392017245292664,-0.500024193525314,0.139943042397499,-0.00151233056094497,0.854625336329142
06-Feb-2024 12:26:38,4,8,10,-0.0895940363407135,-0.259726228316625,0.419053010145823,-0.548493154843648,0.0892679408192635,0.0302260506898165,0.830826552708944
06-Feb-2024 12:30:32,4,9,34,-0.149366764227549,-0.259972922007243,0.411969461043676,-0.465091224511464,0.228151002526283,0.026491384456555,0.854945623874664
06-Feb-2024 12:38:20,4,10,80,-0.135264274477959,-0.263431998093923,0.425228945414225,-0.521752766768138,0.225952342152596,-0.00634569246321917,0.822603221734365
06-Feb-2024 12:32:52,4,11,47,-0.181010839343071,-0.263695108890533,0.418831193447113,-0.398242874940236,0.265542542934418,0.0215396641443173,0.877737291653951
06-Feb-2024 12:34:40,4,12,58,-0.179865315556526,-0.163444109757741,0.377250329653422,-0.273861730098724,0.342676943540573,-0.0232944251348575,0.898348212242126
06-Feb-2024 12:29:12,4,13,25,-0.163506502906481,-0.138928714394569,0.357413923740387,-0.246083133419355,0.317504725853602,-0.00867844937990109,0.915727670987447
06-Feb-2024 12:32:18,4,14,44,-0.143175715208054,-0.0961974114179611,0.340571828683217,-0.192469026645025,0.302300862471263,0.00113805340758214,0.933576075236003
06-Feb-2024 12:36:09,4,15,67,-0.114117476840814,-0.138067122300466,0.330988703171412,-0.25905776421229,0.203738268216451,0.00645547828947504,0.944105883439382
06-Feb-2024 12:33:29,4,16,51,-0.109923001627127,-0.0806411291162173,0.320254804690679,-0.185729954640071,0.257617179552714,-0.000375300155913768,0.94822846253713
06-Feb-2024 12:29:56,4,17,30,-0.0651526858409246,-0.0679694826404254,0.303769703706106,-0.148215360442797,0.183577066659927,0.00265460781132181,0.971761802832286
06-Feb-2024 12:27:28,4,18,15,-0.0796160121758779,-0.0421369068324566,0.29810408949852,-0.115826539198558,0.194839053352674,0.00493950272599856,0.973958059151967
06-Feb-2024 12:28:11,4,19,19,-0.0414942065874736,-0.0182383615523577,0.291255205869675,-0.0444336265325546,0.136820264657338,0.012841742609938,0.989514319101969
06-Feb-2024 12:40:36,4,20,94,0.0199929038683573,-0.0496922597289085,0.297631072998047,-0.121399813890457,0.0494608211020629,-0.00839578341692686,0.991334215799967
06-Feb-2024 12:36:59,4,21,72,0.00476192741965254,-0.0788051103552183,0.310509173075358,-0.201996350288391,0.0516261594990889,-0.0101480161150297,0.977969781557719
06-Feb-2024 12:30:02,4,22,31,0.0517960158487161,-0.102105969190598,0.319440424442291,-0.248898615439733,0.00877929907292128,-0.0344619589547316,0.967874725659688
06-Feb-2024 12:33:11,4,23,49,0.0919330378373464,-0.121554386615753,0.336677896976471,-0.293713148434957,-0.0794791013002396,-0.0517357192933559,0.951175586382548
06-Feb-2024 12:39:35,4,24,87,0.0993195354938507,-0.111964317659537,0.341084776322047,-0.311687024434408,-0.16862820982933,-0.0282094124704599,0.934676170349121
06-Feb-2024 12:26:26,4,25,9,0.12595077753067,-0.0786109581589699,0.334513258934021,-0.180998236934344,-0.293353106578191,0.000378418209341665,0.938713733355204
06-Feb-2024 12:31:37,4,26,40,0.154472820957502,-0.0816792314251264,0.366489473978678,-0.217220865686735,-0.439878501494726,0.0102819517254829,0.871330177783966
06-Feb-2024 12:38:07,4,27,79,0.176190868020058,-0.0324202679097652,0.365282708406448,-0.0802180424332619,-0.477065513531367,0.0159381871422132,0.875054037570953
06-Feb-2024 12:32:29,4,28,45,0.219470855593681,-0.0510298520326614,0.370874532063802,-0.129967030882835,-0.422456558545431,-0.00598958292976022,0.896994054317474
06-Feb-2024 12:33:48,4,29,53,0.23460200826327,-0.0532288367549578,0.387188082933426,-0.144926365216573,-0.42791118423144,-0.0224104439218839,0.891842011610667
06-Feb-2024 12:30:44,4,30,35,0.229721705118815,-0.0837302476167679,0.394291309515635,-0.214785127838453,-0.400320919354757,-0.0411408233145873,0.88989771604538
06-Feb-2024 12:36:49,4,31,71,0.247351618607839,-0.0967989504337311,0.413593715429306,-0.218978469570478,-0.415701417128245,-0.0545845034221808,0.881055068969727
06-Feb-2024 12:27:59,4,32,18,0.220184844732285,-0.0793990800778071,0.399538930257161,-0.189382665356,-0.447689966360728,-0.0259636618196964,0.873517934481303
06-Feb-2024 12:33:41,4,33,52,0.157743560274442,-0.0801117653648059,0.375797297557195,-0.230820633967717,-0.363512047131856,-0.0150866456950704,0.902413825194041
06-Feb-2024 12:35:28,4,34,63,0.106067923208078,-0.090071048339208,0.360266774892807,-0.240945823987325,-0.307381331920624,0.0127257382497191,0.920487642288208
06-Feb-2024 12:33:04,4,35,48,0.0970077499747276,-0.0728281294306119,0.343272721767426,-0.196100529034932,-0.269474589824677,0.0137859830632806,0.942728745937347
06-Feb-2024 12:26:10,4,36,7,0.07313322275877,-0.0850755964716276,0.340569363037745,-0.212303219238917,-0.271527808904648,0.0208761810014645,0.93848995367686
06-Feb-2024 12:38:45,4,37,82,0.0807475790381432,-0.0672183995445569,0.328575517733892,-0.191607195138931,-0.237590980529785,0.00180281980428845,0.952277131875356
06-Feb-2024 12:34:18,4,38,56,0.09070166995128,-0.0517196143666903,0.322330814599991,-0.12602865199248,-0.286565007766088,0.0161272913217545,0.949598423639933
06-Feb-2024 12:40:02,4,39,90,0.0346287570893764,-0.052527425189813,0.296449871857961,-0.107784050206343,-0.157258802652359,0.0180593851953745,0.981491255760193
06-Feb-2024 12:25:12,4,40,1,0.0695032800237338,-0.0488233690460523,0.304877108335495,-0.124568546315034,-0.213286536931992,0.00999648111561934,0.968955806891123
06-Feb-2024 12:40:19,4,41,92,0.0304461141427358,-0.072229453921318,0.301626803477605,-0.196185464660327,-0.123414346575737,0.00530613899851839,0.972754228115082
06-Feb-2024 12:28:20,4,42,20,0.00306465167862674,-0.0771479035417239,0.294160962104797,-0.117015341917674,-0.0918705721696218,0.0303789500147104,0.988404738903046
06-Feb-2024 12:39:16,4,43,85,0.0010541886712114,-0.103224275509516,0.306939631700516,-0.128529258569082,-0.105259878436724,0.036610975364844,0.98542294104894
06-Feb-2024 12:35:37,4,44,64,-0.0164161346852779,-0.134343735376994,0.328007058302561,-0.178537946939468,-0.128095159928004,0.0656603316466014,0.973347028096517
06-Feb-2024 12:31:27,4,45,39,-0.0569173224270344,-0.129988981286685,0.317120345433553,-0.186718988418579,-0.0141803460816542,0.0359673554698626,0.981649752457937
06-Feb-2024 12:40:46,4,46,95,-0.0991096913814545,-0.156787510712941,0.334665624300639,-0.276995293299357,0.0967463796337446,0.0322807411352793,0.95544308423996
06-Feb-2024 12:36:31,4,47,69,-0.106268688042959,-0.125495841105779,0.312667014201482,-0.112836663424969,0.1082027922074,0.0220230378210545,0.987458908557892
06-Feb-2024 12:26:59,4,48,12,-0.0887501031160355,-0.114189470311006,0.303490875164668,-0.147611099481583,0.0548271782696247,0.020757499585549,0.987306467692057
06-Feb-2024 12:25:19,4,49,2,-0.078364438811938,-0.11154822409153,0.310008058945338,-0.230210645993551,0.0879711757103602,0.017319893091917,0.969000081221263
06-Feb-2024 12:30:57,4,50,36,-0.150875206788381,-0.128141810496648,0.339352522293727,-0.283672956625621,0.242774710059166,0.0193448097755512,0.927477546532949
06-Feb-2024 12:34:01,4,51,54,-0.154430270195007,-0.0882089386383692,0.338244064648946,-0.241600230336189,0.327889519929886,0.00778007249658306,0.913266388575236
06-Feb-2024 12:35:47,4,52,65,-0.136951970060666,-0.0598448080321153,0.324018673102061,-0.160314606626829,0.295593192179998,0.0116261408974727,0.941693524519602
06-Feb-2024 12:31:59,4,53,42,-0.141458265980085,-0.0697766398390134,0.31418735186259,-0.210123438636462,0.28525238831838,0.0304379422217608,0.934639231363932
06-Feb-2024 12:37:46,4,54,77,-0.12885474661986,-0.0425855278968811,0.304720520973206,-0.195350024104118,0.213708603382111,0.0341946403185527,0.95655513604482
06-Feb-2024 12:39:46,4,55,88,-0.131282562017441,-0.0391804536183675,0.29971216917038,-0.0977556129296621,0.270158412059148,0.0110150801638762,0.957776951789856
06-Feb-2024 12:28:29,4,56,21,-0.138472685217857,-0.00365935404164096,0.300212212403615,-0.002699916344136,0.29091534614563,0.0161560222506523,0.956608589490255
06-Feb-2024 12:38:31,4,57,81,-0.124296592672666,0.0217363131543001,0.294214675823847,0.0267519973218441,0.293287567297618,-0.0054883122133712,0.955633242925008
06-Feb-2024 12:39:06,4,58,84,-0.132277120153109,-0.00320881238828103,0.298466642697652,-0.00862798361728589,0.295840261379878,0.0136078044772148,0.955101525783539
06-Feb-2024 12:29:03,4,59,24,-0.105627483626207,-0.0471548760930697,0.284792610009511,-0.112015787760417,0.217602708935738,0.0156921297311783,0.969460821151733
06-Feb-2024 12:33:20,4,60,50,-0.0771974980831146,-0.04009971494476,0.281436741352081,-0.109106141328812,0.160161669055621,0.0122604155292114,0.980965749422709
06-Feb-2024 12:34:28,4,61,57,-0.041511187205712,-0.0461193218827248,0.269301474094391,-0.11266595919927,0.0784959445397059,0.00786030211796363,0.990494779745738
06-Feb-2024 12:32:08,4,62,43,-0.0229495458304882,-0.00733375524481138,0.265440372625987,-0.0267151948064566,0.0596631129582723,0.0125789211442073,0.997780938943227
06-Feb-2024 12:29:47,4,63,29,-0.0347986663381259,0.0285284484426181,0.263192131121953,0.0841990078488986,0.0722418283422788,0.0216529112309217,0.993589397271474
06-Feb-2024 12:31:48,4,64,41,0.0142908756931623,0.0590190649032593,0.269640982151031,0.162061443924904,-0.050577799230814,0.0331164675454299,0.984925615787506
06-Feb-2024 12:35:17,4,65,62,0.0421670970817407,0.020737586915493,0.269886358579,0.0614605876306693,-0.101632121702035,0.0252016507089138,0.992601017157237
06-Feb-2024 12:31:17,4,66,38,0.0390992805361748,0.0419832025965055,0.277905621131261,0.108108313878377,-0.168346602718035,0.0196402482688427,0.979583652814229
06-Feb-2024 12:37:24,4,67,75,0.0504934976498286,0.0706534897287687,0.289692870775859,0.157094279925028,-0.204162988066673,0.0147392129525542,0.966136658191681
06-Feb-2024 12:25:55,4,68,5,0.0413911672929923,0.0939683665831884,0.298581143220266,0.218771488467852,-0.159511951605479,0.00473546739667654,0.962638338406881
06-Feb-2024 12:28:53,4,69,23,0.0827510337034861,0.078528194129467,0.311966468890508,0.165855513016383,-0.273515125115712,0.0160480381300052,0.947324510415395
06-Feb-2024 12:29:33,4,70,27,0.104780627787113,0.0444723568856716,0.306570440530777,0.0807439863681793,-0.314405220746994,0.0030607887233297,0.945843736330668
06-Feb-2024 12:35:00,4,71,60,0.0856125399470329,0.036539313942194,0.296451044082642,0.0645276462038358,-0.267854398488998,0.0176904981335004,0.961132395267487
06-Feb-2024 12:29:38,4,72,28,0.0827333177129428,0.0334564877053102,0.295814551909765,0.0783575564622879,-0.270178423325221,0.0125114556401968,0.959534688790639
06-Feb-2024 12:39:55,4,73,89,0.0338066853582859,0.0549207580586274,0.285393480459849,0.136049026250839,-0.125778282682101,0.0145866192877293,0.982575829823812
06-Feb-2024 12:26:51,4,74,11,0.052500431984663,0.0107241232569019,0.287523770332336,0.0201943434774876,-0.178962885340055,0.00823302610466878,0.983613042036692
06-Feb-2024 12:27:49,4,75,17,0.0672090550263723,-0.0157668117433786,0.29462607105573,-0.0593522782127062,-0.254983031749725,0.00816792473196983,0.96508770386378
06-Feb-2024 12:37:17,4,76,74,0.119494294623534,-0.00953415737797817,0.310281664133072,-0.0501509753366311,-0.34385212858518,0.0102764034643769,0.937627319494883
06-Feb-2024 12:35:58,4,77,66,0.1243751257658,-0.0149559888367852,0.304367123047511,-0.044142139951388,-0.341446687777837,0.0151058003927271,0.938741763432821
06-Feb-2024 12:41:23,4,78,99,0.127003435293833,-0.0165415892998377,0.304414023955663,-0.0480359519521395,-0.34292672475179,0.0150024224693576,0.938013017177582
06-Feb-2024 12:27:10,4,79,13,0.132736192146937,-0.00908815084646145,0.297957189877828,-0.0147660330558817,-0.287191265821457,0.00795944208900134,0.957726319630941
06-Feb-2024 12:32:37,4,80,46,0.157262856761614,-0.0158465772867203,0.309808677434921,-0.0303480714559555,-0.275116533041,0.0205561338613431,0.960711805025736
06-Feb-2024 12:41:32,4,81,100,0.177721121907234,-0.0138340889165799,0.31106449564298,-0.0158957929660877,-0.20419132510821,0.0162065306057533,0.978667199611664
06-Feb-2024 12:37:09,4,82,73,0.184714548786481,-0.0207785957803329,0.336185338099798,-0.0533782720565796,-0.384410671393077,0.0111552836373448,0.921550146738688
06-Feb-2024 12:41:04,4,83,97,0.174966343243917,-0.0453820794820785,0.329145900408427,-0.0930225759744644,-0.254428193966548,-0.00600997675210238,0.962588612238566
06-Feb-2024 12:36:42,4,84,70,0.201373966534932,-0.0578379320601622,0.349679535627365,-0.12332000931104,-0.316803960005442,-0.013665172085166,0.940340673923492
06-Feb-2024 12:26:03,4,85,6,0.141597882906596,-0.0847592353820801,0.330137856801351,-0.127070095638434,-0.289849648873011,0.0211190149188042,0.948363041877747
06-Feb-2024 12:27:19,4,86,14,0.151764923334122,-0.0733473102251689,0.334614626566569,-0.0876223415136337,-0.339447571833928,0.0403568747142951,0.93566483259201
06-Feb-2024 12:31:08,4,87,37,0.157206367452939,-0.0804264669617017,0.349650806188583,-0.0930851404865583,-0.385787590344747,0.0596947992841403,0.91593519449234
06-Feb-2024 12:38:52,4,88,83,0.181019918123881,-0.0711075847347577,0.363613959153493,-0.170486536622047,-0.433611903587977,0.00641025248914957,0.884801538785299
06-Feb-2024 12:35:08,4,89,61,0.173028108477592,-0.0425126418471336,0.349227698644002,-0.08230875035127,-0.456794863939285,0.0331528996427854,0.88513503074646
06-Feb-2024 12:30:19,4,90,33,0.134524949391683,-0.0030165155728658,0.336724601189295,0.00721328218157093,-0.399287112553914,0.0349905033906301,0.916129056612651
06-Feb-2024 12:27:40,4,91,16,0.194869699080785,-0.0454808036486308,0.368659293651581,-0.0550041494270166,-0.462727236747742,0.0393468968570232,0.883915281295776
06-Feb-2024 12:38:01,4,92,78,0.236365382870038,-0.054864872743686,0.409637409448624,-0.108085405329863,-0.558467642466227,0.0239226931085189,0.822103730837504
06-Feb-2024 12:25:30,4,93,3,0.216979237397512,-0.0919038146734238,0.393512549002965,-0.151756662130356,-0.440554871161779,0.027018112068375,0.884391510486603
06-Feb-2024 12:29:23,4,94,26,0.150157627463341,-0.120257400969664,0.35960119565328,-0.125563820203145,-0.317956070105235,0.0645397673050563,0.937533589204152
06-Feb-2024 12:36:19,4,95,68,0.136581630508105,-0.120371234416962,0.339390176534653,-0.122335112591585,-0.160061581929525,0.0062026247382164,0.979476797580719
06-Feb-2024 12:40:56,4,96,96,0.158885106444359,-0.112633835275968,0.358834121624629,-0.190958967804909,-0.328399930397669,0.0205098267644644,0.924806618690491
06-Feb-2024 12:40:28,4,97,93,0.110228911538919,-0.121287748714288,0.336832837263743,-0.194659826159477,-0.266192652781804,0.0345266458888849,0.943428234259288
06-Feb-2024 12:34:11,4,98,55,0.0816933080554008,-0.134120186169942,0.333274634679159,-0.218287811676661,-0.233384714523951,0.0348440592487653,0.946923971176147
06-Feb-2024 12:26:17,4,99,8,0.0818661545713743,-0.115774361292521,0.334688677390416,-0.144054744640986,-0.305169826745987,0.0766214683651924,0.938215494155884
06-Feb-2024 12:37:33,4,100,76,0.091235805551211,-0.0586999940375487,0.337272681792577,-0.0624892897903919,-0.343200876315435,0.0617257133126259,0.93514578739802
06-Feb-2024 12:44:09,5,1,11,0.105976913372676,-0.136731496453285,0.346111110846202,-0.289829043547312,-0.103951278825601,-0.0516480873028437,0.950010069211324
06-Feb-2024 12:45:41,5,2,22,0.0875463808576266,-0.138105427225431,0.348291180531184,-0.367448512713114,-0.128085013230642,-0.051198116193215,0.919757187366486
06-Feb-2024 12:45:36,5,3,21,0.0402602980534236,-0.163667484124502,0.351410832007726,-0.409495121240616,-0.082326266169548,-0.0217015107472738,0.90832861661911
06-Feb-2024 12:45:02,5,4,17,0.0187192051361004,-0.155743789672852,0.338294365008672,-0.381227437655131,-0.0643779729803403,-0.00660357292120655,0.922211770216624
06-Feb-2024 12:57:43,5,5,95,-0.00730080145100752,-0.198430779576302,0.369425050417582,-0.470609976847967,-0.0384791724383831,0.00979316867887974,0.88144466082255
06-Feb-2024 12:47:57,5,6,36,-0.0639183749755224,-0.214623499910037,0.38287853995959,-0.488358159859975,0.117176128923893,0.00702488915994763,0.864709607760112
06-Feb-2024 12:51:49,5,7,58,-0.0875275785724322,-0.231732681393623,0.392560152212779,-0.496817656358083,0.159447312355042,0.0021852792861561,0.85307715733846
06-Feb-2024 12:52:07,5,8,60,-0.0944278324643771,-0.255745397011439,0.417832676569621,-0.543491383393606,0.12970717549324,0.0310662077118953,0.828750658035278
06-Feb-2024 12:49:46,5,9,46,-0.149024344484011,-0.260425851742427,0.411500257253647,-0.466232760747274,0.223847459753354,0.0258478910972675,0.855481461683909
06-Feb-2024 12:47:51,5,10,35,-0.149662155906359,-0.258712255954742,0.427197285493215,-0.506001738707225,0.280204703410466,0.0070413894020021,0.815717335542043
06-Feb-2024 12:56:55,5,11,90,-0.172497927149137,-0.265976776679357,0.418721801042557,-0.425725009044011,0.258879087368647,0.0139148846268654,0.866917590300242
06-Feb-2024 12:49:09,5,12,43,-0.175727995236715,-0.164415408174197,0.375920208295186,-0.291925976673762,0.320299899578094,-0.0252316951751709,0.900860905647278
06-Feb-2024 12:54:06,5,13,73,-0.169734607140223,-0.140221998095512,0.360305190086365,-0.258151517311732,0.306548754374186,0.00176605175559719,0.916177825133006
06-Feb-2024 12:42:39,5,14,1,-0.142261277635892,-0.094247234861056,0.340397544701894,-0.189097684621811,0.305642994244893,0.00101603669269631,0.933177224795024
06-Feb-2024 12:51:25,5,15,56,-0.111877755820751,-0.140782835086187,0.333678509791692,-0.27853591243426,0.187762079636256,0.00640478826438387,0.941870252291361
06-Feb-2024 12:47:03,5,16,30,-0.107367990911007,-0.0808214108149211,0.318227781852086,-0.172466532389323,0.248781698942184,0.00138890014495701,0.953078798453013
06-Feb-2024 12:50:55,5,17,53,-0.0582918122410774,-0.0670258144537608,0.305329736073812,-0.162810411055883,0.170602145791054,0.00557455044860641,0.971779183546702
06-Feb-2024 12:54:15,5,18,74,-0.0787105823556582,-0.0391948993007342,0.299314620097478,-0.116466268897057,0.204445229967435,0.00238607030672332,0.971921865145365
06-Feb-2024 12:58:30,5,19,100,-0.0447336291273435,-0.0190789374212424,0.291122219959895,-0.0407497162620227,0.15370517373085,0.00787784233689308,0.987244729200999
06-Feb-2024 12:52:47,5,20,64,0.00796203625698884,-0.0514931606749694,0.295295377572378,-0.123680724203587,0.0681294893225034,-0.00505264854679505,0.989967660109202
06-Feb-2024 12:51:57,5,21,59,0.0024796344495068,-0.0742458413044612,0.31044774055481,-0.210755933324496,0.0718778411547343,-0.0246455773711205,0.974580919742584
06-Feb-2024 12:56:43,5,22,89,0.0544680558145046,-0.0999502306183179,0.319847603638967,-0.251657895247141,-0.0140833479662736,-0.0335508118073146,0.967131888866425
06-Feb-2024 12:45:18,5,23,19,0.0915180439750354,-0.123319662113984,0.335282325744629,-0.304497879743576,-0.0812002375721931,-0.0603265720109145,0.947125895818074
06-Feb-2024 12:48:59,5,24,42,0.0965810214479764,-0.113282922903697,0.33928037683169,-0.311660665273666,-0.16250363389651,-0.0281286551306645,0.93577010234197
06-Feb-2024 12:47:22,5,25,32,0.126520708203316,-0.075186658402284,0.330356240272522,-0.19968060652415,-0.257125900189082,-0.0123443600411216,0.945440558592478
06-Feb-2024 12:44:32,5,26,14,0.151233625411987,-0.0868807489673297,0.366167747974396,-0.209694043795268,-0.445027031501134,0.0255713626742363,0.870243509610494
06-Feb-2024 12:43:55,5,27,9,0.177534706393878,-0.0367320877810319,0.363394848505656,-0.0961031580964724,-0.455235902468363,0.0154242950802048,0.885034775733948
06-Feb-2024 12:53:37,5,28,70,0.218811152378718,-0.0482641398906708,0.372414735953013,-0.116290348271529,-0.444682202736537,-0.0026226862333715,0.888103107611338
06-Feb-2024 12:44:01,5,29,10,0.232288044691086,-0.0583695620298386,0.386155013243357,-0.133136854569117,-0.447247984011968,-0.00971334508309762,0.884391951560974
06-Feb-2024 12:55:19,5,30,80,0.233840610583623,-0.076948777337869,0.393008327484131,-0.189305698871613,-0.40967348019282,-0.0439378959437211,0.891288840770721
06-Feb-2024 12:43:29,5,31,6,0.245916263262431,-0.0994641055663427,0.416271062692006,-0.215419270594915,-0.428587526082993,-0.0530687488615513,0.87583730618159
06-Feb-2024 12:54:28,5,32,75,0.223140289386113,-0.0753325194120407,0.399504540363948,-0.198945357402166,-0.42156009276708,-0.0392980036636194,0.883833257357279
06-Feb-2024 12:56:06,5,33,85,0.154379492998123,-0.0830713376402855,0.374956472714742,-0.219942237933477,-0.377002676328023,-0.0015048215786616,0.899716758728027
06-Feb-2024 12:46:13,5,34,25,0.103552309175332,-0.0925249437491099,0.363072683413823,-0.222225417693456,-0.349237757921219,0.0329945512115955,0.909702058633169
06-Feb-2024 12:46:42,5,35,28,0.0889881511529287,-0.070047369102637,0.34014630317688,-0.164040263493856,-0.301437922318776,0.0249229631076256,0.938937441507975
06-Feb-2024 12:43:39,5,36,7,0.086274853348732,-0.0915533731381098,0.349209350347519,-0.240894031524658,-0.257970019181569,0.00777279104416569,0.935607385635376
06-Feb-2024 12:50:32,5,37,50,0.0809767827391625,-0.0680519675215085,0.328961308797201,-0.193766079346339,-0.236258925994237,0.00695951251933972,0.952148000399272
06-Feb-2024 12:55:52,5,38,83,0.103713221351306,-0.0488811016082764,0.326011629899343,-0.13464656372865,-0.286785850922267,0.010892241820693,0.948422690232595
06-Feb-2024 12:45:09,5,39,18,0.0380356962482135,-0.0449518250922362,0.298286686340968,-0.134384899338086,-0.137196538845698,0.00544919824848572,0.981369348367055
06-Feb-2024 12:52:18,5,40,61,0.0688186476627986,-0.0512479503949483,0.308353863159815,-0.144343572854996,-0.215999748309453,0.0168589311341445,0.965517536799113
06-Feb-2024 12:57:23,5,41,93,0.0226223647594452,-0.0786863779028257,0.299807560443878,-0.178232151269913,-0.13415146668752,0.0185602188110352,0.974623922506968
06-Feb-2024 12:53:21,5,42,68,-0.00275939352189501,-0.0757258832454681,0.295959758758545,-0.108839256564776,-0.0998555198311806,0.0250521079947551,0.988713121414185
06-Feb-2024 12:58:10,5,43,98,-0.00248271023544172,-0.101839183767637,0.308167930444082,-0.125472973783811,-0.125299434860547,0.0433563753962517,0.983197140693665
06-Feb-2024 12:51:17,5,44,55,-0.00993541243175666,-0.134575115640958,0.326058061917623,-0.157137629389763,-0.118164731065432,0.0567604891955853,0.978837486108144
06-Feb-2024 12:53:15,5,45,67,-0.0547603150208791,-0.132282918691635,0.320026113589605,-0.201763583223025,-0.0289048283050458,0.0372519306838512,0.97829867998759
06-Feb-2024 12:53:59,5,46,72,-0.0999510804812113,-0.16037644247214,0.336018083492915,-0.279698234796524,0.0903641909360886,0.0335112060109774,0.955237849553426
06-Feb-2024 12:54:52,5,47,77,-0.116593666374683,-0.122570478916168,0.311435812711716,-0.11185595591863,0.113867631057898,0.013670373087128,0.987084368864695
06-Feb-2024 12:54:57,5,48,78,-0.090978563328584,-0.122708067297935,0.30736567179362,-0.152129011352857,0.0747603143254916,0.0228277200212081,0.985263776779175
06-Feb-2024 12:43:11,5,49,4,-0.0781084284186363,-0.111048170924187,0.310835226376851,-0.235944030682246,0.0844389935334524,0.0103041388094425,0.968035153547923
06-Feb-2024 12:56:34,5,50,88,-0.150174376368523,-0.129308522741,0.336536486943563,-0.268557568391164,0.250668931007385,0.0182883682350318,0.929895623524984
06-Feb-2024 12:48:19,5,51,38,-0.15261279741923,-0.0881059353550275,0.337725136677424,-0.236945768197378,0.336120980978012,0.00558694672460357,0.911508615811666
06-Feb-2024 12:45:51,5,52,23,-0.131779700517654,-0.0626424945890904,0.32168183128039,-0.190479936202367,0.285432912906011,-0.00531327684099476,0.93926207224528
06-Feb-2024 12:55:33,5,53,81,-0.134805470705032,-0.0695598463217417,0.314897310733795,-0.231679217020671,0.258130852381388,0.0257021009922028,0.937567134698232
06-Feb-2024 12:48:48,5,54,41,-0.133510694901148,-0.0381031180421511,0.300960699717204,-0.171692423025767,0.245060898860296,0.0338489758471648,0.95357989470164
06-Feb-2024 12:47:10,5,55,31,-0.133251232902209,-0.0380864190558593,0.30095765988032,-0.0897314002116521,0.289875404040019,0.00874418678383032,0.952808519204458
06-Feb-2024 12:50:19,5,56,49,-0.137530170877775,-0.00232282760553062,0.300204654534658,-0.000848126271739602,0.288320732116699,0.0209239404648542,0.957304851214091
06-Feb-2024 12:48:42,5,57,40,-0.123940092325211,0.0198008618007104,0.291901568571726,0.0673513486981392,0.267450356483459,0.0171313393861055,0.961062252521515
06-Feb-2024 12:58:21,5,58,99,-0.134054159124692,-0.00659062887231509,0.299011437098185,-0.00838709287345409,0.296859532594681,0.0167433732499679,0.954737536112467
06-Feb-2024 12:52:38,5,59,63,-0.103038989007473,-0.0480061401923497,0.284737634658813,-0.105991371969382,0.227819919586182,0.0141601783533891,0.967813730239868
06-Feb-2024 12:54:41,5,60,76,-0.0763708879550298,-0.0409347576399644,0.280767359336217,-0.107384163141251,0.150032758712769,0.0140622503434618,0.982730333010356
06-Feb-2024 12:55:07,5,61,79,-0.0459463626146317,-0.0507663913071156,0.269949738184611,-0.111039772629738,0.0858624875545502,0.0089669231325388,0.990059316158295
06-Feb-2024 12:53:48,5,62,71,-0.0214447186638912,-0.0109795114025474,0.26469043691953,-0.0195609964430332,0.0399430625140667,0.0170398491124312,0.998863665262858
06-Feb-2024 12:51:36,5,63,57,-0.0291786214957635,0.0253171522170305,0.262377379337947,0.0666909292340279,0.0848615700999896,0.0149516291295489,0.994042646884918
06-Feb-2024 12:51:06,5,64,54,0.00989569202065468,0.0619938795765241,0.271133122841517,0.149681477745374,-0.0257807819793622,0.0253259337196747,0.988073571523031
06-Feb-2024 12:47:37,5,65,34,0.038727979362011,0.0232227509220441,0.269170858462652,0.0655539373556773,-0.103131062785784,0.0227499220520258,0.992244044939677
06-Feb-2024 12:56:22,5,66,87,0.0413347440461318,0.0399615195890268,0.277891534566879,0.105185360709826,-0.174487279852231,0.027785346036156,0.978629783789317
06-Feb-2024 12:42:52,5,67,2,0.0455716830988725,0.072384915749232,0.288276414076487,0.165058024724325,-0.167296936114629,0.0155695972964168,0.971866794427236
06-Feb-2024 12:57:09,5,68,91,0.0409122787415981,0.0939438472191493,0.298775855700175,0.218941980600357,-0.160768871506055,0.0127723250538111,0.962317327658335
06-Feb-2024 12:56:16,5,69,86,0.0862628971536954,0.0784229864676793,0.315469187498093,0.162983071804047,-0.291819779078166,0.016303750500083,0.942343739668528
06-Feb-2024 12:44:24,5,70,13,0.104155537486076,0.0402100294828415,0.307056051492691,0.0577523805201054,-0.316499418020248,0.00167385835666209,0.946831532319387
06-Feb-2024 12:48:31,5,71,39,0.0801031266649564,0.03935703287522,0.292807503541311,0.0769906843701998,-0.251123834649722,0.00821469500660896,0.964851864178975
06-Feb-2024 12:47:30,5,72,33,0.0857769340276718,0.0345659119387468,0.295477990309397,0.0618331333001455,-0.268731627861659,0.0114122196411093,0.961160651842753
06-Feb-2024 12:58:02,5,73,97,0.0365847686926524,0.050341542561849,0.2871695180734,0.1122059866786,-0.166338361303012,0.018304797137777,0.979491090774536
06-Feb-2024 12:53:28,5,74,69,0.0545263350009918,0.0119586080933611,0.288492260376612,0.021851742764314,-0.186696583032608,0.0152106042951345,0.982056788603465
06-Feb-2024 12:57:17,5,75,92,0.0659983972708384,-0.0159806759407123,0.291459705432256,-0.0546820675333341,-0.230435911814372,0.0116787704949578,0.971479173501333
06-Feb-2024 12:57:55,5,76,96,0.113901136815548,-0.0091093871742487,0.3062287012736,-0.0595933039983114,-0.330385599533717,0.00738876701022188,0.94193289677302
06-Feb-2024 12:44:51,5,77,16,0.128630171219508,-0.0176028400659561,0.308206343650818,-0.0416117737690608,-0.36053059498469,0.017070913563172,0.931662245591481
06-Feb-2024 12:46:51,5,78,29,0.123053949574629,-0.00933654320736726,0.303023866812388,-0.028526275480787,-0.353009301424026,0.0107217873757084,0.935123332341512
06-Feb-2024 12:46:31,5,79,27,0.134797700246175,-0.0130855013305942,0.300701401631037,-0.0279248834898074,-0.2998847981294,0.0104402973627051,0.953508961200714
06-Feb-2024 12:49:24,5,80,44,0.152070488532384,-0.0163535958776871,0.306277944644292,-0.0420217422147592,-0.263569390773773,0.0118424725408355,0.963651919364929
06-Feb-2024 12:52:28,5,81,62,0.178234620889028,-0.014948163057367,0.31116686463356,-0.0176520448178053,-0.202774828672409,0.0180035654455423,0.978900452454885
06-Feb-2024 12:52:56,5,82,65,0.190529923637708,-0.0164258240411679,0.336571109294891,-0.0309677301595608,-0.390014888842901,0.0136539141337077,0.920186285177867
06-Feb-2024 12:48:08,5,83,37,0.166759260495504,-0.0483642106254896,0.324957978725433,-0.123485787212849,-0.233312391241391,-0.00144003794218103,0.964525409539541
06-Feb-2024 12:55:44,5,84,82,0.206621430317561,-0.0544521850844224,0.350848811864853,-0.12796797255675,-0.309028190374374,-0.0190137824664513,0.942207984129588
06-Feb-2024 12:55:58,5,85,84,0.140000143647194,-0.0880710288882256,0.331992703676224,-0.147021331389745,-0.293279478947322,0.0274552388737599,0.944254922866821
06-Feb-2024 12:45:26,5,86,20,0.148604942361514,-0.0765053570270538,0.335463047027588,-0.102433353662491,-0.323137042919795,0.038351567586263,0.940010098616282
06-Feb-2024 12:43:47,5,87,8,0.152927997708321,-0.0762703994909922,0.350550675392151,-0.10543925066789,-0.393184377749761,0.0568485779066881,0.911623064676921
06-Feb-2024 12:43:00,5,88,3,0.18194328546524,-0.0721918558080991,0.361403602361679,-0.153838063279788,-0.420366853475571,0.0107643423601985,0.894151298205058
06-Feb-2024 12:57:31,5,89,94,0.168659451603889,-0.0429316356778145,0.346946173906326,-0.077516970038414,-0.448724806308746,0.0324338644742966,0.889709420998891
06-Feb-2024 12:50:45,5,90,52,0.137261572480202,0.00147506197293599,0.340527395407359,0.0158053175235788,-0.417417728900909,0.0325440344711145,0.907994174957275
06-Feb-2024 12:50:39,5,91,51,0.193102896213531,-0.0524551101028919,0.369978638490041,-0.0892402440309525,-0.473191916942596,0.0385418651004632,0.875579531987508
06-Feb-2024 12:46:05,5,92,24,0.234623125195503,-0.0573777839541435,0.409070020914078,-0.115315395096938,-0.556029713153839,0.0248040067652861,0.822748466332753
06-Feb-2024 12:53:04,5,93,66,0.216725038488706,-0.0905866771936417,0.395275767644246,-0.157810521125793,-0.45237086613973,0.0323451430847247,0.877159643173218
06-Feb-2024 12:43:21,5,94,5,0.158998035391172,-0.110050551593304,0.359082039197286,-0.114096131424109,-0.339379183451335,0.0542721405625343,0.932124634583791
06-Feb-2024 12:49:56,5,95,47,0.13895523250103,-0.121428027252356,0.341251083215078,-0.131479703386625,-0.156875124573708,-0.00121234038379043,0.978826729456584
06-Feb-2024 12:44:40,5,96,15,0.160978865623474,-0.113031270106634,0.361360534032186,-0.197878304123878,-0.339784314235051,0.0236400187015533,0.919147237141927
06-Feb-2024 12:44:15,5,97,12,0.106142657995224,-0.121584608654181,0.336863511800766,-0.196551048755646,-0.239425741632779,0.0347798583408197,0.950172555446625
06-Feb-2024 12:46:20,5,98,26,0.0829746305942535,-0.13101885219415,0.336437199513117,-0.216246754924456,-0.258455314238866,0.0444271097580592,0.940459541479747
06-Feb-2024 12:49:35,5,99,45,0.0821501096089681,-0.118153626223405,0.332338897387187,-0.140023020903269,-0.293246650695801,0.0773870666821798,0.942555340131124
06-Feb-2024 12:50:05,5,100,48,0.0973098084330559,-0.0602565395335356,0.340185368061066,-0.0626834404965242,-0.347773063182831,0.064537354807059,0.933252112070719
