Time,Displacement,Force,Rotation,Torque
0,0.0002,-0.0002,-0.0072,-0.00042
0.02,0.0002,-0.0002,-0.0072,-0.00041
0.04,0.0002,-0.0002,-0.0072,-0.0004
0.06,0.0002,-0.0002,-0.0072,-0.00039
0.08,0.0002,-0.0002,-0.0072,-0.00041
0.1,0.0002,-0.0002,-0.0072,-0.00042
0.12,0.0002,-0.0002,-0.0072,-0.00044
0.14,0.0002,-0.0002,-0.0072,-0.00044
0.16,0.0002,-0.0002,-0.0069,-0.00045
0.18,0.0002,-0.0002,-0.0046,-0.00043
0.2,0.0002,-0.0002,0.0089,-0.00041
0.22,0.0002,-0.0002,0.0359,-0.0004
0.24,0.0002,-0.0002,0.0613,-0.0004
0.26,0.0002,-0.0002,0.0837,-0.00039
0.28,0.0002,-0.0002,0.1062,-0.00039
0.3,0.0002,-0.0002,0.1298,-0.00041
0.32,0.0002,-0.0002,0.1541,-0.00041
0.34,0.0002,-0.0002,0.1781,-0.00043
0.36,0.0002,-0.0002,0.2015,-0.00043
0.38,0.0002,-0.0002,0.224,-0.00042
0.4,0.0002,-0.0002,0.246,-0.00041
0.42,0.0002,-0.0002,0.2679,-0.00041
0.44,0.0002,-0.0002,0.2895,-0.00042
0.46,0.0002,-0.0002,0.3103,-0.0004
0.48,0.0002,-0.0002,0.3299,-0.0004
0.5,0.0002,-0.0002,0.3483,-0.00041
0.52,0.0002,-0.0002,0.3661,-0.00043
0.54,0.0002,-0.0002,0.3839,-0.00043
0.56,0.0002,-0.0002,0.4022,-0.00045
0.58,0.0002,-0.0002,0.4212,-0.00044
0.6,0.0002,-0.0002,0.4407,-0.00042
0.62,0.0002,-0.0002,0.4609,-0.0004
0.64,0.0002,-0.0002,0.4822,-0.00041
0.66,0.0002,-0.0002,0.5043,-0.00042
0.68,0.0002,-0.0002,0.5264,-0.00041
0.7,0.0002,-0.0002,0.5477,-0.00042
0.72,0.0002,-0.0002,0.5686,-0.00041
0.74,0.0002,-0.0002,0.5879,-0.0004
0.76,0.0002,-0.0002,0.605,-0.00037
0.78,0.0002,-0.0002,0.6223,-0.00013
0.8,0.0002,-0.0002,0.6428,0.00026
0.82,0.0002,-0.0002,0.6646,0.00052
0.84,0.0002,-0.0002,0.6852,0.00054
0.86,0.0002,-0.0002,0.7043,0.00049
0.88,0.0002,-0.0002,0.7225,0.00045
0.9,0.0002,-0.0002,0.7405,0.00043
0.92,0.0002,-0.0002,0.7588,0.00043
0.94,0.0002,-0.0002,0.7778,0.00042
0.96,0.0002,-0.0002,0.7971,0.00042
0.98,0.0002,-0.0002,0.8169,0.0004
1,0.0002,-0.0002,0.8371,0.00038
1.02,0.0002,-0.0002,0.8582,0.00038
1.04,0.0002,-0.0002,0.8805,0.00038
1.06,0.0002,-0.0002,0.9034,0.00036
1.08,0.0002,-0.0002,0.9253,0.00034
1.1,0.0002,-0.0002,0.9469,0.00033
1.12,0.0002,-0.0002,0.9682,0.00032
1.14,0.0002,-0.0002,0.9895,0.0003
1.16,0.0002,-0.0002,1.0108,0.00033
1.18,0.0002,-0.0002,1.0318,0.00034
1.2,0.0002,-0.0002,1.0526,0.00032
1.22,0.0002,-0.0002,1.072,0.00033
1.24,0.0002,-0.0002,1.0904,0.00032
1.26,0.0002,-0.0002,1.1077,0.00031
1.28,0.0002,-0.0002,1.1251,0.00031
1.3,0.0002,-0.0002,1.1437,0.00031
1.32,0.0002,-0.0002,1.1627,0.00029
1.34,0.0002,-0.0002,1.1818,0.00029
1.36,0.0002,-0.0002,1.2023,0.00031
1.38,0.0002,-0.0002,1.224,0.00032
1.4,0.0002,-0.0002,1.2459,0.00031
1.42,0.0002,-0.0002,1.2681,0.00032
1.44,0.0002,-0.0002,1.2906,0.00032
1.46,0.0002,-0.0002,1.313,0.00032
1.48,0.0002,-0.0002,1.3347,0.00029
1.5,0.0002,-0.0002,1.3554,0.00028
1.52,0.0002,-0.0002,1.3759,0.00027
1.54,0.0002,-0.0002,1.3966,0.00028
1.56,0.0002,-0.0002,1.4172,0.00028
1.58,0.0002,-0.0002,1.4373,0.00028
1.6,0.0002,-0.0002,1.4562,0.00028
1.62,0.0002,-0.0002,1.4739,0.00029
1.64,0.0002,-0.0002,1.4912,0.00028
1.66,0.0002,-0.0002,1.5085,0.00026
1.68,0.0002,-0.0002,1.526,0.00027
1.7,0.0002,-0.0002,1.5445,0.00027
1.72,0.0002,-0.0002,1.564,0.00027
1.74,0.0002,-0.0002,1.5839,0.00027
1.76,0.0002,-0.0002,1.6045,0.00026
1.78,0.0002,-0.0002,1.6259,0.00028
1.8,0.0002,-0.0002,1.6479,0.00028
1.82,0.0002,-0.0002,1.6704,0.00027
1.84,0.0002,-0.0002,1.6925,0.00025
1.86,0.0002,-0.0002,1.7133,0.00025
1.88,0.0002,-0.0002,1.7334,0.00025
1.9,0.0002,-0.0002,1.7541,0.00026
1.92,0.0002,-0.0002,1.7756,0.00027
1.94,0.0002,-0.0002,1.7964,0.00026
1.96,0.0002,-0.0002,1.8158,0.00025
1.98,0.0002,-0.0002,1.8338,0.00025
2,0.0002,-0.0002,1.8509,0.00024
2.02,0.0002,-0.0002,1.8681,0.00025
2.04,0.0002,-0.0002,1.886,0.00026
2.06,0.0002,-0.0002,1.9045,0.00026
2.08,0.0002,-0.0002,1.9234,0.00026
2.1,0.0002,-0.0002,1.9427,0.00026
2.12,0.0002,-0.0002,1.9624,0.00026
2.14,0.0002,-0.0002,1.9835,0.00025
2.16,0.0002,-0.0002,2.0063,0.00025
2.18,0.0002,-0.0002,2.0287,0.00026
2.2,0.0002,-0.0002,2.0508,0.00026
2.22,0.0002,-0.0002,2.0735,0.00026
2.24,0.0002,-0.0002,2.0952,0.00026
2.26,0.0002,-0.0002,2.1152,0.00026
2.28,0.0002,-0.0002,2.135,0.00026
2.3,0.0002,-0.0002,2.1554,0.00025
2.32,0.0002,-0.0002,2.1759,0.00025
2.34,0.0002,-0.0002,2.1956,0.00024
2.36,0.0002,-0.0002,2.2138,0.00024
2.38,0.0002,-0.0002,2.2313,0.00025
2.4,0.0002,-0.0002,2.2488,0.00025
2.42,0.0002,-0.0002,2.2665,0.00024
2.44,0.0002,-0.0002,2.2848,0.00024
2.46,0.0002,-0.0002,2.304,0.00025
2.48,0.0002,-0.0002,2.3234,0.00027
2.5,0.0002,-0.0002,2.3431,0.00026
2.52,0.0002,-0.0002,2.3638,0.00025
2.54,0.0002,-0.0002,2.3856,0.00025
2.56,0.0002,-0.0002,2.4078,0.00023
2.58,0.0002,-0.0002,2.4299,0.00024
2.6,0.0002,-0.0002,2.4516,0.00024
2.62,0.0002,-0.0002,2.4726,0.00025
2.64,0.0002,-0.0002,2.4931,0.00024
2.66,0.0002,-0.0002,2.5139,0.00022
2.68,0.0002,-0.0002,2.5347,0.00022
2.7,0.0002,-0.0002,2.5547,0.00023
2.72,0.0002,-0.0002,2.5738,0.00024
2.74,0.0002,-0.0002,2.5918,0.00024
2.76,0.0002,-0.0002,2.6093,0.00024
2.78,0.0002,-0.0002,2.6267,0.00025
2.8,0.0002,-0.0002,2.6443,0.00025
2.82,0.0002,-0.0002,2.6629,0.00024
2.84,0.0002,-0.0002,2.682,0.00025
2.86,0.0002,-0.0002,2.7014,0.00025
2.88,0.0002,-0.0002,2.7221,0.00024
2.9,0.0002,-0.0002,2.7441,0.00024
2.92,0.0002,-0.0002,2.7669,0.00025
2.94,0.0002,-0.0002,2.7898,0.00026
2.96,0.0002,-0.0002,2.8119,0.00027
2.98,0.0002,-0.0002,2.8336,0.00027
3,0.0002,-0.0002,2.855,0.00026
3.02,0.0002,-0.0002,2.8757,0.00026
3.04,0.0002,-0.0002,2.896,0.00027
3.06,0.0002,-0.0002,2.917,0.00025
3.08,0.0002,-0.0002,2.9376,0.00024
3.1,0.0002,-0.0002,2.9564,0.00023
3.12,0.0002,-0.0002,2.9737,0.00024
3.14,0.0002,-0.0002,2.9908,0.00024
3.16,0.0002,-0.0002,3.0084,0.00025
3.18,0.0002,-0.0002,3.0265,0.00026
3.2,0.0002,-0.0002,3.0452,0.00026
3.22,0.0002,-0.0002,3.0641,0.00025
3.24,0.0002,-0.0002,3.0837,0.00024
3.26,0.0002,-0.0002,3.1043,0.00024
3.28,0.0002,-0.0002,3.1258,0.00025
3.3,0.0002,-0.0002,3.1476,0.00025
3.32,0.0002,-0.0002,3.1693,0.00025
3.34,0.0002,-0.0002,3.1905,0.00024
3.36,0.0002,-0.0002,3.2114,0.00026
3.38,0.0002,-0.0002,3.2321,0.00025
3.4,0.0002,-0.0002,3.2529,0.00027
3.42,0.0002,-0.0002,3.2738,0.00027
3.44,0.0002,-0.0002,3.2943,0.00026
3.46,0.0002,-0.0002,3.3139,0.00024
3.48,0.0002,-0.0002,3.3324,0.00024
3.5,0.0002,-0.0002,3.3502,0.00023
3.52,0.0002,-0.0002,3.3676,0.00023
3.54,0.0002,-0.0002,3.3854,0.00024
3.56,0.0002,-0.0002,3.4039,0.00023
3.58,0.0002,-0.0002,3.4229,0.00022
3.6,0.0002,-0.0002,3.4424,0.00025
3.62,0.0002,-0.0002,3.4628,0.00024
3.64,0.0002,-0.0002,3.4841,0.00025
3.66,0.0002,-0.0002,3.5063,0.00024
3.68,0.0002,-0.0002,3.5289,0.00024
3.7,0.0002,-0.0002,3.5513,0.00023
3.72,0.0002,-0.0002,3.5733,0.00022
3.74,0.0002,-0.0002,3.5945,0.00023
3.76,0.0002,-0.0002,3.6156,0.00026
3.78,0.0002,-0.0002,3.6365,0.00025
3.8,0.0002,-0.0002,3.6572,0.00025
3.82,0.0002,-0.0002,3.6774,0.00025
3.84,0.0002,-0.0002,3.6969,0.00024
3.86,0.0002,-0.0002,3.7154,0.00023
3.88,0.0002,-0.0002,3.7332,0.00023
3.9,0.0002,-0.0002,3.7503,0.00024
3.92,0.0002,-0.0002,3.7677,0.00024
3.94,0.0002,-0.0002,3.7865,0.00025
3.96,0.0002,-0.0002,3.8056,0.00025
3.98,0.0002,-0.0002,3.825,0.00024
4,0.0002,-0.0002,3.845,0.00024
4.02,0.0002,-0.0002,3.866,0.00025
4.04,0.0002,-0.0002,3.8879,0.00024
4.06,0.0002,-0.0002,3.91,0.00024
4.08,0.0002,-0.0002,3.932,0.00023
4.1,0.0002,-0.0002,3.9534,0.00023
4.12,0.0002,-0.0002,3.9741,0.00024
4.14,0.0002,-0.0002,3.9946,0.00023
4.16,0.0002,-0.0002,4.0152,0.00022
4.18,0.0002,-0.0002,4.0356,0.00023
4.2,0.0002,-0.0002,4.0558,0.00022
4.22,0.0002,-0.0002,4.0751,0.00022
4.24,0.0002,-0.0002,4.0931,0.00022
4.26,0.0002,-0.0002,4.1103,0.00021
4.28,0.0002,-0.0002,4.1274,0.00021
4.3,0.0002,-0.0002,4.145,0.00022
4.32,0.0002,-0.0002,4.1633,0.00022
4.34,0.0002,-0.0002,4.1823,0.00022
4.36,0.0002,-0.0002,4.202,0.00023
4.38,0.0002,-0.0002,4.2227,0.00023
4.4,0.0002,-0.0002,4.2446,0.00024
4.42,0.0002,-0.0002,4.2672,0.00023
4.44,0.0002,-0.0002,4.2897,0.00022
4.46,0.0002,-0.0002,4.3118,0.00022
4.48,0.0002,-0.0002,4.3335,0.00021
4.5,0.0002,-0.0002,4.3545,0.00022
4.52,0.0002,-0.0002,4.3752,0.00023
4.54,0.0002,-0.0002,4.3958,0.00023
4.56,0.0002,-0.0002,4.4163,0.00022
4.58,0.0002,-0.0002,4.4362,0.00023
4.6,0.0002,-0.0002,4.455,0.00021
4.62,0.0002,-0.0002,4.4729,0.00021
4.64,0.0002,-0.0002,4.4901,0.00022
4.66,0.0002,-0.0002,4.5077,0.00021
4.68,0.0002,-0.0002,4.5258,0.00022
4.7,0.0002,-0.0002,4.5445,0.00022
4.72,0.0002,-0.0002,4.5638,0.00022
4.74,0.0002,-0.0002,4.5837,0.00022
4.76,0.0002,-0.0002,4.6042,0.00022
4.78,0.0002,-0.0002,4.6259,0.00023
4.8,0.0002,-0.0002,4.6486,0.00024
4.82,0.0002,-0.0002,4.6708,0.00024
4.84,0.0002,-0.0002,4.6923,0.00023
4.86,0.0002,-0.0002,4.7134,0.00021
4.88,0.0002,-0.0002,4.7342,0.0002
4.9,0.0002,-0.0002,4.7548,0.00021
4.92,0.0002,-0.0002,4.7753,0.00022
4.94,0.0002,-0.0002,4.7957,0.00022
4.96,0.0002,-0.0002,4.8155,0.00021
4.98,0.0002,-0.0002,4.834,0.00021
5,0.0002,-0.0002,4.8516,0.0002
5.02,0.0002,-0.0002,4.8688,0.00022
5.04,0.0002,-0.0002,4.8863,0.00021
5.06,0.0002,-0.0002,4.9042,0.0002
5.08,0.0002,-0.0002,4.9226,0.00021
5.1,0.0002,-0.0002,4.9417,0.00021
5.12,0.0002,-0.0002,4.9622,0.00021
5.14,0.0002,-0.0002,4.9839,0.0002
5.16,0.0002,-0.0002,5.0064,0.00021
5.18,0.0002,-0.0002,5.0288,0.00021
5.2,0.0002,-0.0002,5.0512,0.00021
5.22,0.0002,-0.0002,5.0733,0.00022
5.24,0.0002,-0.0002,5.0949,0.00022
5.26,0.0002,-0.0002,5.1158,0.00023
5.28,0.0002,-0.0002,5.1364,0.00023
5.3,0.0002,-0.0002,5.1569,0.00022
5.32,0.0002,-0.0002,5.1774,0.00023
5.34,0.0002,-0.0002,5.1969,0.00021
5.36,0.0002,-0.0002,5.2151,0.0002
5.38,0.0002,-0.0002,5.2324,0.00019
5.4,0.0002,-0.0002,5.2496,0.00021
5.42,0.0002,-0.0002,5.2673,0.0002
5.44,0.0002,-0.0002,5.2856,0.00018
5.46,0.0002,-0.0002,5.3046,0.00019
5.48,0.0002,-0.0002,5.3242,0.0002
5.5,0.0002,-0.0002,5.3444,0.0002
5.52,0.0002,-0.0002,5.3655,0.0002
5.54,0.0002,-0.0002,5.3869,0.00021
5.56,0.0002,-0.0002,5.4088,0.00022
5.58,0.0002,-0.0002,5.4311,0.00022
5.6,0.0002,-0.0002,5.4528,0.00021
5.62,0.0002,-0.0002,5.4739,0.00019
5.64,0.0002,-0.0002,5.4952,0.00019
5.66,0.0002,-0.0002,5.5163,0.0002
5.68,0.0002,-0.0002,5.5367,0.00021
5.7,0.0002,-0.0002,5.556,0.00021
5.72,0.0002,-0.0002,5.5744,0.0002
5.74,0.0002,-0.0002,5.5921,0.0002
5.76,0.0002,-0.0002,5.6092,0.0002
5.78,0.0002,-0.0002,5.6265,0.00021
5.8,0.0002,-0.0002,5.6446,0.00021
5.82,0.0002,-0.0002,5.6635,0.00021
5.84,0.0002,-0.0002,5.6828,0.00021
5.86,0.0002,-0.0002,5.7028,0.0002
5.88,0.0002,-0.0002,5.7237,0.00021
5.9,0.0002,-0.0002,5.7455,0.00021
5.92,0.0002,-0.0002,5.768,0.00021
5.94,0.0002,-0.0002,5.7903,0.00021
5.96,0.0002,-0.0002,5.8122,0.00022
5.98,0.0002,-0.0002,5.8336,0.0002
6,0.0002,-0.0002,5.8546,0.00019
6.02,0.0002,-0.0002,5.8753,0.0002
6.04,0.0002,-0.0002,5.8964,0.00019
6.06,0.0002,-0.0002,5.9174,0.0002
6.08,0.0002,-0.0002,5.9376,0.0002
6.1,0.0002,-0.0002,5.9563,0.0002
6.12,0.0002,-0.0002,5.974,0.0002
6.14,0.0002,-0.0002,5.9912,0.00019
6.16,0.0002,-0.0002,6.0087,0.00019
6.18,0.0002,-0.0002,6.027,0.0002
6.2,0.0002,-0.0002,6.0456,0.00021
6.22,0.0002,-0.0002,6.0645,0.0002
6.24,0.0002,-0.0002,6.0842,0.00019
6.26,0.0002,-0.0002,6.1047,0.00021
6.28,0.0002,-0.0002,6.126,0.00022
6.3,0.0002,-0.0002,6.148,0.00021
6.32,0.0002,-0.0002,6.1701,0.0002
6.34,0.0002,-0.0002,6.192,0.0002
6.36,0.0002,-0.0002,6.2134,0.00019
6.38,0.0002,-0.0002,6.2339,0.00019
6.4,0.0002,-0.0002,6.2542,0.00021
6.42,0.0002,-0.0002,6.275,0.00021
6.44,0.0002,-0.0002,6.2961,0.00021
6.46,0.0002,-0.0002,6.3159,0.00021
6.48,0.0002,-0.0002,6.3343,0.00019
6.5,0.0002,-0.0002,6.3522,0.0002
6.52,0.0002,-0.0002,6.3698,0.00019
6.54,0.0002,-0.0002,6.3871,0.00019
6.56,0.0002,-0.0002,6.4048,0.0002
6.58,0.0002,-0.0002,6.4234,0.0002
6.6,0.0002,-0.0002,6.4431,0.00021
6.62,0.0002,-0.0002,6.4636,0.00021
6.64,0.0002,-0.0002,6.4849,0.00022
6.66,0.0002,-0.0002,6.5069,0.00022
6.68,0.0002,-0.0002,6.5293,0.00021
6.7,0.0002,-0.0002,6.5513,0.0002
6.72,0.0002,-0.0002,6.5729,0.0002
6.74,0.0002,-0.0002,6.5942,0.00021
6.76,0.0002,-0.0002,6.6149,0.0002
6.78,0.0002,-0.0002,6.6353,0.0002
6.8,0.0002,-0.0002,6.6558,0.00019
6.82,0.0002,-0.0002,6.6761,0.00021
6.84,0.0002,-0.0002,6.6953,0.0002
6.86,0.0002,-0.0002,6.7132,0.00019
6.88,0.0002,-0.0002,6.7306,0.00018
6.9,0.0002,-0.0002,6.748,0.00019
6.92,0.0002,-0.0002,6.766,0.00019
6.94,0.0002,-0.0002,6.7846,0.00018
6.96,0.0002,-0.0002,6.8035,0.00019
6.98,0.0002,-0.0002,6.823,0.0002
7,0.0002,-0.0002,6.8435,0.0002
7.02,0.0002,-0.0002,6.8648,0.00019
7.04,0.0002,-0.0002,6.8867,0.0002
7.06,0.0002,-0.0002,6.9087,0.00019
7.08,0.0002,-0.0002,6.9304,0.00019
7.1,0.0002,-0.0002,6.9516,0.00019
7.12,0.0002,-0.0002,6.9721,0.00018
7.14,0.0002,-0.0002,6.9926,0.00019
7.16,0.0002,-0.0002,7.0139,0.00019
7.18,0.0002,-0.0002,7.0353,0.00019
7.2,0.0002,-0.0002,7.0553,0.00018
7.22,0.0002,-0.0002,7.0739,0.00018
7.24,0.0002,-0.0002,7.0917,0.00018
7.26,0.0002,-0.0002,7.1089,0.00019
7.28,0.0002,-0.0002,7.1262,0.00018
7.3,0.0002,-0.0002,7.1448,0.00019
7.32,0.0002,-0.0002,7.1638,0.00019
7.34,0.0002,-0.0002,7.1829,0.00018
7.36,0.0002,-0.0002,7.2031,0.00018
7.38,0.0002,-0.0002,7.2243,0.00018
7.4,0.0002,-0.0002,7.2461,0.0002
7.42,0.0002,-0.0002,7.2683,0.0002
7.44,0.0002,-0.0002,7.2908,0.0002
7.46,0.0002,-0.0002,7.3132,0.00021
7.48,0.0002,-0.0002,7.3347,0.0002
7.5,0.0002,-0.0002,7.3553,0.0002
7.52,0.0002,-0.0002,7.3759,0.0002
7.54,0.0002,-0.0002,7.3965,0.0002
7.56,0.0002,-0.0002,7.4173,0.0002
7.58,0.0002,-0.0002,7.4373,0.00019
7.6,0.0002,-0.0002,7.4559,0.00019
7.62,0.0002,-0.0002,7.4732,0.0002
7.64,0.0002,-0.0002,7.4902,0.00019
7.66,0.0002,-0.0002,7.5078,0.00018
7.68,0.0002,-0.0002,7.5261,0.00018
7.7,0.0002,-0.0002,7.5449,0.00018
7.72,0.0002,-0.0002,7.5639,0.0002
7.74,0.0002,-0.0002,7.5833,0.00021
7.76,0.0002,-0.0002,7.6035,0.00021
7.78,0.0002,-0.0002,7.6245,0.0002
7.8,0.0002,-0.0002,7.6463,0.00019
7.82,0.0002,-0.0002,7.6683,0.0002
7.84,0.0002,-0.0002,7.6901,0.00018
7.86,0.0002,-0.0002,7.7111,0.00018
7.88,0.0002,-0.0002,7.732,0.00019
7.9,0.0002,-0.0002,7.7529,0.0002
7.92,0.0002,-0.0002,7.7736,0.0002
7.94,0.0002,-0.0002,7.794,0.00021
7.96,0.0002,-0.0002,7.8136,0.00021
7.98,0.0002,-0.0002,7.8321,0.0002
8,0.0002,-0.0002,7.8498,0.00018
8.02,0.0002,-0.0002,7.8671,0.00018
8.04,0.0002,-0.0002,7.8846,0.00018
8.06,0.0002,-0.0002,7.9029,0.0002
8.08,0.0002,-0.0002,7.9221,0.00021
8.1,0.0002,-0.0002,7.9419,0.00021
8.12,0.0002,-0.0002,7.9618,0.00021
8.14,0.0002,-0.0002,7.9828,0.00021
8.16,0.0002,-0.0002,8.0055,0.0002
8.18,0.0002,-0.0002,8.0282,0.00021
8.2,0.0002,-0.0002,8.0509,0.00022
8.22,0.0002,-0.0002,8.0739,0.00021
8.24,0.0002,-0.0002,8.0959,0.00021
8.26,0.0002,-0.0002,8.1165,0.0002
8.28,0.0002,-0.0002,8.1366,0.0002
8.3,0.0002,-0.0002,8.157,0.00019
8.32,0.0002,-0.0002,8.1774,0.00021
8.34,0.0002,-0.0002,8.1968,0.0002
8.36,0.0002,-0.0002,8.2149,0.0002
8.38,0.0002,-0.0002,8.2322,0.0002
8.4,0.0002,-0.0002,8.2493,0.00021
8.42,0.0002,-0.0002,8.2669,0.00022
8.44,0.0002,-0.0002,8.285,0.0002
8.46,0.0002,-0.0002,8.304,0.00022
8.48,0.0002,-0.0002,8.3235,0.00022
8.5,0.0002,-0.0002,8.3434,0.00022
8.52,0.0002,-0.0002,8.3644,0.00023
8.54,0.0002,-0.0002,8.3863,0.00023
8.56,0.0002,-0.0002,8.4082,0.00022
8.58,0.0002,-0.0002,8.4298,0.00022
8.6,0.0002,-0.0002,8.4513,0.00021
8.62,0.0002,-0.0002,8.4722,0.00022
8.64,0.0002,-0.0002,8.4931,0.00022
8.66,0.0002,-0.0002,8.5142,0.00021
8.68,0.0002,-0.0002,8.535,0.0002
8.7,0.0002,-0.0002,8.5549,0.0002
8.72,0.0002,-0.0002,8.574,0.00021
8.74,0.0002,-0.0002,8.5923,0.00021
8.76,0.0002,-0.0002,8.6098,0.00021
8.78,0.0002,-0.0002,8.6269,0.0002
8.8,0.0002,-0.0002,8.6444,0.00019
8.82,0.0002,-0.0002,8.663,0.0002
8.84,0.0002,-0.0002,8.6823,0.00021
8.86,0.0002,-0.0002,8.7022,0.00021
8.88,0.0002,-0.0002,8.7232,0.00022
8.9,0.0002,-0.0002,8.7449,0.00022
8.92,0.0002,-0.0002,8.7671,0.00021
8.94,0.0002,-0.0002,8.7892,0.0002
8.96,0.0002,-0.0002,8.8109,0.0002
8.98,0.0002,-0.0002,8.8324,0.00019
9,0.0002,-0.0002,8.854,0.00018
9.02,0.0002,-0.0002,8.8751,0.00018
9.04,0.0002,-0.0002,8.8955,0.0002
9.06,0.0002,-0.0002,8.9162,0.00019
9.08,0.0002,-0.0002,8.9371,0.00017
9.1,0.0002,-0.0002,8.9566,0.00017
9.12,0.0002,-0.0002,8.9743,0.00017
9.14,0.0002,-0.0002,8.9911,0.00016
9.16,0.0002,-0.0002,9.0081,0.00018
9.18,0.0002,-0.0002,9.0255,0.00018
9.2,0.0002,-0.0002,9.0438,0.00017
9.22,0.0002,-0.0002,9.0633,0.00017
9.24,0.0002,-0.0002,9.0835,0.00016
9.26,0.0002,-0.0002,9.1041,0.00018
9.28,0.0002,-0.0002,9.1252,0.00018
9.3,0.0002,-0.0002,9.1473,0.00019
9.32,0.0002,-0.0002,9.1695,0.00018
9.34,0.0002,-0.0002,9.1913,0.00019
9.36,0.0002,-0.0002,9.2125,0.00019
9.38,0.0002,-0.0002,9.2333,0.00019
9.4,0.0002,-0.0002,9.254,0.00019
9.42,0.0002,-0.0002,9.2747,0.00019
9.44,0.0002,-0.0002,9.2952,0.00017
9.46,0.0002,-0.0002,9.3148,0.00017
9.48,0.0002,-0.0002,9.3333,0.00016
9.5,0.0002,-0.0002,9.3509,0.00017
9.52,0.0002,-0.0002,9.3681,0.00018
9.54,0.0002,-0.0002,9.3856,0.00019
9.56,0.0002,-0.0002,9.4037,0.00018
9.58,0.0002,-0.0002,9.4227,0.00019
9.6,0.0002,-0.0002,9.4425,0.00019
9.62,0.0002,-0.0002,9.4631,0.00019
9.64,0.0002,-0.0002,9.4844,0.00019
9.66,0.0002,-0.0002,9.5067,0.00019
9.68,0.0002,-0.0002,9.5295,0.00019
9.7,0.0002,-0.0002,9.5518,0.0002
9.72,0.0002,-0.0002,9.5738,0.00019
9.74,0.0002,-0.0002,9.5953,0.00018
9.76,0.0002,-0.0002,9.6162,0.00018
9.78,0.0002,-0.0002,9.637,0.00018
9.8,0.0002,-0.0002,9.6576,0.00017
9.82,0.0002,-0.0002,9.6775,0.00017
9.84,0.0002,-0.0002,9.697,0.00016
9.86,0.0002,-0.0002,9.7159,0.00017
9.88,0.0002,-0.0002,9.7334,0.00017
9.9,0.0002,-0.0002,9.7501,0.00017
9.92,0.0002,-0.0002,9.7678,0.00017
9.94,0.0002,-0.0002,9.787,0.00016
9.96,0.0002,-0.0002,9.8067,0.00017
9.98,0.0002,-0.0002,9.8262,0.00017
10,0.0002,-0.0002,9.8457,0.00019
10.02,0.0002,-0.0002,9.8662,0.0002
10.04,0.0002,-0.0002,9.8879,0.0002
10.06,0.0002,-0.0002,9.9098,0.00019
10.08,0.0002,-0.0002,9.9311,0.00019
10.1,0.0002,-0.0002,9.9522,0.00018
10.12,0.0002,-0.0002,9.9733,0.00019
10.14,0.0002,-0.0002,9.9938,0.00018
10.16,0.0002,-0.0002,10.0072,0.00015
10.18,0.0002,-0.0002,10.0116,0.0001
10.2,0.0002,-0.0002,10.0118,0.00008
10.22,0.0002,-0.0002,10.0111,0.00007
10.24,0.0002,-0.0002,10.0107,0.00006
10.26,0.0002,-0.0002,10.0106,0.00006
10.28,0.0002,-0.0002,10.0107,0.00008
10.3,0.0002,-0.0002,10.0107,0.00007
10.31,0.0002,-0.0002,10.0107,0.00006
10.311,0.0002,-0.0002,10.0107,0.00006
10.331,0.0002,-0.0002,10.0107,0.00006
17.658,0.0002,-0.0002,0,-0.00041
17.678,0.0002,-0.0002,0,-0.0004
17.698,0.0002,-0.0002,0,-0.00041
17.718,0.0002,-0.0002,0,-0.00042
17.738,0.0002,-0.0002,0,-0.00041
17.758,0.0002,-0.0002,0,-0.0004
17.778,0.0002,-0.0002,0,-0.0004
17.798,0.0002,-0.0002,0.0003,-0.0004
17.818,0.0002,-0.0002,0.0019,-0.0004
17.838,0.0002,-0.0002,0.0133,-0.0004
17.858,0.0002,-0.0002,0.0335,-0.00039
17.878,0.0002,-0.0002,0.0538,-0.00039
17.898,0.0002,-0.0002,0.0742,-0.00039
17.918,0.0002,-0.0002,0.0957,-0.00039
17.938,0.0002,-0.0002,0.1183,-0.00038
17.958,0.0002,-0.0002,0.1418,-0.00038
17.978,0.0002,-0.0002,0.1657,-0.00038
17.998,0.0002,-0.0002,0.189,-0.00037
18.018,0.0002,-0.0002,0.2116,-0.00037
18.038,0.0002,-0.0002,0.2334,-0.00037
18.058,0.0002,-0.0002,0.2548,-0.00037
18.078,0.0002,-0.0002,0.2764,-0.00038
18.098,0.0002,-0.0002,0.2978,-0.00037
18.118,0.0002,-0.0002,0.3178,-0.00038
18.138,0.0002,-0.0002,0.3366,-0.00038
18.158,0.0002,-0.0002,0.3546,-0.00038
18.178,0.0002,-0.0002,0.3723,-0.00037
18.198,0.0002,-0.0002,0.3903,-0.00038
18.218,0.0002,-0.0002,0.4088,-0.00038
18.238,0.0002,-0.0002,0.4279,-0.00038
18.258,0.0002,-0.0002,0.4474,-0.00038
18.278,0.0002,-0.0002,0.4679,-0.00038
18.298,0.0002,-0.0002,0.4894,-0.00038
18.318,0.0002,-0.0002,0.5118,-0.00038
18.338,0.0002,-0.0002,0.5345,-0.00038
18.358,0.0002,-0.0002,0.5574,-0.00038
18.378,0.0002,-0.0002,0.5792,-0.00038
18.398,0.0002,-0.0002,0.5988,-0.00038
18.418,0.0002,-0.0002,0.6176,-0.00038
18.438,0.0002,-0.0002,0.6356,-0.00034
18.458,0.0002,-0.0002,0.6528,-0.00023
18.478,0.0002,-0.0002,0.6713,0.00001
18.498,0.0002,-0.0002,0.6911,0.0002
18.518,0.0002,-0.0002,0.7099,0.00027
18.538,0.0002,-0.0002,0.7276,0.00029
18.558,0.0002,-0.0002,0.7454,0.0003
18.578,0.0002,-0.0002,0.7638,0.00031
18.598,0.0002,-0.0002,0.7827,0.00033
18.618,0.0002,-0.0002,0.8019,0.00032
18.638,0.0002,-0.0002,0.8216,0.00032
18.658,0.0002,-0.0002,0.842,0.0003
18.678,0.0002,-0.0002,0.8633,0.00029
18.698,0.0002,-0.0002,0.8859,0.0003
18.718,0.0002,-0.0002,0.9087,0.00029
18.738,0.0002,-0.0002,0.9307,0.0003
18.758,0.0002,-0.0002,0.9524,0.0003
18.778,0.0002,-0.0002,0.9738,0.00031
18.798,0.0002,-0.0002,0.995,0.0003
18.818,0.0002,-0.0002,1.0163,0.0003
18.838,0.0002,-0.0002,1.0375,0.0003
18.858,0.0002,-0.0002,1.058,0.0003
18.878,0.0002,-0.0002,1.0769,0.00029
18.898,0.0002,-0.0002,1.095,0.00029
18.918,0.0002,-0.0002,1.1125,0.00027
18.938,0.0002,-0.0002,1.1304,0.00027
18.958,0.0002,-0.0002,1.1493,0.00028
18.978,0.0002,-0.0002,1.1683,0.00028
18.998,0.0002,-0.0002,1.1879,0.00028
19.018,0.0002,-0.0002,1.209,0.00028
19.038,0.0002,-0.0002,1.2308,0.00028
19.058,0.0002,-0.0002,1.253,0.00029
19.078,0.0002,-0.0002,1.2753,0.00029
19.098,0.0002,-0.0002,1.2979,0.00028
19.118,0.0002,-0.0002,1.3204,0.00026
19.138,0.0002,-0.0002,1.3417,0.00027
19.158,0.0002,-0.0002,1.3622,0.00026
19.178,0.0002,-0.0002,1.3828,0.00026
19.198,0.0002,-0.0002,1.4038,0.00026
19.218,0.0002,-0.0002,1.4245,0.00026
19.238,0.0002,-0.0002,1.4441,0.00027
19.258,0.0002,-0.0002,1.4623,0.00026
19.278,0.0002,-0.0002,1.4795,0.00025
19.298,0.0002,-0.0002,1.4968,0.00026
19.318,0.0002,-0.0002,1.5144,0.00026
19.338,0.0002,-0.0002,1.5325,0.00026
19.358,0.0002,-0.0002,1.5513,0.00026
19.378,0.0002,-0.0002,1.571,0.00026
19.398,0.0002,-0.0002,1.5908,0.00026
19.418,0.0002,-0.0002,1.6112,0.00026
19.438,0.0002,-0.0002,1.6328,0.00026
19.458,0.0002,-0.0002,1.6553,0.00024
19.478,0.0002,-0.0002,1.6776,0.00024
19.498,0.0002,-0.0002,1.6992,0.00023
19.518,0.0002,-0.0002,1.7199,0.00023
19.538,0.0002,-0.0002,1.7403,0.00024
19.558,0.0002,-0.0002,1.7613,0.00025
19.578,0.0002,-0.0002,1.7827,0.00024
19.598,0.0002,-0.0002,1.803,0.00024
19.618,0.0002,-0.0002,1.8218,0.00023
19.638,0.0002,-0.0002,1.8396,0.00023
19.658,0.0002,-0.0002,1.8566,0.00021
19.678,0.0002,-0.0002,1.8739,0.00021
19.698,0.0002,-0.0002,1.8922,0.00023
19.718,0.0002,-0.0002,1.9109,0.00024
19.738,0.0002,-0.0002,1.9301,0.00022
19.758,0.0002,-0.0002,1.9495,0.00023
19.778,0.0002,-0.0002,1.9695,0.00021
19.798,0.0002,-0.0002,1.9912,0.00023
19.818,0.0002,-0.0002,2.014,0.00022
19.838,0.0002,-0.0002,2.0361,0.00022
19.858,0.0002,-0.0002,2.0585,0.00023
19.878,0.0002,-0.0002,2.0812,0.00023
19.898,0.0002,-0.0002,2.1025,0.00023
19.918,0.0002,-0.0002,2.1224,0.00023
19.938,0.0002,-0.0002,2.1423,0.00023
19.958,0.0002,-0.0002,2.1626,0.00023
19.978,0.0002,-0.0002,2.1829,0.00022
19.998,0.0002,-0.0002,2.2019,0.00023
20.018,0.0002,-0.0002,2.2199,0.00022
20.038,0.0002,-0.0002,2.2373,0.00023
20.058,0.0002,-0.0002,2.2546,0.00023
20.078,0.0002,-0.0002,2.2724,0.00021
20.098,0.0002,-0.0002,2.2911,0.0002
20.118,0.0002,-0.0002,2.3104,0.00021
20.138,0.0002,-0.0002,2.33,0.00022
20.158,0.0002,-0.0002,2.3501,0.00023
20.178,0.0002,-0.0002,2.3712,0.00022
20.198,0.0002,-0.0002,2.3931,0.0002
20.218,0.0002,-0.0002,2.4152,0.0002
20.238,0.0002,-0.0002,2.437,0.00021
20.258,0.0002,-0.0002,2.4583,0.00023
20.278,0.0002,-0.0002,2.4791,0.00022
20.298,0.0002,-0.0002,2.4999,0.00021
20.318,0.0002,-0.0002,2.521,0.00022
20.338,0.0002,-0.0002,2.5417,0.00022
20.358,0.0002,-0.0002,2.5615,0.00022
20.378,0.0002,-0.0002,2.5801,0.00023
20.398,0.0002,-0.0002,2.5981,0.00022
20.418,0.0002,-0.0002,2.6156,0.0002
20.438,0.0002,-0.0002,2.633,0.00019
20.458,0.0002,-0.0002,2.6509,0.0002
20.478,0.0002,-0.0002,2.6696,0.00021
20.498,0.0002,-0.0002,2.6886,0.00023
20.518,0.0002,-0.0002,2.7081,0.00023
20.538,0.0002,-0.0002,2.7293,0.00022
20.558,0.0002,-0.0002,2.7517,0.0002
20.578,0.0002,-0.0002,2.7749,0.00021
20.598,0.0002,-0.0002,2.7974,0.00022
20.618,0.0002,-0.0002,2.8193,0.00022
20.638,0.0002,-0.0002,2.8409,0.00021
20.658,0.0002,-0.0002,2.862,0.0002
20.678,0.0002,-0.0002,2.8823,0.00021
20.698,0.0002,-0.0002,2.9027,0.00023
20.718,0.0002,-0.0002,2.9241,0.00023
20.738,0.0002,-0.0002,2.9443,0.00022
20.758,0.0002,-0.0002,2.9623,0.00021
20.778,0.0002,-0.0002,2.9793,0.00022
20.798,0.0002,-0.0002,2.9964,0.00022
20.818,0.0002,-0.0002,3.0141,0.00022
20.838,0.0002,-0.0002,3.0324,0.00022
20.858,0.0002,-0.0002,3.0514,0.00023
20.878,0.0002,-0.0002,3.0706,0.00022
20.898,0.0002,-0.0002,3.0904,0.00022
20.918,0.0002,-0.0002,3.1113,0.00022
20.938,0.0002,-0.0002,3.1329,0.00023
20.958,0.0002,-0.0002,3.1547,0.00023
20.978,0.0002,-0.0002,3.1762,0.00023
20.998,0.0002,-0.0002,3.1974,0.00023
21.018,0.0002,-0.0002,3.2183,0.00023
21.038,0.0002,-0.0002,3.239,0.00022
21.058,0.0002,-0.0002,3.2597,0.00022
21.078,0.0002,-0.0002,3.2805,0.00022
21.098,0.0002,-0.0002,3.3007,0.00021
21.118,0.0002,-0.0002,3.3199,0.0002
21.138,0.0002,-0.0002,3.3382,0.0002
21.158,0.0002,-0.0002,3.3558,0.00021
21.178,0.0002,-0.0002,3.3734,0.00021
21.198,0.0002,-0.0002,3.3913,0.00021
21.218,0.0002,-0.0002,3.41,0.0002
21.238,0.0002,-0.0002,3.4293,0.00019
21.258,0.0002,-0.0002,3.4491,0.0002
21.278,0.0002,-0.0002,3.4697,0.00022
21.298,0.0002,-0.0002,3.4913,0.00021
21.318,0.0002,-0.0002,3.5137,0.00022
21.338,0.0002,-0.0002,3.5363,0.0002
21.358,0.0002,-0.0002,3.5585,0.00021
21.378,0.0002,-0.0002,3.5803,0.00021
21.398,0.0002,-0.0002,3.6014,0.0002
21.418,0.0002,-0.0002,3.6224,0.0002
21.438,0.0002,-0.0002,3.6434,0.0002
21.458,0.0002,-0.0002,3.6641,0.00019
21.478,0.0002,-0.0002,3.6843,0.00018
21.498,0.0002,-0.0002,3.7035,0.00017
21.518,0.0002,-0.0002,3.7215,0.00018
21.538,0.0002,-0.0002,3.7388,0.00018
21.558,0.0002,-0.0002,3.7558,0.00019
21.578,0.0002,-0.0002,3.7737,0.0002
21.598,0.0002,-0.0002,3.7927,0.00019
21.618,0.0002,-0.0002,3.8119,0.00019
21.638,0.0002,-0.0002,3.8315,0.00019
21.658,0.0002,-0.0002,3.8518,0.00021
21.678,0.0002,-0.0002,3.8731,0.00021
21.698,0.0002,-0.0002,3.8952,0.00021
21.718,0.0002,-0.0002,3.9172,0.00021
21.738,0.0002,-0.0002,3.939,0.0002
21.758,0.0002,-0.0002,3.9602,0.0002
21.778,0.0002,-0.0002,3.9809,0.0002
21.798,0.0002,-0.0002,4.0014,0.00018
21.818,0.0002,-0.0002,4.022,0.00019
21.838,0.0002,-0.0002,4.0424,0.0002
21.858,0.0002,-0.0002,4.0622,0.0002
21.878,0.0002,-0.0002,4.081,0.00019
21.898,0.0002,-0.0002,4.0987,0.00019
21.918,0.0002,-0.0002,4.1156,0.0002
21.938,0.0002,-0.0002,4.1329,0.0002
21.958,0.0002,-0.0002,4.1509,0.00022
21.978,0.0002,-0.0002,4.1695,0.00022
21.998,0.0002,-0.0002,4.1888,0.0002
22.018,0.0002,-0.0002,4.2086,0.00021
22.038,0.0002,-0.0002,4.2297,0.00022
22.058,0.0002,-0.0002,4.252,0.00022
22.078,0.0002,-0.0002,4.2745,0.00021
22.098,0.0002,-0.0002,4.2967,0.0002
22.118,0.0002,-0.0002,4.3185,0.00019
22.138,0.0002,-0.0002,4.3399,0.00019
22.158,0.0002,-0.0002,4.3607,0.00019
22.178,0.0002,-0.0002,4.3813,0.00019
22.198,0.0002,-0.0002,4.4019,0.00019
22.218,0.0002,-0.0002,4.4223,0.00019
22.238,0.0002,-0.0002,4.442,0.00019
22.258,0.0002,-0.0002,4.4606,0.00018
22.278,0.0002,-0.0002,4.4783,0.00018
22.298,0.0002,-0.0002,4.4956,0.00018
22.318,0.0002,-0.0002,4.5133,0.00018
22.338,0.0002,-0.0002,4.5314,0.00019
22.358,0.0002,-0.0002,4.5502,0.00019
22.378,0.0002,-0.0002,4.5699,0.00019
22.398,0.0002,-0.0002,4.5901,0.00018
22.418,0.0002,-0.0002,4.6109,0.0002
22.438,0.0002,-0.0002,4.6333,0.00021
22.458,0.0002,-0.0002,4.6559,0.00019
22.478,0.0002,-0.0002,4.6777,0.00019
22.498,0.0002,-0.0002,4.6991,0.00019
22.518,0.0002,-0.0002,4.7202,0.0002
22.538,0.0002,-0.0002,4.7409,0.00019
22.558,0.0002,-0.0002,4.7615,0.00018
22.578,0.0002,-0.0002,4.7821,0.00018
22.598,0.0002,-0.0002,4.8023,0.00018
22.618,0.0002,-0.0002,4.8216,0.00017
22.638,0.0002,-0.0002,4.8397,0.00016
22.658,0.0002,-0.0002,4.8571,0.00017
22.678,0.0002,-0.0002,4.8745,0.00018
22.698,0.0002,-0.0002,4.8923,0.00019
22.718,0.0002,-0.0002,4.9105,0.00018
22.738,0.0002,-0.0002,4.9289,0.00018
22.758,0.0002,-0.0002,4.9483,0.00019
22.778,0.0002,-0.0002,4.9692,0.00019
22.798,0.0002,-0.0002,4.9913,0.0002
22.818,0.0002,-0.0002,5.0138,0.00019
22.838,0.0002,-0.0002,5.0363,0.00017
22.858,0.0002,-0.0002,5.0586,0.00018
22.878,0.0002,-0.0002,5.0804,0.00018
22.898,0.0002,-0.0002,5.1017,0.00019
22.918,0.0002,-0.0002,5.1226,0.00018
22.938,0.0002,-0.0002,5.1432,0.00019
22.958,0.0002,-0.0002,5.1638,0.00019
22.978,0.0002,-0.0002,5.1841,0.0002
22.998,0.0002,-0.0002,5.2031,0.00019
23.018,0.0002,-0.0002,5.2209,0.00018
23.038,0.0002,-0.0002,5.2381,0.00016
23.058,0.0002,-0.0002,5.2554,0.00017
23.078,0.0002,-0.0002,5.2733,0.00018
23.098,0.0002,-0.0002,5.2919,0.00018
23.118,0.0002,-0.0002,5.3112,0.00019
23.138,0.0002,-0.0002,5.3308,0.0002
23.158,0.0002,-0.0002,5.3511,0.00018
23.178,0.0002,-0.0002,5.3721,0.00018
23.198,0.0002,-0.0002,5.3939,0.00017
23.218,0.0002,-0.0002,5.4161,0.00017
23.238,0.0002,-0.0002,5.4381,0.00017
23.258,0.0002,-0.0002,5.4594,0.00019
23.278,0.0002,-0.0002,5.4804,0.00019
23.298,0.0002,-0.0002,5.5018,0.00017
23.318,0.0002,-0.0002,5.5228,0.00018
23.338,0.0002,-0.0002,5.5429,0.00017
23.358,0.0002,-0.0002,5.562,0.00016
23.378,0.0002,-0.0002,5.5802,0.00017
23.398,0.0002,-0.0002,5.5977,0.00019
23.418,0.0002,-0.0002,5.6149,0.00017
23.438,0.0002,-0.0002,5.6324,0.00017
23.458,0.0002,-0.0002,5.6508,0.00019
23.478,0.0002,-0.0002,5.6699,0.00019
23.498,0.0002,-0.0002,5.6894,0.00018
23.518,0.0002,-0.0002,5.7096,0.00018
23.538,0.0002,-0.0002,5.7308,0.00017
23.558,0.0002,-0.0002,5.7529,0.00017
23.578,0.0002,-0.0002,5.7753,0.00019
23.598,0.0002,-0.0002,5.7976,0.00019
23.618,0.0002,-0.0002,5.8194,0.00018
23.638,0.0002,-0.0002,5.8407,0.00017
23.658,0.0002,-0.0002,5.8616,0.00018
23.678,0.0002,-0.0002,5.8825,0.00018
23.698,0.0002,-0.0002,5.9035,0.0002
23.718,0.0002,-0.0002,5.924,0.00018
23.738,0.0002,-0.0002,5.9437,0.00017
23.758,0.0002,-0.0002,5.9622,0.00015
23.778,0.0002,-0.0002,5.9797,0.00017
23.798,0.0002,-0.0002,5.9968,0.00017
23.818,0.0002,-0.0002,6.0144,0.00018
23.838,0.0002,-0.0002,6.0329,0.00018
23.858,0.0002,-0.0002,6.0519,0.00017
23.878,0.0002,-0.0002,6.0711,0.00017
23.898,0.0002,-0.0002,6.091,0.00016
23.918,0.0002,-0.0002,6.1118,0.00017
23.938,0.0002,-0.0002,6.1332,0.00019
23.958,0.0002,-0.0002,6.1552,0.0002
23.978,0.0002,-0.0002,6.1774,0.00017
23.998,0.0002,-0.0002,6.1991,0.00017
24.018,0.0002,-0.0002,6.2201,0.00017
24.038,0.0002,-0.0002,6.2408,0.00017
24.058,0.0002,-0.0002,6.2614,0.00017
24.078,0.0002,-0.0002,6.2822,0.00018
24.098,0.0002,-0.0002,6.3028,0.00018
24.118,0.0002,-0.0002,6.3219,0.00018
24.138,0.0002,-0.0002,6.3401,0.00017
24.158,0.0002,-0.0002,6.3579,0.00017
24.178,0.0002,-0.0002,6.3754,0.00018
24.198,0.0002,-0.0002,6.3929,0.00017
24.218,0.0002,-0.0002,6.4108,0.00017
24.238,0.0002,-0.0002,6.4296,0.00018
24.258,0.0002,-0.0002,6.4497,0.00019
24.278,0.0002,-0.0002,6.4705,0.00017
24.298,0.0002,-0.0002,6.492,0.00017
24.318,0.0002,-0.0002,6.5142,0.00017
24.338,0.0002,-0.0002,6.5364,0.00018
24.358,0.0002,-0.0002,6.5582,0.00018
24.378,0.0002,-0.0002,6.5797,0.00018
24.398,0.0002,-0.0002,6.6008,0.00019
24.418,0.0002,-0.0002,6.6216,0.00018
24.438,0.0002,-0.0002,6.6421,0.0002
24.458,0.0002,-0.0002,6.6625,0.00018
24.478,0.0002,-0.0002,6.6825,0.00016
24.498,0.0002,-0.0002,6.7014,0.00016
24.518,0.0002,-0.0002,6.7192,0.00015
24.538,0.0002,-0.0002,6.7366,0.00015
24.558,0.0002,-0.0002,6.7541,0.00014
24.578,0.0002,-0.0002,6.7722,0.00013
24.598,0.0002,-0.0002,6.7909,0.00014
24.618,0.0002,-0.0002,6.81,0.00016
24.638,0.0002,-0.0002,6.8297,0.00016
24.658,0.0002,-0.0002,6.8504,0.00016
24.678,0.0002,-0.0002,6.872,0.00017
24.698,0.0002,-0.0002,6.894,0.00016
24.718,0.0002,-0.0002,6.916,0.00017
24.738,0.0002,-0.0002,6.9376,0.00017
24.758,0.0002,-0.0002,6.9585,0.00016
24.778,0.0002,-0.0002,6.979,0.00015
24.798,0.0002,-0.0002,6.9999,0.00016
24.818,0.0002,-0.0002,7.0214,0.00016
24.838,0.0002,-0.0002,7.0422,0.00016
24.858,0.0002,-0.0002,7.0614,0.00016
24.878,0.0002,-0.0002,7.0797,0.00015
24.898,0.0002,-0.0002,7.0974,0.00015
24.918,0.0002,-0.0002,7.1146,0.00014
24.938,0.0002,-0.0002,7.1322,0.00016
24.958,0.0002,-0.0002,7.1509,0.00015
24.978,0.0002,-0.0002,7.17,0.00015
24.998,0.0002,-0.0002,7.1894,0.00016
25.018,0.0002,-0.0002,7.2099,0.00017
25.038,0.0002,-0.0002,7.2311,0.00018
25.058,0.0002,-0.0002,7.2529,0.00017
25.078,0.0002,-0.0002,7.2754,0.00016
25.098,0.0002,-0.0002,7.298,0.00016
25.118,0.0002,-0.0002,7.3203,0.00017
25.138,0.0002,-0.0002,7.3416,0.00018
25.158,0.0002,-0.0002,7.3622,0.00018
25.178,0.0002,-0.0002,7.3828,0.00017
25.198,0.0002,-0.0002,7.4035,0.00017
25.218,0.0002,-0.0002,7.4242,0.00016
25.238,0.0002,-0.0002,7.4438,0.00016
25.258,0.0002,-0.0002,7.462,0.00015
25.278,0.0002,-0.0002,7.479,0.00015
25.298,0.0002,-0.0002,7.496,0.00015
25.318,0.0002,-0.0002,7.5138,0.00016
25.338,0.0002,-0.0002,7.5323,0.00017
25.358,0.0002,-0.0002,7.5512,0.00016
25.378,0.0002,-0.0002,7.5703,0.00014
25.398,0.0002,-0.0002,7.59,0.00014
25.418,0.0002,-0.0002,7.6104,0.00017
25.438,0.0002,-0.0002,7.6317,0.00018
25.458,0.0002,-0.0002,7.6537,0.00019
25.478,0.0002,-0.0002,7.6757,0.00017
25.498,0.0002,-0.0002,7.6973,0.00015
25.518,0.0002,-0.0002,7.7182,0.00015
25.538,0.0002,-0.0002,7.739,0.00017
25.558,0.0002,-0.0002,7.7601,0.00018
25.578,0.0002,-0.0002,7.7808,0.00017
25.598,0.0002,-0.0002,7.801,0.00017
25.618,0.0002,-0.0002,7.8202,0.00017
25.638,0.0002,-0.0002,7.8383,0.00017
25.658,0.0002,-0.0002,7.8558,0.00017
25.678,0.0002,-0.0002,7.8729,0.00017
25.698,0.0002,-0.0002,7.8905,0.00018
25.718,0.0002,-0.0002,7.9092,0.00017
25.738,0.0002,-0.0002,7.9287,0.00017
25.758,0.0002,-0.0002,7.9484,0.00018
25.778,0.0002,-0.0002,7.9684,0.00017
25.798,0.0002,-0.0002,7.9899,0.00018
25.818,0.0002,-0.0002,8.0127,0.00018
25.838,0.0002,-0.0002,8.0353,0.00019
25.858,0.0002,-0.0002,8.0581,0.00019
25.878,0.0002,-0.0002,8.0808,0.00019
25.898,0.0002,-0.0002,8.1022,0.00018
25.918,0.0002,-0.0002,8.1227,0.00017
25.938,0.0002,-0.0002,8.1431,0.00017
25.958,0.0002,-0.0002,8.1636,0.00016
25.978,0.0002,-0.0002,8.1837,0.00017
25.998,0.0002,-0.0002,8.2027,0.00016
26.018,0.0002,-0.0002,8.2204,0.00016
26.038,0.0002,-0.0002,8.2376,0.00018
26.058,0.0002,-0.0002,8.2549,0.00018
26.078,0.0002,-0.0002,8.2725,0.00017
26.098,0.0002,-0.0002,8.2907,0.00018
26.118,0.0002,-0.0002,8.3098,0.00018
26.138,0.0002,-0.0002,8.3295,0.0002
26.158,0.0002,-0.0002,8.3497,0.00019
26.178,0.0002,-0.0002,8.3708,0.00018
26.198,0.0002,-0.0002,8.3926,0.00019
26.218,0.0002,-0.0002,8.4143,0.00018
26.238,0.0002,-0.0002,8.4358,0.00017
26.258,0.0002,-0.0002,8.4571,0.00018
26.278,0.0002,-0.0002,8.4777,0.00017
26.298,0.0002,-0.0002,8.4982,0.00018
26.318,0.0002,-0.0002,8.5191,0.00018
26.338,0.0002,-0.0002,8.5398,0.00018
26.358,0.0002,-0.0002,8.5596,0.00018
26.378,0.0002,-0.0002,8.5784,0.00018
26.398,0.0002,-0.0002,8.5965,0.00018
26.418,0.0002,-0.0002,8.6138,0.00018
26.438,0.0002,-0.0002,8.6309,0.00016
26.458,0.0002,-0.0002,8.6488,0.00017
26.478,0.0002,-0.0002,8.6678,0.00016
26.498,0.0002,-0.0002,8.6875,0.00017
26.518,0.0002,-0.0002,8.7077,0.00018
26.538,0.0002,-0.0002,8.7289,0.00019
26.558,0.0002,-0.0002,8.7509,0.00017
26.578,0.0002,-0.0002,8.7733,0.00017
26.598,0.0002,-0.0002,8.7954,0.00017
26.618,0.0002,-0.0002,8.817,0.00017
26.638,0.0002,-0.0002,8.8386,0.00016
26.658,0.0002,-0.0002,8.8602,0.00017
26.678,0.0002,-0.0002,8.8809,0.00014
26.698,0.0002,-0.0002,8.9013,0.00015
26.718,0.0002,-0.0002,8.9224,0.00016
26.738,0.0002,-0.0002,8.9431,0.00014
26.758,0.0002,-0.0002,8.962,0.00013
26.778,0.0002,-0.0002,8.9793,0.00013
26.798,0.0002,-0.0002,8.9961,0.00014
26.818,0.0002,-0.0002,9.0133,0.00017
26.838,0.0002,-0.0002,9.0311,0.00016
26.858,0.0002,-0.0002,9.05,0.00016
26.878,0.0002,-0.0002,9.0698,0.00016
26.898,0.0002,-0.0002,9.0902,0.00016
26.918,0.0002,-0.0002,9.111,0.00015
26.938,0.0002,-0.0002,9.1326,0.00015
26.958,0.0002,-0.0002,9.1548,0.00015
26.978,0.0002,-0.0002,9.177,0.00016
26.998,0.0002,-0.0002,9.1986,0.00015
27.018,0.0002,-0.0002,9.2197,0.00015
27.038,0.0002,-0.0002,9.2404,0.00016
27.058,0.0002,-0.0002,9.2611,0.00015
27.078,0.0002,-0.0002,9.2818,0.00016
27.098,0.0002,-0.0002,9.3021,0.00016
27.118,0.0002,-0.0002,9.3214,0.00016
27.138,0.0002,-0.0002,9.3395,0.00015
27.158,0.0002,-0.0002,9.3568,0.00015
27.178,0.0002,-0.0002,9.3742,0.00016
27.198,0.0002,-0.0002,9.3919,0.00015
27.218,0.0002,-0.0002,9.4103,0.00013
27.238,0.0002,-0.0002,9.4296,0.00014
27.258,0.0002,-0.0002,9.4497,0.00014
27.278,0.0002,-0.0002,9.4705,0.00015
27.298,0.0002,-0.0002,9.4921,0.00015
27.318,0.0002,-0.0002,9.5148,0.00015
27.338,0.0002,-0.0002,9.5374,0.00016
27.358,0.0002,-0.0002,9.5595,0.00017
27.378,0.0002,-0.0002,9.5813,0.00015
27.398,0.0002,-0.0002,9.6026,0.00015
27.418,0.0002,-0.0002,9.6233,0.00015
27.438,0.0002,-0.0002,9.644,0.00015
27.458,0.0002,-0.0002,9.6645,0.00015
27.478,0.0002,-0.0002,9.6842,0.00015
27.498,0.0002,-0.0002,9.7033,0.00014
27.518,0.0002,-0.0002,9.7217,0.00015
27.538,0.0002,-0.0002,9.7389,0.00014
27.558,0.0002,-0.0002,9.7556,0.00014
27.578,0.0002,-0.0002,9.7739,0.00014
27.598,0.0002,-0.0002,9.7937,0.00013
27.618,0.0002,-0.0002,9.8134,0.00014
27.638,0.0002,-0.0002,9.8328,0.00015
27.658,0.0002,-0.0002,9.8526,0.00016
27.678,0.0002,-0.0002,9.8735,0.00015
27.698,0.0002,-0.0002,9.8954,0.00015
27.718,0.0002,-0.0002,9.917,0.00015
27.738,0.0002,-0.0002,9.9382,0.00015
27.758,0.0002,-0.0002,9.9592,0.00014
27.778,0.0002,-0.0002,9.9802,0.00015
27.798,0.0002,-0.0002,9.9993,0.00014
27.818,0.0002,-0.0002,10.0093,0.00011
27.838,0.0002,-0.0002,10.0118,0.00007
27.858,0.0002,-0.0002,10.0115,0.00005
27.878,0.0002,-0.0002,10.0109,0.00005
27.898,0.0002,-0.0002,10.0107,0.00004
27.918,0.0002,-0.0002,10.0106,0.00003
27.938,0.0002,-0.0002,10.0107,0.00003
27.942,0.0002,-0.0002,10.0107,0.00003
27.943,0.0002,-0.0002,10.0107,0.00003
35.26,0.0002,-0.0002,0,-0.00042
35.28,0.0002,-0.0002,0,-0.00042
35.3,0.0002,-0.0002,0,-0.00042
35.32,0.0002,-0.0002,0,-0.00042
35.34,0.0002,-0.0002,0,-0.00042
35.36,0.0002,-0.0002,0,-0.00042
35.38,0.0002,-0.0002,0,-0.00043
35.4,0.0002,-0.0002,0.0001,-0.00042
35.42,0.0002,-0.0002,0.0012,-0.00042
35.44,0.0002,-0.0002,0.0101,-0.00042
35.46,0.0002,-0.0002,0.0297,-0.00039
35.48,0.0002,-0.0002,0.0495,-0.00039
35.5,0.0002,-0.0002,0.0692,-0.00039
35.52,0.0002,-0.0002,0.0904,-0.0004
35.54,0.0002,-0.0002,0.1125,-0.00041
35.56,0.0002,-0.0002,0.1354,-0.00041
35.58,0.0002,-0.0002,0.1589,-0.00039
35.6,0.0002,-0.0002,0.1822,-0.00038
35.62,0.0002,-0.0002,0.205,-0.00039
35.64,0.0002,-0.0002,0.2268,-0.00041
35.66,0.0002,-0.0002,0.2482,-0.0004
35.68,0.0002,-0.0002,0.2696,-0.00037
35.7,0.0002,-0.0002,0.291,-0.00036
35.72,0.0002,-0.0002,0.3114,-0.00037
35.74,0.0002,-0.0002,0.3305,-0.00038
35.76,0.0002,-0.0002,0.3487,-0.00039
35.78,0.0002,-0.0002,0.3664,-0.0004
35.8,0.0002,-0.0002,0.3843,-0.0004
35.82,0.0002,-0.0002,0.4026,-0.00039
35.84,0.0002,-0.0002,0.4215,-0.00039
35.86,0.0002,-0.0002,0.4409,-0.00037
35.88,0.0002,-0.0002,0.4611,-0.00037
35.9,0.0002,-0.0002,0.4821,-0.00037
35.92,0.0002,-0.0002,0.5041,-0.00038
35.94,0.0002,-0.0002,0.5268,-0.00038
35.96,0.0002,-0.0002,0.5498,-0.00039
35.98,0.0002,-0.0002,0.5721,-0.0004
36,0.0002,-0.0002,0.5923,-0.00038
36.02,0.0002,-0.0002,0.6114,-0.00038
36.04,0.0002,-0.0002,0.63,-0.00037
36.06,0.0002,-0.0002,0.6475,-0.00029
36.08,0.0002,-0.0002,0.6655,-0.00008
36.1,0.0002,-0.0002,0.6852,0.00015
36.12,0.0002,-0.0002,0.7043,0.00026
36.14,0.0002,-0.0002,0.7221,0.00028
36.16,0.0002,-0.0002,0.7397,0.00028
36.18,0.0002,-0.0002,0.7578,0.00028
36.2,0.0002,-0.0002,0.7764,0.00029
36.22,0.0002,-0.0002,0.7954,0.00029
36.24,0.0002,-0.0002,0.8149,0.0003
36.26,0.0002,-0.0002,0.8351,0.00029
36.28,0.0002,-0.0002,0.856,0.00029
36.3,0.0002,-0.0002,0.8781,0.00029
36.32,0.0002,-0.0002,0.9009,0.00029
36.34,0.0002,-0.0002,0.9232,0.00029
36.36,0.0002,-0.0002,0.9449,0.00029
36.38,0.0002,-0.0002,0.9664,0.00029
36.4,0.0002,-0.0002,0.9876,0.00027
36.42,0.0002,-0.0002,1.0088,0.00027
36.44,0.0002,-0.0002,1.03,0.00028
36.46,0.0002,-0.0002,1.0508,0.00029
36.48,0.0002,-0.0002,1.0703,0.00029
36.5,0.0002,-0.0002,1.0889,0.00027
36.52,0.0002,-0.0002,1.1065,0.00026
36.54,0.0002,-0.0002,1.1241,0.00026
36.56,0.0002,-0.0002,1.1426,0.00027
36.58,0.0002,-0.0002,1.1615,0.00026
36.6,0.0002,-0.0002,1.1808,0.00025
36.62,0.0002,-0.0002,1.2013,0.00026
36.64,0.0002,-0.0002,1.223,0.00026
36.66,0.0002,-0.0002,1.2449,0.00028
36.68,0.0002,-0.0002,1.2672,0.00027
36.7,0.0002,-0.0002,1.2896,0.00027
36.72,0.0002,-0.0002,1.3122,0.00028
36.74,0.0002,-0.0002,1.3342,0.00027
36.76,0.0002,-0.0002,1.3552,0.00026
36.78,0.0002,-0.0002,1.3755,0.00024
36.8,0.0002,-0.0002,1.3961,0.00025
36.82,0.0002,-0.0002,1.4171,0.00025
36.84,0.0002,-0.0002,1.4375,0.00025
36.86,0.0002,-0.0002,1.4563,0.00024
36.88,0.0002,-0.0002,1.4737,0.00023
36.9,0.0002,-0.0002,1.4906,0.00024
36.92,0.0002,-0.0002,1.5079,0.00024
36.94,0.0002,-0.0002,1.5258,0.00024
36.96,0.0002,-0.0002,1.5445,0.00024
36.98,0.0002,-0.0002,1.564,0.00023
37,0.0002,-0.0002,1.5839,0.00023
37.02,0.0002,-0.0002,1.604,0.00023
37.04,0.0002,-0.0002,1.6254,0.00024
37.06,0.0002,-0.0002,1.6477,0.00024
37.08,0.0002,-0.0002,1.6702,0.00025
37.1,0.0002,-0.0002,1.6922,0.00025
37.12,0.0002,-0.0002,1.7132,0.00025
37.14,0.0002,-0.0002,1.7334,0.00024
37.16,0.0002,-0.0002,1.754,0.00023
37.18,0.0002,-0.0002,1.7752,0.00022
37.2,0.0002,-0.0002,1.7958,0.00021
37.22,0.0002,-0.0002,1.8151,0.00021
37.24,0.0002,-0.0002,1.8332,0.0002
37.26,0.0002,-0.0002,1.8505,0.00021
37.28,0.0002,-0.0002,1.8677,0.00022
37.3,0.0002,-0.0002,1.8856,0.00025
37.32,0.0002,-0.0002,1.9043,0.00024
37.34,0.0002,-0.0002,1.9234,0.00022
37.36,0.0002,-0.0002,1.943,0.00022
37.38,0.0002,-0.0002,1.9628,0.00022
37.4,0.0002,-0.0002,1.9838,0.00022
37.42,0.0002,-0.0002,2.0065,0.00022
37.44,0.0002,-0.0002,2.0285,0.00022
37.46,0.0002,-0.0002,2.0504,0.00022
37.48,0.0002,-0.0002,2.0733,0.00022
37.5,0.0002,-0.0002,2.0953,0.00022
37.52,0.0002,-0.0002,2.1157,0.00021
37.54,0.0002,-0.0002,2.1358,0.00021
37.56,0.0002,-0.0002,2.1561,0.00023
37.58,0.0002,-0.0002,2.1765,0.00023
37.6,0.0002,-0.0002,2.1961,0.00021
37.62,0.0002,-0.0002,2.2143,0.00021
37.64,0.0002,-0.0002,2.2316,0.00021
37.66,0.0002,-0.0002,2.2489,0.00022
37.68,0.0002,-0.0002,2.2663,0.0002
37.7,0.0002,-0.0002,2.2849,0.0002
37.72,0.0002,-0.0002,2.3042,0.00021
37.74,0.0002,-0.0002,2.3233,0.00022
37.76,0.0002,-0.0002,2.3431,0.00023
37.78,0.0002,-0.0002,2.3638,0.00022
37.8,0.0002,-0.0002,2.3856,0.00021
37.82,0.0002,-0.0002,2.4078,0.00021
37.84,0.0002,-0.0002,2.43,0.00022
37.86,0.0002,-0.0002,2.4517,0.00021
37.88,0.0002,-0.0002,2.4728,0.00021
37.9,0.0002,-0.0002,2.4934,0.00021
37.92,0.0002,-0.0002,2.5142,0.00021
37.94,0.0002,-0.0002,2.5351,0.00021
37.96,0.0002,-0.0002,2.5552,0.0002
37.98,0.0002,-0.0002,2.5744,0.0002
38,0.0002,-0.0002,2.5926,0.00019
38.02,0.0002,-0.0002,2.6101,0.00019
38.04,0.0002,-0.0002,2.6274,0.0002
38.06,0.0002,-0.0002,2.6453,0.0002
38.08,0.0002,-0.0002,2.6638,0.00021
38.1,0.0002,-0.0002,2.6825,0.0002
38.12,0.0002,-0.0002,2.7013,0.0002
38.14,0.0002,-0.0002,2.7219,0.00021
38.16,0.0002,-0.0002,2.744,0.00022
38.18,0.0002,-0.0002,2.7669,0.00022
38.2,0.0002,-0.0002,2.7899,0.0002
38.22,0.0002,-0.0002,2.8121,0.00019
38.24,0.0002,-0.0002,2.834,0.0002
38.26,0.0002,-0.0002,2.8555,0.00021
38.28,0.0002,-0.0002,2.8761,0.00021
38.3,0.0002,-0.0002,2.8961,0.0002
38.32,0.0002,-0.0002,2.9169,0.0002
38.34,0.0002,-0.0002,2.9377,0.0002
38.36,0.0002,-0.0002,2.9568,0.00019
38.38,0.0002,-0.0002,2.9741,0.00019
38.4,0.0002,-0.0002,2.9909,0.00019
38.42,0.0002,-0.0002,3.0084,0.00021
38.44,0.0002,-0.0002,3.0264,0.00021
38.46,0.0002,-0.0002,3.0453,0.0002
38.48,0.0002,-0.0002,3.0643,0.0002
38.5,0.0002,-0.0002,3.0836,0.00021
38.52,0.0002,-0.0002,3.1039,0.00021
38.54,0.0002,-0.0002,3.1253,0.00021
38.56,0.0002,-0.0002,3.1472,0.00022
38.58,0.0002,-0.0002,3.1688,0.00022
38.6,0.0002,-0.0002,3.1902,0.00021
38.62,0.0002,-0.0002,3.2113,0.00021
38.64,0.0002,-0.0002,3.232,0.0002
38.66,0.0002,-0.0002,3.2526,0.00022
38.68,0.0002,-0.0002,3.2733,0.00021
38.7,0.0002,-0.0002,3.2938,0.0002
38.72,0.0002,-0.0002,3.3135,0.0002
38.74,0.0002,-0.0002,3.3321,0.00019
38.76,0.0002,-0.0002,3.35,0.00019
38.78,0.0002,-0.0002,3.3676,0.0002
38.8,0.0002,-0.0002,3.3853,0.00021
38.82,0.0002,-0.0002,3.4034,0.00021
38.84,0.0002,-0.0002,3.4223,0.0002
38.86,0.0002,-0.0002,3.442,0.00019
38.88,0.0002,-0.0002,3.4623,0.0002
38.9,0.0002,-0.0002,3.4835,0.0002
38.92,0.0002,-0.0002,3.5055,0.00019
38.94,0.0002,-0.0002,3.5282,0.00019
38.96,0.0002,-0.0002,3.5507,0.00018
38.98,0.0002,-0.0002,3.5727,0.00019
39,0.0002,-0.0002,3.594,0.00018
39.02,0.0002,-0.0002,3.615,0.00018
39.04,0.0002,-0.0002,3.636,0.00019
39.06,0.0002,-0.0002,3.6566,0.00019
39.08,0.0002,-0.0002,3.677,0.00019
39.1,0.0002,-0.0002,3.6966,0.00018
39.12,0.0002,-0.0002,3.7153,0.00017
39.14,0.0002,-0.0002,3.7329,0.00017
39.16,0.0002,-0.0002,3.7496,0.00018
39.18,0.0002,-0.0002,3.7671,0.00019
39.2,0.0002,-0.0002,3.7858,0.00018
39.22,0.0002,-0.0002,3.8049,0.00017
39.24,0.0002,-0.0002,3.8242,0.00018
39.26,0.0002,-0.0002,3.8443,0.00018
39.28,0.0002,-0.0002,3.8652,0.00019
39.3,0.0002,-0.0002,3.8871,0.00019
39.32,0.0002,-0.0002,3.9092,0.00018
39.34,0.0002,-0.0002,3.9311,0.00018
39.36,0.0002,-0.0002,3.9525,0.00019
39.38,0.0002,-0.0002,3.9733,0.00019
39.4,0.0002,-0.0002,3.9938,0.00019
39.42,0.0002,-0.0002,4.0145,0.00018
39.44,0.0002,-0.0002,4.035,0.00018
39.46,0.0002,-0.0002,4.055,0.00018
39.48,0.0002,-0.0002,4.0742,0.00017
39.5,0.0002,-0.0002,4.0924,0.00019
39.52,0.0002,-0.0002,4.1096,0.0002
39.54,0.0002,-0.0002,4.1268,0.0002
39.56,0.0002,-0.0002,4.1444,0.0002
39.58,0.0002,-0.0002,4.1626,0.00019
39.6,0.0002,-0.0002,4.1815,0.00019
39.62,0.0002,-0.0002,4.2012,0.00018
39.64,0.0002,-0.0002,4.2219,0.00019
39.66,0.0002,-0.0002,4.2438,0.00021
39.68,0.0002,-0.0002,4.2665,0.0002
39.7,0.0002,-0.0002,4.2888,0.00019
39.72,0.0002,-0.0002,4.3108,0.0002
39.74,0.0002,-0.0002,4.3324,0.00019
39.76,0.0002,-0.0002,4.3534,0.0002
39.78,0.0002,-0.0002,4.374,0.00018
39.8,0.0002,-0.0002,4.3947,0.00018
39.82,0.0002,-0.0002,4.4153,0.00018
39.84,0.0002,-0.0002,4.4352,0.00018
39.86,0.0002,-0.0002,4.4542,0.00018
39.88,0.0002,-0.0002,4.4722,0.00017
39.9,0.0002,-0.0002,4.4895,0.00018
39.92,0.0002,-0.0002,4.507,0.00018
39.94,0.0002,-0.0002,4.5251,0.00018
39.96,0.0002,-0.0002,4.5436,0.00018
39.98,0.0002,-0.0002,4.563,0.00019
40,0.0002,-0.0002,4.5831,0.00018
40.02,0.0002,-0.0002,4.6036,0.00018
40.04,0.0002,-0.0002,4.6254,0.0002
40.06,0.0002,-0.0002,4.6483,0.0002
40.08,0.0002,-0.0002,4.6703,0.00019
40.1,0.0002,-0.0002,4.6918,0.0002
40.12,0.0002,-0.0002,4.713,0.0002
40.14,0.0002,-0.0002,4.7338,0.0002
40.16,0.0002,-0.0002,4.7545,0.00019
40.18,0.0002,-0.0002,4.7751,0.00017
40.2,0.0002,-0.0002,4.7954,0.00017
40.22,0.0002,-0.0002,4.815,0.00017
40.24,0.0002,-0.0002,4.8336,0.00016
40.26,0.0002,-0.0002,4.8512,0.00015
40.28,0.0002,-0.0002,4.8685,0.00016
40.3,0.0002,-0.0002,4.8862,0.00016
40.32,0.0002,-0.0002,4.9042,0.00018
40.34,0.0002,-0.0002,4.9224,0.00016
40.36,0.0002,-0.0002,4.9413,0.00017
40.38,0.0002,-0.0002,4.9617,0.00016
40.4,0.0002,-0.0002,4.9836,0.00016
40.42,0.0002,-0.0002,5.0061,0.00017
40.44,0.0002,-0.0002,5.0285,0.00018
40.46,0.0002,-0.0002,5.0508,0.00018
40.48,0.0002,-0.0002,5.0729,0.00017
40.5,0.0002,-0.0002,5.0945,0.00017
40.52,0.0002,-0.0002,5.1155,0.00018
40.54,0.0002,-0.0002,5.136,0.00018
40.56,0.0002,-0.0002,5.1566,0.00017
40.58,0.0002,-0.0002,5.1772,0.00016
40.6,0.0002,-0.0002,5.1968,0.00015
40.62,0.0002,-0.0002,5.215,0.00016
40.64,0.0002,-0.0002,5.2322,0.00016
40.66,0.0002,-0.0002,5.2494,0.00016
40.68,0.0002,-0.0002,5.2671,0.00016
40.7,0.0002,-0.0002,5.2855,0.00016
40.72,0.0002,-0.0002,5.3045,0.00017
40.74,0.0002,-0.0002,5.3239,0.00017
40.76,0.0002,-0.0002,5.3439,0.00017
40.78,0.0002,-0.0002,5.3649,0.00017
40.8,0.0002,-0.0002,5.3863,0.00016
40.82,0.0002,-0.0002,5.4081,0.00016
40.84,0.0002,-0.0002,5.4304,0.00016
40.86,0.0002,-0.0002,5.4522,0.00016
40.88,0.0002,-0.0002,5.4732,0.00016
40.9,0.0002,-0.0002,5.4945,0.00016
40.92,0.0002,-0.0002,5.5157,0.00018
40.94,0.0002,-0.0002,5.5362,0.00017
40.96,0.0002,-0.0002,5.5556,0.00015
40.98,0.0002,-0.0002,5.5741,0.00016
41,0.0002,-0.0002,5.5918,0.00017
41.02,0.0002,-0.0002,5.6091,0.00017
41.04,0.0002,-0.0002,5.6265,0.00018
41.06,0.0002,-0.0002,5.6446,0.00018
41.08,0.0002,-0.0002,5.6634,0.00017
41.1,0.0002,-0.0002,5.6827,0.00016
41.12,0.0002,-0.0002,5.7026,0.00016
41.14,0.0002,-0.0002,5.7234,0.00016
41.16,0.0002,-0.0002,5.7452,0.00016
41.18,0.0002,-0.0002,5.7676,0.00017
41.2,0.0002,-0.0002,5.7899,0.00017
41.22,0.0002,-0.0002,5.8118,0.00017
41.24,0.0002,-0.0002,5.8333,0.00018
41.26,0.0002,-0.0002,5.8544,0.00017
41.28,0.0002,-0.0002,5.8754,0.00015
41.3,0.0002,-0.0002,5.8963,0.00015
41.32,0.0002,-0.0002,5.9169,0.00016
41.34,0.0002,-0.0002,5.9369,0.00015
41.36,0.0002,-0.0002,5.9561,0.00016
41.38,0.0002,-0.0002,5.974,0.00016
41.4,0.0002,-0.0002,5.991,0.00014
41.42,0.0002,-0.0002,6.0083,0.00014
41.44,0.0002,-0.0002,6.0263,0.00016
41.46,0.0002,-0.0002,6.0449,0.00017
41.48,0.0002,-0.0002,6.0641,0.00016
41.5,0.0002,-0.0002,6.084,0.00015
41.52,0.0002,-0.0002,6.1046,0.00015
41.54,0.0002,-0.0002,6.1258,0.00016
41.56,0.0002,-0.0002,6.1478,0.00018
41.58,0.0002,-0.0002,6.17,0.00018
41.6,0.0002,-0.0002,6.1919,0.00018
41.62,0.0002,-0.0002,6.213,0.00018
41.64,0.0002,-0.0002,6.2335,0.00017
41.66,0.0002,-0.0002,6.254,0.00017
41.68,0.0002,-0.0002,6.2749,0.00018
41.7,0.0002,-0.0002,6.2959,0.00018
41.72,0.0002,-0.0002,6.3157,0.00016
41.74,0.0002,-0.0002,6.334,0.00016
41.76,0.0002,-0.0002,6.3518,0.00017
41.78,0.0002,-0.0002,6.3694,0.00016
41.8,0.0002,-0.0002,6.3869,0.00016
41.82,0.0002,-0.0002,6.4048,0.00016
41.84,0.0002,-0.0002,6.4233,0.00016
41.86,0.0002,-0.0002,6.4428,0.00017
41.88,0.0002,-0.0002,6.4633,0.00015
41.9,0.0002,-0.0002,6.4844,0.00016
41.92,0.0002,-0.0002,6.5064,0.00018
41.94,0.0002,-0.0002,6.5288,0.00018
41.96,0.0002,-0.0002,6.5509,0.00017
41.98,0.0002,-0.0002,6.5725,0.00016
42,0.0002,-0.0002,6.5937,0.00017
42.02,0.0002,-0.0002,6.6144,0.00016
42.04,0.0002,-0.0002,6.6351,0.00015
42.06,0.0002,-0.0002,6.6557,0.00015
42.08,0.0002,-0.0002,6.6759,0.00017
42.1,0.0002,-0.0002,6.6952,0.00016
42.12,0.0002,-0.0002,6.7133,0.00014
42.14,0.0002,-0.0002,6.7307,0.00013
42.16,0.0002,-0.0002,6.7481,0.00013
42.18,0.0002,-0.0002,6.766,0.00012
42.2,0.0002,-0.0002,6.7846,0.00014
42.22,0.0002,-0.0002,6.8037,0.00015
42.24,0.0002,-0.0002,6.8232,0.00015
42.26,0.0002,-0.0002,6.8433,0.00015
42.28,0.0002,-0.0002,6.8644,0.00017
42.3,0.0002,-0.0002,6.8862,0.00017
42.32,0.0002,-0.0002,6.9083,0.00016
42.34,0.0002,-0.0002,6.9301,0.00016
42.36,0.0002,-0.0002,6.9513,0.00015
42.38,0.0002,-0.0002,6.9718,0.00015
42.4,0.0002,-0.0002,6.9923,0.00016
42.42,0.0002,-0.0002,7.0136,0.00016
42.44,0.0002,-0.0002,7.0349,0.00016
42.46,0.0002,-0.0002,7.0549,0.00015
42.48,0.0002,-0.0002,7.0736,0.00014
42.5,0.0002,-0.0002,7.0916,0.00015
42.52,0.0002,-0.0002,7.1089,0.00014
42.54,0.0002,-0.0002,7.1263,0.00013
42.56,0.0002,-0.0002,7.1445,0.00015
42.58,0.0002,-0.0002,7.1634,0.00016
42.6,0.0002,-0.0002,7.1826,0.00015
42.62,0.0002,-0.0002,7.2029,0.00015
42.64,0.0002,-0.0002,7.2238,0.00014
42.66,0.0002,-0.0002,7.2454,0.00014
42.68,0.0002,-0.0002,7.2678,0.00015
42.7,0.0002,-0.0002,7.2904,0.00016
42.72,0.0002,-0.0002,7.3128,0.00015
42.74,0.0002,-0.0002,7.3343,0.00015
42.76,0.0002,-0.0002,7.355,0.00015
42.78,0.0002,-0.0002,7.3754,0.00016
42.8,0.0002,-0.0002,7.3962,0.00016
42.82,0.0002,-0.0002,7.4171,0.00017
42.84,0.0002,-0.0002,7.4372,0.00015
42.86,0.0002,-0.0002,7.4559,0.00013
42.88,0.0002,-0.0002,7.4732,0.00013
42.9,0.0002,-0.0002,7.4902,0.00014
42.92,0.0002,-0.0002,7.5077,0.00015
42.94,0.0002,-0.0002,7.5259,0.00016
42.96,0.0002,-0.0002,7.5446,0.00016
42.98,0.0002,-0.0002,7.5636,0.00016
43,0.0002,-0.0002,7.5831,0.00015
43.02,0.0002,-0.0002,7.6032,0.00015
43.04,0.0002,-0.0002,7.624,0.00016
43.06,0.0002,-0.0002,7.6459,0.00017
43.08,0.0002,-0.0002,7.6681,0.00018
43.1,0.0002,-0.0002,7.6899,0.00017
43.12,0.0002,-0.0002,7.711,0.00016
43.14,0.0002,-0.0002,7.7318,0.00015
43.16,0.0002,-0.0002,7.7527,0.00016
43.18,0.0002,-0.0002,7.7736,0.00015
43.2,0.0002,-0.0002,7.794,0.00015
43.22,0.0002,-0.0002,7.8136,0.00016
43.24,0.0002,-0.0002,7.8321,0.00016
43.26,0.0002,-0.0002,7.8498,0.00017
43.28,0.0002,-0.0002,7.867,0.00016
43.3,0.0002,-0.0002,7.8845,0.00015
43.32,0.0002,-0.0002,7.9028,0.00015
43.34,0.0002,-0.0002,7.922,0.00016
43.36,0.0002,-0.0002,7.9417,0.00016
43.38,0.0002,-0.0002,7.9615,0.00015
43.4,0.0002,-0.0002,7.9824,0.00016
43.42,0.0002,-0.0002,8.005,0.00016
43.44,0.0002,-0.0002,8.0277,0.00017
43.46,0.0002,-0.0002,8.0504,0.00018
43.48,0.0002,-0.0002,8.0733,0.00018
43.5,0.0002,-0.0002,8.0953,0.00018
43.52,0.0002,-0.0002,8.1161,0.00016
43.54,0.0002,-0.0002,8.1362,0.00016
43.56,0.0002,-0.0002,8.1566,0.00016
43.58,0.0002,-0.0002,8.177,0.00016
43.6,0.0002,-0.0002,8.1965,0.00016
43.62,0.0002,-0.0002,8.2146,0.00016
43.64,0.0002,-0.0002,8.2318,0.00017
43.66,0.0002,-0.0002,8.2491,0.00017
43.68,0.0002,-0.0002,8.2666,0.00016
43.7,0.0002,-0.0002,8.2843,0.00015
43.72,0.0002,-0.0002,8.303,0.00018
43.74,0.0002,-0.0002,8.3228,0.00017
43.76,0.0002,-0.0002,8.343,0.00018
43.78,0.0002,-0.0002,8.3639,0.00019
43.8,0.0002,-0.0002,8.3857,0.00017
43.82,0.0002,-0.0002,8.4076,0.00017
43.84,0.0002,-0.0002,8.4293,0.00017
43.86,0.0002,-0.0002,8.4508,0.00018
43.88,0.0002,-0.0002,8.4717,0.00018
43.9,0.0002,-0.0002,8.4923,0.00018
43.92,0.0002,-0.0002,8.5134,0.00019
43.94,0.0002,-0.0002,8.5342,0.00018
43.96,0.0002,-0.0002,8.5542,0.00017
43.98,0.0002,-0.0002,8.5731,0.00016
44,0.0002,-0.0002,8.5913,0.00017
44.02,0.0002,-0.0002,8.6087,0.00017
44.04,0.0002,-0.0002,8.6256,0.00016
44.06,0.0002,-0.0002,8.643,0.00017
44.08,0.0002,-0.0002,8.6617,0.00017
44.1,0.0002,-0.0002,8.6812,0.00018
44.12,0.0002,-0.0002,8.7009,0.00018
44.14,0.0002,-0.0002,8.7217,0.00019
44.16,0.0002,-0.0002,8.7433,0.00019
44.18,0.0002,-0.0002,8.7653,0.00017
44.2,0.0002,-0.0002,8.7874,0.00016
44.22,0.0002,-0.0002,8.809,0.00016
44.24,0.0002,-0.0002,8.8304,0.00017
44.26,0.0002,-0.0002,8.8518,0.00017
44.28,0.0002,-0.0002,8.873,0.00016
44.3,0.0002,-0.0002,8.8936,0.00015
44.32,0.0002,-0.0002,8.9144,0.00015
44.34,0.0002,-0.0002,8.9352,0.00016
44.36,0.0002,-0.0002,8.955,0.00016
44.38,0.0002,-0.0002,8.9729,0.00014
44.4,0.0002,-0.0002,8.9899,0.00013
44.42,0.0002,-0.0002,9.0068,0.00013
44.44,0.0002,-0.0002,9.0243,0.00014
44.46,0.0002,-0.0002,9.0426,0.00014
44.48,0.0002,-0.0002,9.0621,0.00014
44.5,0.0002,-0.0002,9.0824,0.00014
44.52,0.0002,-0.0002,9.1031,0.00016
44.54,0.0002,-0.0002,9.1245,0.00015
44.56,0.0002,-0.0002,9.1466,0.00016
44.58,0.0002,-0.0002,9.1689,0.00015
44.6,0.0002,-0.0002,9.1909,0.00015
44.62,0.0002,-0.0002,9.2124,0.00014
44.64,0.0002,-0.0002,9.2333,0.00014
44.66,0.0002,-0.0002,9.2536,0.00014
44.68,0.0002,-0.0002,9.2742,0.00014
44.7,0.0002,-0.0002,9.2948,0.00015
44.72,0.0002,-0.0002,9.3145,0.00015
44.74,0.0002,-0.0002,9.3331,0.00014
44.76,0.0002,-0.0001,9.3508,0.00015
44.78,0.0002,-0.0002,9.3683,0.00014
44.8,0.0002,-0.0002,9.3858,0.00014
44.82,0.0002,-0.0002,9.4039,0.00014
44.84,0.0002,-0.0002,9.4229,0.00015
44.86,0.0002,-0.0002,9.4427,0.00016
44.88,0.0002,-0.0002,9.4632,0.00016
44.9,0.0002,-0.0002,9.4845,0.00017
44.92,0.0002,-0.0002,9.5067,0.00016
44.94,0.0002,-0.0002,9.5296,0.00016
44.96,0.0002,-0.0002,9.5522,0.00015
44.98,0.0002,-0.0002,9.5742,0.00015
45,0.0002,-0.0002,9.5954,0.00015
45.02,0.0002,-0.0002,9.6161,0.00013
45.04,0.0002,-0.0002,9.6368,0.00012
45.06,0.0002,-0.0002,9.6573,0.00014
45.08,0.0002,-0.0002,9.677,0.00014
45.1,0.0002,-0.0002,9.6963,0.00015
45.12,0.0002,-0.0002,9.7153,0.00014
45.14,0.0002,-0.0002,9.7331,0.00014
45.16,0.0002,-0.0002,9.7498,0.00014
45.18,0.0002,-0.0002,9.7674,0.00015
45.2,0.0002,-0.0002,9.7867,0.00015
45.22,0.0002,-0.0002,9.8064,0.00015
45.24,0.0002,-0.0002,9.8259,0.00014
45.26,0.0002,-0.0002,9.8455,0.00014
45.28,0.0002,-0.0002,9.8659,0.00016
45.3,0.0002,-0.0002,9.8875,0.00017
45.32,0.0002,-0.0001,9.9094,0.00017
45.34,0.0002,-0.0001,9.9307,0.00016
45.36,0.0002,-0.0002,9.9519,0.00016
45.38,0.0002,-0.0001,9.9729,0.00017
45.4,0.0002,-0.0002,9.9934,0.00015
45.42,0.0002,-0.0002,10.007,0.00013
45.44,0.0002,-0.0001,10.0116,0.00008
45.46,0.0002,-0.0002,10.0118,0.00004
45.48,0.0002,-0.0002,10.0111,0.00002
45.5,0.0002,-0.0002,10.0107,0.00002
45.52,0.0002,-0.0002,10.0106,0.00002
45.54,0.0002,-0.0002,10.0107,0.00002
45.56,0.0002,-0.0002,10.0107,0.00001
45.561,0.0002,-0.0002,10.0107,0.00001
45.581,0.0002,-0.0002,10.0107,0.00004
52.884,0.0002,-0.0002,0,-0.00041
52.904,0.0002,-0.0002,0,-0.00041
52.924,0.0002,-0.0002,0,-0.00041
52.944,0.0002,-0.0002,0,-0.00042
52.964,0.0002,-0.0002,0,-0.00042
52.984,0.0002,-0.0002,0,-0.00043
53.004,0.0002,-0.0002,0,-0.00043
53.024,0.0002,-0.0002,0.0001,-0.00043
53.044,0.0002,-0.0002,0.0009,-0.00042
53.064,0.0002,-0.0002,0.0083,-0.00041
53.084,0.0002,-0.0002,0.0271,-0.00039
53.104,0.0002,-0.0002,0.0468,-0.00039
53.124,0.0002,-0.0002,0.0665,-0.00039
53.144,0.0002,-0.0002,0.0877,-0.00038
53.164,0.0002,-0.0002,0.1097,-0.00039
53.184,0.0002,-0.0002,0.1326,-0.00038
53.204,0.0002,-0.0002,0.1561,-0.00039
53.224,0.0002,-0.0002,0.1795,-0.00038
53.244,0.0002,-0.0002,0.2024,-0.00038
53.264,0.0002,-0.0002,0.2245,-0.00038
53.284,0.0002,-0.0002,0.2459,-0.00039
53.304,0.0002,-0.0002,0.2674,-0.00039
53.324,0.0002,-0.0002,0.2888,-0.00038
53.344,0.0002,-0.0002,0.3095,-0.00038
53.364,0.0002,-0.0002,0.3287,-0.00039
53.384,0.0002,-0.0002,0.3469,-0.00038
53.404,0.0002,-0.0002,0.3647,-0.00037
53.424,0.0002,-0.0002,0.3825,-0.00038
53.444,0.0002,-0.0002,0.4008,-0.00037
53.464,0.0002,-0.0002,0.4197,-0.00037
53.484,0.0002,-0.0002,0.439,-0.00037
53.504,0.0002,-0.0002,0.459,-0.00038
53.524,0.0002,-0.0002,0.48,-0.00038
53.544,0.0002,-0.0002,0.502,-0.00038
53.564,0.0002,-0.0002,0.5247,-0.00038
53.584,0.0002,-0.0002,0.5476,-0.00037
53.604,0.0002,-0.0002,0.5702,-0.00038
53.624,0.0002,-0.0002,0.591,-0.00037
53.644,0.0002,-0.0002,0.6099,-0.00037
53.664,0.0002,-0.0002,0.6283,-0.00036
53.684,0.0002,-0.0002,0.6458,-0.0003
53.704,0.0002,-0.0002,0.6635,-0.0001
53.724,0.0002,-0.0002,0.6829,0.00013
53.744,0.0002,-0.0002,0.7022,0.00023
53.764,0.0002,-0.0002,0.7203,0.00027
53.784,0.0002,-0.0002,0.738,0.00029
53.804,0.0002,-0.0002,0.7561,0.0003
53.824,0.0002,-0.0002,0.7748,0.00029
53.844,0.0002,-0.0002,0.7936,0.0003
53.864,0.0002,-0.0002,0.8127,0.00031
53.884,0.0002,-0.0002,0.8328,0.0003
53.904,0.0002,-0.0002,0.8539,0.00029
53.924,0.0002,-0.0002,0.8758,0.00029
53.944,0.0002,-0.0002,0.8983,0.00029
53.964,0.0002,-0.0002,0.9207,0.0003
53.984,0.0002,-0.0002,0.9426,0.00029
54.004,0.0002,-0.0002,0.964,0.00029
54.024,0.0002,-0.0002,0.9852,0.00028
54.044,0.0002,-0.0002,1.0065,0.00027
54.064,0.0002,-0.0002,1.0277,0.00027
54.084,0.0002,-0.0002,1.0487,0.00026
54.104,0.0002,-0.0002,1.0688,0.00026
54.124,0.0002,-0.0002,1.0876,0.00025
54.144,0.0002,-0.0002,1.105,0.00025
54.164,0.0002,-0.0002,1.1222,0.00026
54.184,0.0002,-0.0002,1.1405,0.00026
54.204,0.0002,-0.0002,1.1596,0.00027
54.224,0.0002,-0.0002,1.1791,0.00027
54.244,0.0002,-0.0002,1.1996,0.00028
54.264,0.0002,-0.0002,1.2211,0.00027
54.284,0.0002,-0.0002,1.243,0.00027
54.304,0.0002,-0.0002,1.2655,0.00027
54.324,0.0002,-0.0002,1.2881,0.00027
54.344,0.0002,-0.0002,1.3104,0.00027
54.364,0.0002,-0.0002,1.3324,0.00027
54.384,0.0002,-0.0002,1.3535,0.00026
54.404,0.0002,-0.0002,1.3742,0.00025
54.424,0.0002,-0.0002,1.3947,0.00026
54.444,0.0002,-0.0002,1.415,0.00025
54.464,0.0002,-0.0002,1.4354,0.00025
54.484,0.0002,-0.0002,1.4546,0.00024
54.504,0.0002,-0.0002,1.4723,0.00024
54.524,0.0002,-0.0002,1.4894,0.00024
54.544,0.0002,-0.0002,1.5068,0.00024
54.564,0.0002,-0.0002,1.5245,0.00025
54.584,0.0002,-0.0002,1.5428,0.00024
54.604,0.0002,-0.0002,1.562,0.00025
54.624,0.0002,-0.0002,1.5819,0.00025
54.644,0.0002,-0.0002,1.6023,0.00026
54.664,0.0002,-0.0002,1.6234,0.00026
54.684,0.0002,-0.0002,1.6455,0.00025
54.704,0.0002,-0.0002,1.668,0.00024
54.724,0.0002,-0.0002,1.6903,0.00023
54.744,0.0002,-0.0002,1.7113,0.00023
54.764,0.0002,-0.0002,1.7315,0.00024
54.784,0.0002,-0.0002,1.7519,0.00024
54.804,0.0002,-0.0002,1.7731,0.00024
54.824,0.0002,-0.0002,1.7941,0.00023
54.844,0.0002,-0.0002,1.8137,0.00023
54.864,0.0002,-0.0002,1.8316,0.00023
54.884,0.0002,-0.0002,1.8487,0.00024
54.904,0.0002,-0.0002,1.8659,0.00022
54.924,0.0002,-0.0002,1.8837,0.00023
54.944,0.0002,-0.0002,1.9025,0.00022
54.964,0.0002,-0.0002,1.9219,0.00022
54.984,0.0002,-0.0002,1.9415,0.00024
55.004,0.0002,-0.0002,1.9609,0.00023
55.024,0.0002,-0.0002,1.9816,0.00021
55.044,0.0002,-0.0002,2.004,0.00021
55.064,0.0002,-0.0002,2.0263,0.00021
55.084,0.0002,-0.0002,2.0485,0.00022
55.104,0.0002,-0.0002,2.0714,0.00025
55.124,0.0002,-0.0002,2.0933,0.00023
55.144,0.0002,-0.0002,2.1137,0.00023
55.164,0.0002,-0.0002,2.1338,0.00022
55.184,0.0002,-0.0002,2.1542,0.00023
55.204,0.0002,-0.0002,2.1745,0.00022
55.224,0.0002,-0.0002,2.1939,0.00021
55.244,0.0002,-0.0002,2.2122,0.0002
55.264,0.0002,-0.0002,2.2297,0.0002
55.284,0.0002,-0.0002,2.2471,0.00021
55.304,0.0002,-0.0002,2.2649,0.00021
55.324,0.0002,-0.0002,2.2832,0.00022
55.344,0.0002,-0.0002,2.3022,0.00022
55.364,0.0002,-0.0002,2.3215,0.00021
55.384,0.0002,-0.0002,2.3412,0.00022
55.404,0.0002,-0.0002,2.3615,0.00023
55.424,0.0002,-0.0002,2.3833,0.00023
55.444,0.0002,-0.0002,2.4059,0.00021
55.464,0.0002,-0.0002,2.4282,0.00021
55.484,0.0002,-0.0002,2.4499,0.0002
55.504,0.0002,-0.0002,2.4708,0.0002
55.524,0.0002,-0.0002,2.4915,0.00019
55.544,0.0002,-0.0002,2.5125,0.0002
55.564,0.0002,-0.0002,2.5334,0.0002
55.584,0.0002,-0.0002,2.5537,0.00021
55.604,0.0002,-0.0002,2.5729,0.00021
55.624,0.0002,-0.0002,2.591,0.00021
55.644,0.0002,-0.0002,2.6085,0.0002
55.664,0.0002,-0.0002,2.6259,0.00019
55.684,0.0002,-0.0002,2.6437,0.00019
55.704,0.0002,-0.0002,2.6618,0.0002
55.724,0.0002,-0.0002,2.6804,0.00021
55.744,0.0002,-0.0002,2.6996,0.00021
55.764,0.0002,-0.0002,2.7201,0.00021
55.784,0.0002,-0.0002,2.7421,0.00022
55.804,0.0002,-0.0002,2.7649,0.0002
55.824,0.0002,-0.0002,2.7879,0.0002
55.844,0.0002,-0.0002,2.8102,0.0002
55.864,0.0002,-0.0002,2.832,0.00021
55.884,0.0002,-0.0002,2.8534,0.00021
55.904,0.0002,-0.0002,2.8739,0.0002
55.924,0.0002,-0.0002,2.8938,0.0002
55.944,0.0002,-0.0002,2.9147,0.00021
55.964,0.0002,-0.0002,2.9358,0.00021
55.984,0.0002,-0.0002,2.9549,0.0002
56.004,0.0002,-0.0002,2.9725,0.00019
56.024,0.0002,-0.0002,2.9895,0.0002
56.044,0.0002,-0.0002,3.007,0.00019
56.064,0.0002,-0.0002,3.0249,0.00019
56.084,0.0002,-0.0002,3.0435,0.00021
56.104,0.0002,-0.0002,3.0622,0.00022
56.124,0.0002,-0.0002,3.0814,0.00022
56.144,0.0002,-0.0002,3.1018,0.00022
56.164,0.0002,-0.0002,3.123,0.00022
56.184,0.0002,-0.0002,3.1447,0.00022
56.204,0.0002,-0.0002,3.1664,0.00021
56.224,0.0002,-0.0002,3.1881,0.0002
56.244,0.0002,-0.0002,3.2094,0.0002
56.264,0.0002,-0.0002,3.2303,0.0002
56.284,0.0002,-0.0002,3.2508,0.00021
56.304,0.0002,-0.0002,3.2714,0.0002
56.324,0.0002,-0.0002,3.2918,0.00021
56.344,0.0002,-0.0002,3.3117,0.00021
56.364,0.0002,-0.0002,3.3305,0.0002
56.384,0.0002,-0.0002,3.3484,0.00021
56.404,0.0002,-0.0002,3.366,0.00021
56.424,0.0002,-0.0002,3.3838,0.0002
56.444,0.0002,-0.0002,3.4019,0.0002
56.464,0.0002,-0.0002,3.4208,0.0002
56.484,0.0002,-0.0002,3.4402,0.00022
56.504,0.0002,-0.0002,3.4602,0.00021
56.524,0.0002,-0.0002,3.4813,0.00021
56.544,0.0002,-0.0002,3.5033,0.0002
56.564,0.0002,-0.0002,3.5259,0.00019
56.584,0.0002,-0.0002,3.5484,0.00021
56.604,0.0002,-0.0002,3.5706,0.00022
56.624,0.0002,-0.0002,3.592,0.00021
56.644,0.0002,-0.0002,3.613,0.00019
56.664,0.0002,-0.0002,3.6338,0.00019
56.684,0.0002,-0.0002,3.6544,0.00019
56.704,0.0002,-0.0002,3.6747,0.00021
56.724,0.0002,-0.0002,3.6946,0.00022
56.744,0.0002,-0.0002,3.7134,0.0002
56.764,0.0002,-0.0002,3.731,0.00019
56.784,0.0002,-0.0002,3.748,0.00017
56.804,0.0002,-0.0002,3.7655,0.00019
56.824,0.0002,-0.0002,3.7841,0.00019
56.844,0.0002,-0.0002,3.8031,0.0002
56.864,0.0002,-0.0002,3.8225,0.0002
56.884,0.0002,-0.0002,3.8424,0.00021
56.904,0.0002,-0.0002,3.8631,0.00021
56.924,0.0002,-0.0002,3.885,0.0002
56.944,0.0002,-0.0002,3.9072,0.00021
56.964,0.0002,-0.0002,3.9291,0.0002
56.984,0.0002,-0.0002,3.9505,0.0002
57.004,0.0002,-0.0002,3.9714,0.00021
57.024,0.0002,-0.0002,3.9919,0.00021
57.044,0.0002,-0.0002,4.0124,0.0002
57.064,0.0002,-0.0002,4.033,0.00021
57.084,0.0002,-0.0002,4.0531,0.00021
57.104,0.0002,-0.0002,4.0724,0.0002
57.124,0.0002,-0.0002,4.0907,0.00019
57.144,0.0002,-0.0002,4.1081,0.0002
57.164,0.0002,-0.0002,4.1252,0.00019
57.184,0.0002,-0.0002,4.1427,0.00019
57.204,0.0002,-0.0002,4.1608,0.00019
57.224,0.0002,-0.0002,4.1796,0.00019
57.244,0.0002,-0.0002,4.1992,0.0002
57.264,0.0002,-0.0002,4.2197,0.0002
57.284,0.0002,-0.0002,4.2415,0.0002
57.304,0.0002,-0.0002,4.2642,0.00019
57.324,0.0002,-0.0002,4.2867,0.00019
57.344,0.0002,-0.0002,4.3087,0.00019
57.364,0.0002,-0.0002,4.3303,0.00018
57.384,0.0002,-0.0002,4.3513,0.00017
57.404,0.0002,-0.0002,4.3719,0.00018
57.424,0.0002,-0.0002,4.3925,0.00019
57.444,0.0002,-0.0002,4.4132,0.00019
57.464,0.0002,-0.0002,4.4332,0.00019
57.484,0.0002,-0.0002,4.4524,0.00019
57.504,0.0002,-0.0002,4.4705,0.00018
57.524,0.0002,-0.0002,4.4879,0.00019
57.544,0.0002,-0.0002,4.5054,0.00018
57.564,0.0002,-0.0002,4.5235,0.00019
57.584,0.0002,-0.0002,4.542,0.00019
57.604,0.0002,-0.0002,4.5613,0.0002
57.624,0.0002,-0.0002,4.5813,0.00019
57.644,0.0002,-0.0002,4.6017,0.0002
57.664,0.0002,-0.0002,4.6234,0.0002
57.684,0.0002,-0.0002,4.6463,0.00019
57.704,0.0002,-0.0002,4.6684,0.00017
57.724,0.0002,-0.0002,4.6898,0.00017
57.744,0.0002,-0.0002,4.7111,0.00018
57.764,0.0002,-0.0002,4.7319,0.00019
57.784,0.0002,-0.0002,4.7526,0.00018
57.804,0.0002,-0.0002,4.7733,0.00018
57.824,0.0002,-0.0002,4.7937,0.00017
57.844,0.0002,-0.0002,4.8133,0.00017
57.864,0.0002,-0.0002,4.8319,0.00018
57.884,0.0002,-0.0002,4.8496,0.00017
57.904,0.0002,-0.0002,4.8669,0.00017
57.924,0.0002,-0.0002,4.8846,0.00017
57.944,0.0002,-0.0002,4.9025,0.00018
57.964,0.0002,-0.0002,4.9207,0.00019
57.984,0.0002,-0.0002,4.9396,0.00019
58.004,0.0002,-0.0002,4.9599,0.00019
58.024,0.0002,-0.0002,4.9816,0.0002
58.044,0.0002,-0.0002,5.004,0.0002
58.064,0.0002,-0.0002,5.0263,0.00018
58.084,0.0002,-0.0002,5.0487,0.00018
58.104,0.0002,-0.0002,5.0709,0.00017
58.124,0.0002,-0.0002,5.0926,0.00017
58.144,0.0002,-0.0002,5.1137,0.00018
58.164,0.0002,-0.0002,5.1343,0.00018
58.184,0.0002,-0.0002,5.1548,0.00016
58.204,0.0002,-0.0002,5.1755,0.00017
58.224,0.0002,-0.0002,5.1952,0.00016
58.244,0.0002,-0.0002,5.2134,0.00017
58.264,0.0002,-0.0002,5.2307,0.00016
58.284,0.0002,-0.0002,5.2479,0.00018
58.304,0.0002,-0.0002,5.2655,0.00017
58.324,0.0002,-0.0002,5.2838,0.00017
58.344,0.0002,-0.0002,5.3027,0.00016
58.364,0.0002,-0.0002,5.3221,0.00017
58.384,0.0002,-0.0002,5.3421,0.00018
58.404,0.0002,-0.0002,5.363,0.00018
58.424,0.0002,-0.0002,5.3844,0.00017
58.444,0.0002,-0.0002,5.4062,0.00016
58.464,0.0002,-0.0002,5.4284,0.00017
58.484,0.0002,-0.0002,5.4502,0.00016
58.504,0.0002,-0.0002,5.4713,0.00016
58.524,0.0002,-0.0002,5.4926,0.00017
58.544,0.0002,-0.0002,5.5138,0.00018
58.564,0.0002,-0.0002,5.5343,0.00017
58.584,0.0002,-0.0002,5.5539,0.00016
58.604,0.0002,-0.0002,5.5724,0.00016
58.624,0.0002,-0.0002,5.5902,0.00015
58.644,0.0002,-0.0002,5.6076,0.00015
58.664,0.0002,-0.0002,5.6249,0.00017
58.684,0.0002,-0.0002,5.6429,0.00017
58.704,0.0002,-0.0002,5.6616,0.00017
58.724,0.0002,-0.0002,5.6808,0.00017
58.744,0.0002,-0.0002,5.7007,0.00017
58.764,0.0002,-0.0002,5.7215,0.00019
58.784,0.0002,-0.0002,5.7431,0.00018
58.804,0.0002,-0.0002,5.7655,0.00019
58.824,0.0002,-0.0002,5.788,0.00017
58.844,0.0002,-0.0002,5.8099,0.00017
58.864,0.0002,-0.0002,5.8313,0.00017
58.884,0.0002,-0.0002,5.8524,0.00017
58.904,0.0002,-0.0002,5.8734,0.00017
58.924,0.0002,-0.0002,5.8944,0.00018
58.944,0.0002,-0.0002,5.9152,0.00018
58.964,0.0002,-0.0002,5.9352,0.00016
58.984,0.0002,-0.0002,5.9543,0.00015
59.004,0.0002,-0.0002,5.9721,0.00015
59.024,0.0002,-0.0002,5.9891,0.00015
59.044,0.0002,-0.0002,6.0065,0.00016
59.064,0.0002,-0.0002,6.0246,0.00017
59.084,0.0002,-0.0002,6.0434,0.00016
59.104,0.0002,-0.0002,6.0625,0.00015
59.124,0.0002,-0.0002,6.0821,0.00016
59.144,0.0002,-0.0002,6.1025,0.00017
59.164,0.0002,-0.0002,6.1237,0.00017
59.184,0.0002,-0.0002,6.1455,0.00017
59.204,0.0002,-0.0002,6.1677,0.00017
59.224,0.0002,-0.0002,6.1898,0.00017
59.244,0.0002,-0.0002,6.2109,0.00017
59.264,0.0002,-0.0002,6.2315,0.00016
59.284,0.0002,-0.0002,6.252,0.00017
59.304,0.0002,-0.0002,6.2729,0.00017
59.324,0.0002,-0.0002,6.2941,0.00015
59.344,0.0002,-0.0002,6.314,0.00017
59.364,0.0002,-0.0002,6.3323,0.00017
59.384,0.0002,-0.0002,6.3501,0.00016
59.404,0.0002,-0.0002,6.3677,0.00016
59.424,0.0002,-0.0002,6.3851,0.00017
59.444,0.0002,-0.0002,6.4029,0.00018
59.464,0.0002,-0.0002,6.4214,0.00016
59.484,0.0002,-0.0002,6.4409,0.00016
59.504,0.0002,-0.0002,6.4614,0.00015
59.524,0.0002,-0.0002,6.4824,0.00015
59.544,0.0002,-0.0002,6.5043,0.00015
59.564,0.0002,-0.0002,6.5266,0.00017
59.584,0.0002,-0.0002,6.5487,0.00018
59.604,0.0002,-0.0002,6.5704,0.00018
59.624,0.0002,-0.0002,6.5916,0.00016
59.644,0.0002,-0.0002,6.6125,0.00014
59.664,0.0002,-0.0002,6.6331,0.00014
59.684,0.0002,-0.0002,6.6536,0.00014
59.704,0.0002,-0.0002,6.6739,0.00016
59.724,0.0002,-0.0002,6.6933,0.00016
59.744,0.0002,-0.0002,6.7117,0.00015
59.764,0.0002,-0.0002,6.7292,0.00015
59.784,0.0002,-0.0002,6.7465,0.00015
59.804,0.0002,-0.0002,6.7645,0.00015
59.824,0.0002,-0.0002,6.7829,0.00015
59.844,0.0002,-0.0002,6.8018,0.00016
59.864,0.0002,-0.0002,6.8212,0.00014
59.884,0.0002,-0.0002,6.8414,0.00013
59.904,0.0002,-0.0002,6.8624,0.00012
59.924,0.0002,-0.0002,6.8841,0.00012
59.944,0.0002,-0.0002,6.9061,0.00013
59.964,0.0002,-0.0002,6.9281,0.00015
59.984,0.0002,-0.0002,6.9495,0.00015
60.004,0.0002,-0.0002,6.97,0.00014
60.024,0.0002,-0.0002,6.9904,0.00014
60.044,0.0002,-0.0002,7.0119,0.00014
60.064,0.0002,-0.0002,7.0333,0.00014
60.084,0.0002,-0.0002,7.0531,0.00014
60.104,0.0002,-0.0002,7.0718,0.00014
60.124,0.0002,-0.0002,7.09,0.00015
60.144,0.0002,-0.0002,7.1073,0.00016
60.164,0.0002,-0.0002,7.1246,0.00014
60.184,0.0002,-0.0002,7.1428,0.00014
60.204,0.0002,-0.0002,7.1616,0.00016
60.224,0.0002,-0.0002,7.1807,0.00016
60.244,0.0002,-0.0002,7.2008,0.00015
60.264,0.0002,-0.0002,7.2218,0.00016
60.284,0.0002,-0.0002,7.2435,0.00015
60.304,0.0002,-0.0002,7.2659,0.00015
60.324,0.0002,-0.0002,7.2884,0.00015
60.344,0.0002,-0.0002,7.3108,0.00017
60.364,0.0002,-0.0002,7.3324,0.00016
60.384,0.0002,-0.0002,7.3531,0.00015
60.404,0.0002,-0.0002,7.3734,0.00015
60.424,0.0002,-0.0002,7.3941,0.00016
60.444,0.0002,-0.0002,7.4151,0.00016
60.464,0.0002,-0.0002,7.4353,0.00016
60.484,0.0002,-0.0002,7.4541,0.00016
60.504,0.0002,-0.0002,7.4715,0.00015
60.524,0.0002,-0.0002,7.4885,0.00016
60.544,0.0002,-0.0002,7.506,0.00015
60.564,0.0002,-0.0002,7.5242,0.00016
60.584,0.0002,-0.0002,7.5429,0.00016
60.604,0.0002,-0.0002,7.5618,0.00016
60.624,0.0002,-0.0002,7.5812,0.00014
60.644,0.0002,-0.0002,7.6012,0.00013
60.664,0.0002,-0.0002,7.6219,0.00016
60.684,0.0002,-0.0002,7.6436,0.00017
60.704,0.0002,-0.0002,7.6656,0.00017
60.724,0.0002,-0.0002,7.6878,0.00017
60.744,0.0002,-0.0002,7.7092,0.00015
60.764,0.0002,-0.0002,7.73,0.00013
60.784,0.0002,-0.0002,7.7509,0.00013
60.804,0.0002,-0.0002,7.7716,0.00014
60.824,0.0002,-0.0002,7.792,0.00013
60.844,0.0002,-0.0002,7.8117,0.00014
60.864,0.0002,-0.0002,7.8302,0.00015
60.884,0.0002,-0.0002,7.848,0.00016
60.904,0.0002,-0.0002,7.8652,0.00017
60.924,0.0002,-0.0002,7.8825,0.00015
60.944,0.0002,-0.0002,7.9008,0.00017
60.964,0.0002,-0.0002,7.92,0.00018
60.984,0.0002,-0.0002,7.9397,0.00017
61.004,0.0002,-0.0002,7.9596,0.00017
61.024,0.0002,-0.0002,7.9806,0.00017
61.044,0.0002,-0.0002,8.0031,0.00015
61.064,0.0002,-0.0002,8.0257,0.00016
61.084,0.0002,-0.0002,8.048,0.00017
61.104,0.0002,-0.0002,8.0706,0.00018
61.124,0.0002,-0.0002,8.0927,0.00016
61.144,0.0002,-0.0002,8.1134,0.00015
61.164,0.0002,-0.0002,8.1335,0.00016
61.184,0.0002,-0.0002,8.1536,0.00015
61.204,0.0002,-0.0002,8.1738,0.00016
61.224,0.0002,-0.0002,8.1933,0.00017
61.244,0.0002,-0.0002,8.2115,0.00016
61.264,0.0002,-0.0002,8.2288,0.00015
61.284,0.0002,-0.0002,8.2457,0.00016
61.304,0.0002,-0.0002,8.263,0.00016
61.324,0.0002,-0.0002,8.281,0.00016
61.344,0.0002,-0.0002,8.3001,0.00016
61.364,0.0002,-0.0002,8.3197,0.00016
61.384,0.0002,-0.0002,8.3394,0.00017
61.404,0.0002,-0.0002,8.3601,0.00017
61.424,0.0002,-0.0002,8.3819,0.00017
61.444,0.0002,-0.0002,8.404,0.00017
61.464,0.0002,-0.0002,8.4259,0.00018
61.484,0.0002,-0.0002,8.4474,0.00018
61.504,0.0002,-0.0002,8.4683,0.00016
61.524,0.0002,-0.0002,8.4887,0.00016
61.544,0.0002,-0.0002,8.5096,0.00016
61.564,0.0002,-0.0002,8.5305,0.00016
61.584,0.0002,-0.0002,8.5507,0.00016
61.604,0.0002,-0.0002,8.5701,0.00016
61.624,0.0002,-0.0002,8.5885,0.00015
61.644,0.0002,-0.0002,8.6062,0.00017
61.664,0.0002,-0.0002,8.6234,0.00016
61.684,0.0002,-0.0002,8.6408,0.00018
61.704,0.0002,-0.0002,8.6591,0.00018
61.724,0.0002,-0.0002,8.6788,0.00017
61.744,0.0002,-0.0002,8.699,0.00016
61.764,0.0002,-0.0002,8.7197,0.00017
61.784,0.0002,-0.0002,8.7411,0.00017
61.804,0.0002,-0.0002,8.7633,0.00016
61.824,0.0002,-0.0002,8.7858,0.00016
61.844,0.0002,-0.0002,8.8076,0.00017
61.864,0.0002,-0.0002,8.8293,0.00016
61.884,0.0002,-0.0002,8.851,0.00016
61.904,0.0002,-0.0002,8.8722,0.00015
61.924,0.0002,-0.0002,8.8925,0.00014
61.944,0.0002,-0.0002,8.9129,0.00013
61.964,0.0002,-0.0002,8.9338,0.00013
61.984,0.0002,-0.0002,8.9537,0.00014
62.004,0.0002,-0.0002,8.9718,0.00014
62.024,0.0002,-0.0002,8.9887,0.00015
62.044,0.0002,-0.0002,9.0056,0.00015
62.064,0.0002,-0.0002,9.023,0.00014
62.084,0.0002,-0.0002,9.0416,0.00014
62.104,0.0002,-0.0002,9.0613,0.00014
62.124,0.0002,-0.0002,9.0817,0.00014
62.144,0.0002,-0.0002,9.1023,0.00015
62.164,0.0002,-0.0002,9.1234,0.00015
62.184,0.0002,-0.0002,9.1455,0.00016
62.204,0.0002,-0.0002,9.168,0.00015
62.224,0.0002,-0.0002,9.19,0.00014
62.244,0.0002,-0.0002,9.2113,0.00014
62.264,0.0002,-0.0002,9.2321,0.00013
62.284,0.0002,-0.0002,9.2528,0.00013
62.304,0.0002,-0.0002,9.2736,0.00013
62.324,0.0002,-0.0002,9.294,0.00015
62.344,0.0002,-0.0002,9.3135,0.00014
62.364,0.0002,-0.0002,9.3319,0.00015
62.384,0.0002,-0.0002,9.3493,0.00015
62.404,0.0002,-0.0002,9.3667,0.00014
62.424,0.0002,-0.0002,9.3844,0.00014
62.444,0.0002,-0.0002,9.4024,0.00013
62.464,0.0002,-0.0002,9.4214,0.00015
62.484,0.0002,-0.0002,9.4413,0.00016
62.504,0.0002,-0.0002,9.4618,0.00017
62.524,0.0002,-0.0002,9.483,0.00016
62.544,0.0002,-0.0002,9.5051,0.00015
62.564,0.0002,-0.0002,9.5278,0.00015
62.584,0.0002,-0.0002,9.5503,0.00015
62.604,0.0002,-0.0002,9.5723,0.00013
62.624,0.0002,-0.0002,9.5937,0.00014
62.644,0.0002,-0.0002,9.6144,0.00015
62.664,0.0002,-0.0002,9.6352,0.00016
62.684,0.0002,-0.0002,9.6557,0.00015
62.704,0.0002,-0.0002,9.6757,0.00014
62.724,0.0002,-0.0002,9.6952,0.00013
62.744,0.0002,-0.0002,9.7141,0.00014
62.764,0.0002,-0.0002,9.7317,0.00014
62.784,0.0002,-0.0002,9.7484,0.00014
62.804,0.0002,-0.0002,9.7657,0.00015
62.824,0.0002,-0.0002,9.7847,0.00016
62.844,0.0002,-0.0002,9.8045,0.00015
62.864,0.0002,-0.0002,9.8242,0.00015
62.884,0.0002,-0.0002,9.8441,0.00016
62.904,0.0002,-0.0002,9.8645,0.00014
62.924,0.0002,-0.0002,9.8859,0.00013
62.944,0.0002,-0.0002,9.9073,0.00013
62.964,0.0002,-0.0002,9.9284,0.00015
62.984,0.0002,-0.0002,9.9497,0.00014
63.004,0.0002,-0.0002,9.9709,0.00013
63.024,0.0002,-0.0002,9.9916,0.00012
63.044,0.0002,-0.0002,10.006,0.00009
63.064,0.0002,-0.0002,10.0109,0.00006
63.084,0.0002,-0.0002,10.0115,0.00003
63.104,0.0002,-0.0002,10.0111,0.00002
63.124,0.0002,-0.0002,10.0108,0.00004
63.144,0.0002,-0.0002,10.0107,0.00004
63.164,0.0002,-0.0002,10.0107,0.00003
63.17,0.0002,-0.0002,10.0107,0.00002
63.171,0.0002,-0.0002,10.0107,0.00002
63.191,0.0002,-0.0002,10.0107,0.00002
70.513,0.0002,-0.0002,0,-0.00042
70.533,0.0002,-0.0002,0,-0.00041
70.553,0.0002,-0.0002,0,-0.0004
70.573,0.0002,-0.0002,0,-0.0004
70.593,0.0002,-0.0002,0,-0.00041
70.613,0.0002,-0.0002,0,-0.00042
70.633,0.0002,-0.0002,0,-0.00041
70.653,0.0002,-0.0002,0.0003,-0.00042
70.673,0.0002,-0.0002,0.0028,-0.00041
70.693,0.0002,-0.0002,0.0169,-0.0004
70.713,0.0002,-0.0002,0.0374,-0.00037
70.733,0.0002,-0.0002,0.0568,-0.00037
70.753,0.0002,-0.0002,0.0772,-0.00037
70.773,0.0002,-0.0002,0.0991,-0.00037
70.793,0.0002,-0.0002,0.1217,-0.00036
70.813,0.0002,-0.0002,0.145,-0.00038
70.833,0.0002,-0.0002,0.1686,-0.00038
70.853,0.0002,-0.0002,0.1918,-0.00037
70.873,0.0002,-0.0002,0.2141,-0.00037
70.893,0.0002,-0.0002,0.2356,-0.00037
70.913,0.0002,-0.0002,0.257,-0.00038
70.933,0.0002,-0.0002,0.2785,-0.00037
70.953,0.0002,-0.0002,0.2996,-0.00037
70.973,0.0002,-0.0002,0.3195,-0.00037
70.993,0.0002,-0.0002,0.3381,-0.00036
71.013,0.0002,-0.0002,0.3561,-0.00037
71.033,0.0002,-0.0002,0.3738,-0.00038
71.053,0.0002,-0.0002,0.3917,-0.00038
71.073,0.0002,-0.0002,0.4102,-0.00036
71.093,0.0002,-0.0002,0.4292,-0.00036
71.113,0.0002,-0.0002,0.4489,-0.00037
71.133,0.0002,-0.0002,0.4694,-0.00038
71.153,0.0002,-0.0002,0.491,-0.00038
71.173,0.0002,-0.0002,0.5134,-0.00039
71.193,0.0002,-0.0002,0.5362,-0.00038
71.213,0.0002,-0.0002,0.5591,-0.00038
71.233,0.0002,-0.0002,0.581,-0.00038
71.253,0.0002,-0.0002,0.6011,-0.00038
71.273,0.0002,-0.0002,0.6197,-0.00036
71.293,0.0002,-0.0002,0.6374,-0.00034
71.313,0.0002,-0.0002,0.6547,-0.0002
71.333,0.0002,-0.0002,0.6735,0.00005
71.353,0.0002,-0.0002,0.693,0.00021
71.373,0.0002,-0.0002,0.7112,0.00027
71.393,0.0002,-0.0002,0.7285,0.00027
71.413,0.0002,-0.0002,0.7466,0.00027
71.433,0.0002,-0.0002,0.7656,0.00027
71.453,0.0002,-0.0002,0.7844,0.00029
71.473,0.0002,-0.0002,0.8032,0.00031
71.493,0.0002,-0.0002,0.8228,0.0003
71.513,0.0002,-0.0002,0.8434,0.00029
71.533,0.0002,-0.0002,0.8646,0.0003
71.553,0.0002,-0.0002,0.8869,0.00029
71.573,0.0002,-0.0002,0.9095,0.00029
71.593,0.0002,-0.0002,0.9315,0.00026
71.613,0.0002,-0.0002,0.9528,0.00027
71.633,0.0002,-0.0002,0.974,0.00028
71.653,0.0002,-0.0002,0.9955,0.00028
71.673,0.0002,-0.0002,1.0169,0.00028
71.693,0.0002,-0.0002,1.0382,0.00029
71.713,0.0002,-0.0002,1.0588,0.00028
71.733,0.0002,-0.0002,1.0781,0.00027
71.753,0.0002,-0.0002,1.0962,0.00027
71.773,0.0002,-0.0002,1.1136,0.00026
71.793,0.0002,-0.0002,1.1313,0.00026
71.813,0.0002,-0.0002,1.1501,0.00028
71.833,0.0002,-0.0002,1.1693,0.00028
71.853,0.0002,-0.0002,1.1892,0.00027
71.873,0.0002,-0.0002,1.2105,0.00028
71.893,0.0002,-0.0002,1.2322,0.00027
71.913,0.0002,-0.0002,1.2541,0.00027
71.933,0.0002,-0.0002,1.2766,0.00027
71.953,0.0002,-0.0002,1.2991,0.00026
71.973,0.0002,-0.0002,1.3215,0.00026
71.993,0.0002,-0.0002,1.3431,0.00026
72.013,0.0002,-0.0002,1.3636,0.00027
72.033,0.0002,-0.0002,1.3842,0.00027
72.053,0.0002,-0.0002,1.405,0.00026
72.073,0.0002,-0.0002,1.4256,0.00026
72.093,0.0002,-0.0002,1.4452,0.00026
72.113,0.0002,-0.0002,1.4635,0.00024
72.133,0.0002,-0.0002,1.4808,0.00023
72.153,0.0002,-0.0002,1.4981,0.00024
72.173,0.0002,-0.0002,1.5157,0.00024
72.193,0.0002,-0.0002,1.5337,0.00024
72.213,0.0002,-0.0002,1.5525,0.00026
72.233,0.0002,-0.0002,1.5721,0.00026
72.253,0.0002,-0.0002,1.5923,0.00024
72.273,0.0002,-0.0002,1.613,0.00023
72.293,0.0002,-0.0002,1.6346,0.00023
72.313,0.0002,-0.0002,1.6571,0.00023
72.333,0.0002,-0.0002,1.6796,0.00023
72.353,0.0002,-0.0002,1.7013,0.00023
72.373,0.0002,-0.0002,1.7218,0.00022
72.393,0.0002,-0.0002,1.7421,0.00024
72.413,0.0002,-0.0002,1.763,0.00024
72.433,0.0002,-0.0002,1.7842,0.00023
72.453,0.0002,-0.0002,1.8046,0.00022
72.473,0.0002,-0.0002,1.8233,0.00022
72.493,0.0002,-0.0002,1.8409,0.00021
72.513,0.0002,-0.0002,1.858,0.00021
72.533,0.0002,-0.0002,1.8751,0.00021
72.553,0.0002,-0.0002,1.8933,0.00022
72.573,0.0002,-0.0002,1.9121,0.00022
72.593,0.0002,-0.0002,1.9315,0.00022
72.613,0.0002,-0.0002,1.9509,0.00022
72.633,0.0002,-0.0002,1.9707,0.00022
72.653,0.0002,-0.0002,1.9926,0.00023
72.673,0.0002,-0.0002,2.0156,0.00024
72.693,0.0002,-0.0002,2.0378,0.00024
72.713,0.0002,-0.0002,2.0605,0.00023
72.733,0.0002,-0.0002,2.0831,0.00023
72.753,0.0002,-0.0002,2.1039,0.00022
72.773,0.0002,-0.0002,2.1239,0.00022
72.793,0.0002,-0.0002,2.144,0.00021
72.813,0.0002,-0.0002,2.1645,0.00022
72.833,0.0002,-0.0002,2.1846,0.00022
72.853,0.0002,-0.0002,2.2037,0.00021
72.873,0.0002,-0.0002,2.2217,0.00021
72.893,0.0002,-0.0002,2.239,0.0002
72.913,0.0002,-0.0002,2.2562,0.00021
72.933,0.0002,-0.0002,2.2741,0.00021
72.953,0.0002,-0.0002,2.2928,0.00019
72.973,0.0002,-0.0002,2.312,0.00019
72.993,0.0002,-0.0002,2.3314,0.00019
73.013,0.0002,-0.0002,2.3517,0.0002
73.033,0.0002,-0.0002,2.373,0.00019
73.053,0.0002,-0.0002,2.3947,0.0002
73.073,0.0002,-0.0002,2.4166,0.00022
73.093,0.0002,-0.0002,2.4388,0.00022
73.113,0.0002,-0.0002,2.4605,0.00021
73.133,0.0002,-0.0002,2.4814,0.00021
73.153,0.0002,-0.0002,2.5022,0.00022
73.173,0.0002,-0.0002,2.5232,0.00021
73.193,0.0002,-0.0002,2.5437,0.0002
73.213,0.0002,-0.0002,2.5635,0.0002
73.233,0.0002,-0.0002,2.5822,0.00021
73.253,0.0002,-0.0002,2.6,0.00021
73.273,0.0002,-0.0002,2.6173,0.00021
73.293,0.0002,-0.0002,2.6347,0.00018
73.313,0.0002,-0.0002,2.6526,0.00018
73.333,0.0002,-0.0002,2.6714,0.00019
73.353,0.0002,-0.0002,2.6904,0.00019
73.373,0.0002,-0.0002,2.7102,0.00018
73.393,0.0002,-0.0002,2.7316,0.00019
73.413,0.0002,-0.0002,2.7537,0.00019
73.433,0.0002,-0.0002,2.7766,0.0002
73.453,0.0002,-0.0002,2.7991,0.00022
73.473,0.0002,-0.0002,2.8211,0.00022
73.493,0.0002,-0.0002,2.8428,0.00021
73.513,0.0002,-0.0002,2.8637,0.0002
73.533,0.0002,-0.0002,2.8839,0.00021
73.553,0.0002,-0.0002,2.9043,0.0002
73.573,0.0002,-0.0002,2.9256,0.00022
73.593,0.0002,-0.0002,2.9458,0.00021
73.613,0.0002,-0.0002,2.9641,0.0002
73.633,0.0002,-0.0002,2.9813,0.0002
73.653,0.0002,-0.0002,2.9986,0.0002
73.673,0.0002,-0.0002,3.0162,0.0002
73.693,0.0002,-0.0002,3.0344,0.0002
73.713,0.0002,-0.0002,3.0531,0.00021
73.733,0.0002,-0.0002,3.0721,0.00023
73.753,0.0002,-0.0002,3.0918,0.00023
73.773,0.0002,-0.0002,3.1126,0.00022
73.793,0.0002,-0.0002,3.1342,0.00019
73.813,0.0002,-0.0002,3.156,0.0002
73.833,0.0002,-0.0002,3.1775,0.0002
73.853,0.0002,-0.0002,3.1987,0.00021
73.873,0.0002,-0.0002,3.2196,0.00021
73.893,0.0002,-0.0002,3.2403,0.00021
73.913,0.0002,-0.0002,3.261,0.00021
73.933,0.0002,-0.0002,3.2817,0.00022
73.953,0.0002,-0.0002,3.302,0.00021
73.973,0.0002,-0.0002,3.3212,0.00021
73.993,0.0002,-0.0002,3.3394,0.00021
74.013,0.0002,-0.0002,3.3569,0.0002
74.033,0.0002,-0.0002,3.3744,0.0002
74.053,0.0002,-0.0002,3.3923,0.00019
74.073,0.0002,-0.0002,3.411,0.0002
74.093,0.0002,-0.0002,3.4303,0.0002
74.113,0.0002,-0.0002,3.4501,0.00019
74.133,0.0002,-0.0002,3.4707,0.00017
74.153,0.0002,-0.0002,3.4924,0.00019
74.173,0.0002,-0.0002,3.5147,0.0002
74.193,0.0002,-0.0002,3.5374,0.0002
74.213,0.0002,-0.0002,3.5597,0.00019
74.233,0.0002,-0.0002,3.5814,0.0002
74.253,0.0002,-0.0002,3.6026,0.0002
74.273,0.0002,-0.0002,3.6237,0.0002
74.293,0.0002,-0.0002,3.6443,0.00018
74.313,0.0002,-0.0002,3.6647,0.00019
74.333,0.0002,-0.0002,3.6848,0.00019
74.353,0.0002,-0.0002,3.7042,0.00019
74.373,0.0002,-0.0002,3.7225,0.00018
74.393,0.0002,-0.0002,3.7397,0.00017
74.413,0.0002,-0.0002,3.7567,0.00017
74.433,0.0002,-0.0002,3.7748,0.00017
74.453,0.0002,-0.0002,3.7937,0.00018
74.473,0.0002,-0.0002,3.8127,0.00019
74.493,0.0002,-0.0002,3.8323,0.0002
74.513,0.0002,-0.0002,3.8527,0.00019
74.533,0.0002,-0.0002,3.8741,0.0002
74.553,0.0002,-0.0002,3.8963,0.00018
74.573,0.0002,-0.0002,3.9183,0.00019
74.593,0.0002,-0.0002,3.9399,0.00021
74.613,0.0002,-0.0002,3.961,0.00019
74.633,0.0002,-0.0002,3.9816,0.00019
74.653,0.0002,-0.0002,4.0022,0.00017
74.673,0.0002,-0.0002,4.0227,0.00017
74.693,0.0002,-0.0002,4.0431,0.00017
74.713,0.0002,-0.0002,4.063,0.00018
74.733,0.0002,-0.0002,4.0818,0.00018
74.753,0.0002,-0.0002,4.0996,0.00019
74.773,0.0002,-0.0002,4.1166,0.00018
74.793,0.0002,-0.0002,4.1338,0.00018
74.813,0.0002,-0.0002,4.1517,0.00018
74.833,0.0002,-0.0002,4.1702,0.00019
74.853,0.0002,-0.0002,4.1894,0.00019
74.873,0.0002,-0.0002,4.2095,0.00018
74.893,0.0002,-0.0002,4.2306,0.00018
74.913,0.0002,-0.0002,4.253,0.00018
74.933,0.0002,-0.0002,4.2756,0.00018
74.953,0.0002,-0.0002,4.2977,0.00019
74.973,0.0002,-0.0002,4.3196,0.0002
74.993,0.0002,-0.0002,4.341,0.00019
75.013,0.0002,-0.0002,4.3617,0.00018
75.033,0.0002,-0.0002,4.3824,0.00018
75.053,0.0002,-0.0002,4.4032,0.00018
75.073,0.0002,-0.0002,4.4235,0.00018
75.093,0.0002,-0.0002,4.4431,0.00018
75.113,0.0002,-0.0002,4.4617,0.00017
75.133,0.0002,-0.0002,4.4794,0.00017
75.153,0.0002,-0.0002,4.4967,0.00017
75.173,0.0002,-0.0002,4.5145,0.00017
75.193,0.0002,-0.0002,4.5327,0.00017
75.213,0.0002,-0.0002,4.5516,0.00017
75.233,0.0002,-0.0002,4.5713,0.00017
75.253,0.0002,-0.0002,4.5915,0.00018
75.273,0.0002,-0.0002,4.6125,0.00018
75.293,0.0002,-0.0002,4.635,0.00018
75.313,0.0002,-0.0002,4.6576,0.00018
75.333,0.0002,-0.0002,4.6793,0.00019
75.353,0.0002,-0.0002,4.7007,0.00019
75.373,0.0002,-0.0002,4.7216,0.00017
75.393,0.0002,-0.0002,4.7423,0.00018
75.413,0.0002,-0.0002,4.7629,0.00018
75.433,0.0002,-0.0002,4.7835,0.00018
75.453,0.0002,-0.0002,4.8037,0.00017
75.473,0.0002,-0.0002,4.8228,0.00015
75.493,0.0002,-0.0002,4.841,0.00015
75.513,0.0002,-0.0002,4.8584,0.00016
75.533,0.0002,-0.0002,4.8758,0.00016
75.553,0.0002,-0.0002,4.8936,0.00016
75.573,0.0002,-0.0002,4.9117,0.00017
75.593,0.0002,-0.0002,4.9301,0.00017
75.613,0.0002,-0.0002,4.9497,0.00018
75.633,0.0002,-0.0002,4.9708,0.00017
75.653,0.0002,-0.0002,4.9928,0.00018
75.673,0.0002,-0.0002,5.0152,0.00018
75.693,0.0002,-0.0002,5.0376,0.00017
75.713,0.0002,-0.0002,5.0599,0.00015
75.733,0.0002,-0.0002,5.082,0.00014
75.753,0.0002,-0.0002,5.1034,0.00016
75.773,0.0002,-0.0002,5.1242,0.00015
75.793,0.0002,-0.0002,5.1447,0.00016
75.813,0.0002,-0.0002,5.1654,0.00016
75.833,0.0002,-0.0002,5.1856,0.00016
75.853,0.0002,-0.0002,5.2044,0.00014
75.873,0.0002,-0.0002,5.2221,0.00015
75.893,0.0002,-0.0002,5.2393,0.00016
75.913,0.0002,-0.0002,5.2568,0.00016
75.933,0.0002,-0.0002,5.2747,0.00016
75.953,0.0002,-0.0002,5.2932,0.00016
75.973,0.0002,-0.0002,5.3125,0.00015
75.993,0.0002,-0.0002,5.3321,0.00015
76.013,0.0002,-0.0002,5.3526,0.00016
76.033,0.0002,-0.0002,5.3739,0.00016
76.053,0.0002,-0.0002,5.3954,0.00016
76.073,0.0002,-0.0002,5.4174,0.00016
76.093,0.0002,-0.0002,5.4395,0.00017
76.113,0.0002,-0.0002,5.4608,0.00016
76.133,0.0002,-0.0002,5.4819,0.00016
76.153,0.0002,-0.0002,5.5034,0.00016
76.173,0.0002,-0.0002,5.5243,0.00016
76.193,0.0002,-0.0002,5.5444,0.00014
76.213,0.0002,-0.0002,5.5635,0.00015
76.233,0.0002,-0.0002,5.5816,0.00015
76.253,0.0002,-0.0002,5.5991,0.00015
76.273,0.0002,-0.0002,5.6163,0.00015
76.293,0.0002,-0.0002,5.6339,0.00016
76.313,0.0002,-0.0002,5.6523,0.00016
76.333,0.0002,-0.0002,5.6714,0.00015
76.353,0.0002,-0.0002,5.6909,0.00015
76.373,0.0002,-0.0002,5.7111,0.00014
76.393,0.0002,-0.0002,5.7323,0.00015
76.413,0.0002,-0.0002,5.7545,0.00015
76.433,0.0002,-0.0002,5.777,0.00016
76.453,0.0002,-0.0002,5.7991,0.00017
76.473,0.0002,-0.0002,5.8208,0.00017
76.493,0.0002,-0.0002,5.8421,0.00016
76.513,0.0002,-0.0002,5.8632,0.00014
76.533,0.0002,-0.0002,5.8841,0.00013
76.553,0.0002,-0.0002,5.905,0.00015
76.573,0.0002,-0.0002,5.9255,0.00016
76.593,0.0002,-0.0002,5.9452,0.00015
76.613,0.0002,-0.0002,5.9637,0.00015
76.633,0.0002,-0.0002,5.9811,0.00015
76.653,0.0002,-0.0002,5.9981,0.00015
76.673,0.0002,-0.0002,6.0159,0.00015
76.693,0.0002,-0.0002,6.0342,0.00016
76.713,0.0002,-0.0002,6.053,0.00016
76.733,0.0002,-0.0002,6.0721,0.00015
76.753,0.0002,-0.0002,6.0921,0.00014
76.773,0.0002,-0.0002,6.113,0.00015
76.793,0.0002,-0.0002,6.1347,0.00017
76.813,0.0002,-0.0002,6.1567,0.00017
76.833,0.0002,-0.0002,6.1789,0.00018
76.853,0.0002,-0.0002,6.2006,0.00017
76.873,0.0002,-0.0002,6.2215,0.00016
76.893,0.0002,-0.0002,6.2419,0.00016
76.913,0.0002,-0.0002,6.2625,0.00015
76.933,0.0002,-0.0002,6.2836,0.00015
76.953,0.0002,-0.0002,6.3042,0.00015
76.973,0.0002,-0.0002,6.3233,0.00015
76.993,0.0002,-0.0002,6.3413,0.00016
77.013,0.0002,-0.0002,6.3591,0.00014
77.033,0.0002,-0.0002,6.3766,0.00013
77.053,0.0002,-0.0002,6.3941,0.00015
77.073,0.0002,-0.0002,6.4122,0.00016
77.093,0.0002,-0.0002,6.4311,0.00015
77.113,0.0002,-0.0002,6.451,0.00016
77.133,0.0002,-0.0002,6.4718,0.00017
77.153,0.0002,-0.0002,6.4933,0.00016
77.173,0.0002,-0.0002,6.5155,0.00015
77.193,0.0002,-0.0002,6.5377,0.00015
77.213,0.0002,-0.0002,6.5596,0.00015
77.233,0.0002,-0.0002,6.5812,0.00014
77.253,0.0002,-0.0002,6.6023,0.00016
77.273,0.0002,-0.0002,6.623,0.00016
77.293,0.0002,-0.0002,6.6434,0.00015
77.313,0.0002,-0.0002,6.6637,0.00015
77.333,0.0002,-0.0002,6.6834,0.00015
77.353,0.0002,-0.0002,6.7021,0.00015
77.373,0.0002,-0.0002,6.7199,0.00013
77.393,0.0002,-0.0002,6.7374,0.00015
77.413,0.0002,-0.0002,6.7551,0.00016
77.433,0.0002,-0.0002,6.7734,0.00015
77.453,0.0002,-0.0002,6.7921,0.00015
77.473,0.0002,-0.0002,6.8112,0.00014
77.493,0.0002,-0.0002,6.8309,0.00015
77.513,0.0002,-0.0002,6.8516,0.00015
77.533,0.0002,-0.0002,6.8733,0.00015
77.553,0.0002,-0.0002,6.8954,0.00014
77.573,0.0002,-0.0002,6.9173,0.00013
77.593,0.0002,-0.0002,6.9388,0.00013
77.613,0.0002,-0.0002,6.9597,0.00014
77.633,0.0002,-0.0002,6.9801,0.00013
77.653,0.0002,-0.0002,7.0013,0.00014
77.673,0.0002,-0.0002,7.023,0.00015
77.693,0.0002,-0.0002,7.0437,0.00013
77.713,0.0002,-0.0002,7.0627,0.00013
77.733,0.0002,-0.0002,7.0809,0.00012
77.753,0.0002,-0.0002,7.0987,0.00013
77.773,0.0002,-0.0002,7.1161,0.00013
77.793,0.0002,-0.0002,7.1337,0.00014
77.813,0.0002,-0.0002,7.1525,0.00014
77.833,0.0002,-0.0002,7.1715,0.00014
77.853,0.0002,-0.0002,7.1909,0.00015
77.873,0.0002,-0.0002,7.2115,0.00015
77.893,0.0002,-0.0002,7.2328,0.00015
77.913,0.0002,-0.0002,7.2548,0.00013
77.933,0.0002,-0.0002,7.2773,0.00016
77.953,0.0002,-0.0002,7.2998,0.00016
77.973,0.0002,-0.0002,7.322,0.00015
77.993,0.0002,-0.0002,7.3431,0.00015
78.013,0.0002,-0.0002,7.3635,0.00015
78.033,0.0002,-0.0002,7.384,0.00016
78.053,0.0002,-0.0002,7.405,0.00014
78.073,0.0002,-0.0002,7.4256,0.00012
78.093,0.0002,-0.0002,7.4451,0.00012
78.113,0.0002,-0.0002,7.4631,0.00012
78.133,0.0002,-0.0002,7.4801,0.00013
78.153,0.0002,-0.0002,7.4973,0.00013
78.173,0.0002,-0.0002,7.5151,0.00014
78.193,0.0002,-0.0002,7.5334,0.00016
78.213,0.0002,-0.0002,7.5523,0.00016
78.233,0.0002,-0.0002,7.5714,0.00013
78.253,0.0002,-0.0002,7.5912,0.00013
78.273,0.0002,-0.0002,7.6114,0.00014
78.293,0.0002,-0.0002,7.6326,0.00016
78.313,0.0002,-0.0002,7.6549,0.00015
78.333,0.0002,-0.0002,7.6771,0.00016
78.353,0.0002,-0.0002,7.6986,0.00015
78.373,0.0002,-0.0002,7.7196,0.00015
78.393,0.0002,-0.0002,7.7405,0.00015
78.413,0.0002,-0.0002,7.7614,0.00014
78.433,0.0002,-0.0002,7.782,0.00014
78.453,0.0002,-0.0002,7.8023,0.00013
78.473,0.0002,-0.0002,7.8215,0.00012
78.493,0.0002,-0.0002,7.8395,0.00013
78.513,0.0002,-0.0002,7.8569,0.00014
78.533,0.0002,-0.0002,7.8741,0.00014
78.553,0.0002,-0.0002,7.8919,0.00015
78.573,0.0002,-0.0002,7.9107,0.00015
78.593,0.0002,-0.0002,7.9301,0.00015
78.613,0.0002,-0.0002,7.9498,0.00014
78.633,0.0002,-0.0002,7.97,0.00013
78.653,0.0002,-0.0002,7.9916,0.00015
78.673,0.0002,-0.0002,8.0144,0.00015
78.693,0.0002,-0.0002,8.037,0.00015
78.713,0.0002,-0.0002,8.0598,0.00016
78.733,0.0002,-0.0002,8.0826,0.00016
78.753,0.0002,-0.0002,8.104,0.00014
78.773,0.0002,-0.0002,8.1243,0.00014
78.793,0.0002,-0.0002,8.1444,0.00014
78.813,0.0002,-0.0002,8.1649,0.00016
78.833,0.0002,-0.0002,8.1849,0.00015
78.853,0.0002,-0.0002,8.2036,0.00015
78.873,0.0002,-0.0002,8.2211,0.00015
78.893,0.0002,-0.0002,8.2383,0.00017
78.913,0.0002,-0.0002,8.2556,0.00016
78.933,0.0002,-0.0002,8.2732,0.00015
78.953,0.0002,-0.0002,8.2917,0.00016
78.973,0.0002,-0.0002,8.3109,0.00017
78.993,0.0002,-0.0002,8.3305,0.00015
79.013,0.0002,-0.0002,8.3504,0.00015
79.033,0.0002,-0.0002,8.3715,0.00015
79.053,0.0002,-0.0002,8.3936,0.00016
79.073,0.0002,-0.0002,8.4155,0.00016
79.093,0.0002,-0.0002,8.4372,0.00016
79.113,0.0002,-0.0002,8.4585,0.00016
79.133,0.0002,-0.0002,8.4793,0.00016
79.153,0.0002,-0.0002,8.5001,0.00014
79.173,0.0002,-0.0002,8.5209,0.00015
79.193,0.0002,-0.0002,8.5414,0.00015
79.213,0.0002,-0.0002,8.5612,0.00016
79.233,0.0002,-0.0002,8.58,0.00015
79.253,0.0002,-0.0002,8.5978,0.00014
79.273,0.0002,-0.0002,8.6149,0.00016
79.293,0.0002,-0.0002,8.632,0.00017
79.313,0.0002,-0.0002,8.6501,0.00016
79.333,0.0002,-0.0002,8.6692,0.00017
79.353,0.0002,-0.0002,8.6888,0.00017
79.373,0.0002,-0.0002,8.709,0.00017
79.393,0.0002,-0.0002,8.7302,0.00018
79.413,0.0002,-0.0002,8.7521,0.00017
79.433,0.0002,-0.0002,8.7743,0.00016
79.453,0.0002,-0.0002,8.796,0.00015
79.473,0.0002,-0.0002,8.8175,0.00016
79.493,0.0002,-0.0002,8.8393,0.00016
79.513,0.0002,-0.0002,8.8611,0.00015
79.533,0.0002,-0.0002,8.8818,0.00015
79.553,0.0002,-0.0002,8.9021,0.00015
79.573,0.0002,-0.0002,8.9232,0.00014
79.593,0.0002,-0.0002,8.9439,0.00014
79.613,0.0002,-0.0002,8.9625,0.00013
79.633,0.0002,-0.0002,8.9798,0.00013
79.653,0.0002,-0.0002,8.9965,0.00015
79.673,0.0002,-0.0002,9.0136,0.00014
79.693,0.0002,-0.0002,9.0316,0.00014
79.713,0.0002,-0.0002,9.0508,0.00014
79.733,0.0002,-0.0002,9.0709,0.00013
79.753,0.0002,-0.0002,9.0913,0.00013
79.773,0.0002,-0.0002,9.1121,0.00013
79.793,0.0002,-0.0002,9.1337,0.00013
79.813,0.0002,-0.0002,9.1559,0.00013
79.833,0.0002,-0.0002,9.1779,0.00014
79.853,0.0002,-0.0002,9.1994,0.00014
79.873,0.0002,-0.0002,9.2207,0.00014
79.893,0.0002,-0.0002,9.2415,0.00014
79.913,0.0002,-0.0002,9.262,0.00014
79.933,0.0002,-0.0002,9.2826,0.00013
79.953,0.0002,-0.0002,9.3029,0.00012
79.973,0.0002,-0.0002,9.3224,0.00012
79.993,0.0002,-0.0002,9.3406,0.00014
80.013,0.0002,-0.0002,9.3581,0.00015
80.033,0.0002,-0.0002,9.3756,0.00015
80.053,0.0002,-0.0002,9.3933,0.00014
80.073,0.0002,-0.0002,9.4118,0.00015
80.093,0.0002,-0.0002,9.4313,0.00015
80.113,0.0002,-0.0002,9.4515,0.00014
80.133,0.0002,-0.0001,9.4723,0.00015
80.153,0.0002,-0.0002,9.4939,0.00016
80.173,0.0002,-0.0002,9.5164,0.00015
80.193,0.0002,-0.0002,9.539,0.00015
80.213,0.0002,-0.0002,9.5612,0.00014
80.233,0.0002,-0.0002,9.5829,0.00013
80.253,0.0002,-0.0002,9.6039,0.00014
80.273,0.0002,-0.0002,9.6243,0.00015
80.293,0.0002,-0.0002,9.6451,0.00014
80.313,0.0002,-0.0002,9.6656,0.00015
80.333,0.0002,-0.0002,9.6854,0.00015
80.353,0.0002,-0.0002,9.7044,0.00014
80.373,0.0002,-0.0002,9.7226,0.00013
80.393,0.0002,-0.0002,9.7396,0.00013
80.413,0.0002,-0.0002,9.7565,0.00013
80.433,0.0002,-0.0002,9.7748,0.00013
80.453,0.0002,-0.0002,9.7945,0.00014
80.473,0.0002,-0.0002,9.8141,0.00015
80.493,0.0002,-0.0001,9.8337,0.00014
80.513,0.0002,-0.0002,9.8537,0.00015
80.533,0.0002,-0.0001,9.8747,0.00015
80.553,0.0002,-0.0002,9.8966,0.00015
80.573,0.0002,-0.0002,9.9182,0.00014
80.593,0.0002,-0.0002,9.9395,0.00015
80.613,0.0002,-0.0002,9.9606,0.00013
80.633,0.0002,-0.0001,9.9812,0.00015
80.653,0.0002,-0.0002,9.9999,0.00013
80.673,0.0002,-0.0001,10.0094,0.00009
80.693,0.0002,-0.0002,10.0117,0.00005
80.713,0.0002,-0.0002,10.0114,0.00004
80.733,0.0002,-0.0002,10.0109,0.00003
80.753,0.0002,-0.0002,10.0107,0.00001
80.773,0.0002,-0.0002,10.0107,0.00001
80.793,0.0002,-0.0002,10.0107,0.00001
80.81,0.0002,-0.0001,10.0107,0.00001
80.811,0.0002,-0.0001,10.0107,0.00001
80.831,0.0002,-0.0002,10.0107,0.00002
